X_Minimum,X_Maximum,Y_Minimum,Y_Maximum,Pixels_Areas,X_Perimeter,Y_Perimeter,Sum_of_Luminosity,Minimum_of_Luminosity,Maximum_of_Luminosity,Length_of_Conveyer,Steel_Plate_Thickness,Edges_Index,Empty_Index,Square_Index,Outside_X_Index,Edges_X_Index,Edges_Y_Index,Outside_Global_Index,LogOfAreas,Log_X_Index,Log_Y_Index,Orientation_Index,Luminosity_Index,SigmoidOfAreas,class
-0.6194895591647331,-0.6140350877192983,0.22813751203706284,0.22813098491659675,-0.43037974683544306,0.20833333333333334,-0.7368421052631579,-0.4234484735559696,0.6153846153846154,0.0,0.8562691131498471,-0.02,-0.20820917043160625,0.18049010367577753,-1.123660922217047,0.8961038961038957,1.0287529254429955,0.045654565456545525,0.0,-0.6791167973586465,0.9345127250155186,-1.6490891658676898,-1.5179542981501633,0.30990990990990996,-0.2917099522127571,Other_Faults
-0.6624129930394431,-0.672514619883041,-0.2083759550104422,-0.2083838992907574,-0.46835443037974683,0.041666666666666664,0.21052631578947367,-0.45629926902680235,0.5769230769230769,0.18181818181818182,0.28440366972477066,0.6,-0.23608574449677977,1.268143261074458,0.6676758267349793,0.012987012987012906,-0.3390170511534605,-2.4548954895489556,0.0,-0.7734213784564592,0.0,-0.3421449116559377,-0.3222446758899425,0.4461261261261262,-0.15998337835030127,Other_Faults
-0.41067285382830626,-0.41871345029239765,0.8828716868822706,0.8828772777032856,-0.36075949367088606,-0.3333333333333333,-0.3684210526315789,-0.4107782714633797,-0.4230769230769231,-0.8181818181818182,0.7614678899082569,0.6,0.22858790733442272,0.5593779453345897,0.4883558453656265,-0.10389610389610393,1.0287529254429955,0.045654565456545525,0.0,-0.5280643829962859,0.0,-0.4456923709080945,-0.44193999689103064,-0.5390990990990989,-0.19509661333887382,Other_Faults
-0.04408352668213457,-0.04912280701754386,-0.1139675158394862,-0.11397108806194611,0.12658227848101267,0.0,0.05263157894736842,0.07636519994266877,0.038461538461538464,-0.9090909090909091,0.7706422018348624,0.0,0.9741420744016148,-0.08152686145146078,0.19981369352585002,-0.10389610389610393,-0.24473420260782358,-0.24367436743674376,1.0,0.13021048287247197,0.0,0.14025475962197,0.22913104305922588,-0.3034234234234234,0.07749844172034073,Bumps
0.39559164733178653,0.3929824561403509,0.7616196114586001,0.7616262695616296,0.056962025316455694,-0.3333333333333333,-0.10526315789473684,0.07126272036691988,-0.38461538461538464,0.5454545454545454,-0.0030581039755351682,-0.6,-0.04133423051042971,-0.46324222431668227,0.26455519329296706,-0.012987012987013132,0.7716482781678368,0.045654565456545525,1.0,0.0608749484110599,-0.1076970825574176,0.0,0.1859163687237681,0.1412612612612613,-0.05568252649075418,Other_Faults
-0.30162412993039445,-0.312280701754386,-0.34164800078257346,-0.34165608452112384,-0.0759493670886076,-0.4583333333333333,-0.15789473684210525,-0.14441737136305002,-0.7692307692307693,-0.36363636363636365,0.9571865443425076,0.2,0.4058444679419396,-0.7450518378887838,0.07056357708430368,-0.37662337662337664,1.0287529254429955,0.045654565456545525,1.0,-0.08811390837804456,-0.35350713842333914,-0.07670182166826471,0.31540494326130886,-0.5189189189189187,-0.17639725742779963,Other_Faults
-0.5603248259860789,-0.5251461988304094,-0.1093325563697428,-0.10930766866108006,6.120253164556962,7.125,6.105263157894737,7.359151497778415,0.8461538461538461,2.090909090909091,0.9785932721712538,0.2,-0.10516197250793043,1.49387370405278,0.16744294364229176,2.766233766233766,-1.426613172851889,-2.4994499449945002,1.0,1.9236483697895164,1.8426443202979517,1.7893439254896595,0.2507383802269548,1.0428828828828829,1.3486391024309161,Bumps
0.345707656612529,0.34619883040935673,1.1483844434077917,1.1483929295051605,-0.14556962025316456,0.0,-0.3157894736842105,-0.23763795327504658,-0.38461538461538464,-1.4545454545454546,-0.03669724770642202,0.2,0.0463327886186677,-0.3996229971724786,0.07056357708430368,0.28571428571428553,0.07355399531929127,-0.8712871287128714,0.0,-0.17746595130004184,0.19304779639975178,-0.5591014929461718,-0.7208145499766827,-0.7848648648648647,-0.17639725742779963,Bumps
0.31206496519721577,0.3157894736842105,-0.04668776319159533,-0.0466941500041154,-0.4240506329113924,0.375,-0.05263157894736842,-0.47659452486742154,-0.34615384615384615,-0.2727272727272727,-0.04281345565749235,4.6,0.11535134095933862,1.4472196041470307,-0.05891942244993012,0.5714285714285713,-0.30859244399866276,-1.895489548954896,0.0,-0.664259182831201,0.43885785226567403,-0.4456923709080945,-0.8072438986475983,-0.6544144144144143,-0.03739871182214838,Other_Faults
0.36310904872389793,0.35555555555555557,0.5722094919636335,0.5722100279557977,-0.5063291139240507,-0.5416666666666666,-0.47368421052631576,-0.516611724236778,0.11538461538461539,0.45454545454545453,0.9571865443425076,0.0,0.6153994040180715,-0.2426955702167765,0.5880298090358642,-0.5324675324675324,1.0287529254429955,0.045654565456545525,1.0,-0.8790755262071812,-0.6542520173805085,-0.6845637583892618,-0.030001554484688303,0.05549549549549558,-0.3606897984624973,Other_Faults
0.4593967517401392,0.45263157894736844,0.5086879851311047,0.5086866507713155,-0.4810126582278481,-0.5416666666666666,-0.5789473684210527,-0.46644689694711194,0.34615384615384615,1.3636363636363635,0.7522935779816514,0.0,0.3158704219936556,-1.4769085768143255,0.5556590591523057,-0.5064935064935066,1.0287529254429955,0.045654565456545525,0.0,-0.8072637226578624,-0.6542520173805085,-0.9834269278181074,-0.39701538939841435,0.5145945945945947,-0.39206316226885507,Other_Faults
-0.22157772621809746,-0.23508771929824562,1.6757526878610132,1.6757684951755145,-0.43037974683544306,4.708333333333333,-0.3684210526315789,-0.4323921456213272,0.2692307692307692,0.0,0.8379204892966361,0.2,0.5940594059405938,-0.7728557964184728,0.0,-0.5844155844155844,-0.18689401537947192,0.045654565456545525,1.0,-0.6791167973586465,-0.8342644320297948,-0.4456923709080945,0.36250582931758124,0.16288288288288294,-0.3505090380220236,Bumps
0.5603248259860789,0.5590643274853802,1.181034795592134,1.181043702398424,-0.3987341772151899,-0.2916666666666667,-0.42105263157894735,-0.40332521140891503,0.3076923076923077,0.0,0.9663608562691132,-0.2,0.22397385369604905,0.34637134778510836,0.4585468095016304,-0.22077922077922077,0.550986292209963,0.045654565456545525,0.0,-0.6073049938093276,-0.1076970825574176,-0.5591014929461718,-0.4618374009016011,0.10522522522522533,-0.25368792852690625,Bumps
-0.43155452436194897,-0.39883040935672515,0.6362658624953259,0.6362661720121732,0.620253164556962,1.2083333333333333,0.0,0.654378672781998,0.4230769230769231,-0.09090909090909091,-0.04281345565749235,-0.6,-0.14851485148514856,-0.2704995287464653,-1.1425244527247322,3.4415584415584406,0.8950183884988295,-3.3157315731573163,0.0,0.5094923648369781,1.7607076350093112,-0.9834269278181074,-1.5305456241256024,0.13909909909909918,0.4261375441512571,Other_Faults
-0.8619489559164734,-0.8654970760233918,0.47591035957881983,0.475916491816927,0.7088607594936709,0.16666666666666666,0.21052631578947367,0.8754479002436577,0.46153846153846156,1.1818181818181819,-0.05504587155963303,1.0,-0.6817264250696914,0.3284637134778512,0.6350721937587334,0.7792207792207791,0.36008024072216654,0.045654565456545525,1.0,0.5633512174989674,0.5806952203600249,0.37885221202575026,-0.06140214518886988,0.6681081081081081,0.7558695200498649,Other_Faults
0.43735498839907194,0.43742690058479533,-0.4921082623030484,-0.4921172329045866,-0.05063291139240506,0.20833333333333334,-0.05263157894736842,0.04110649276193206,0.8461538461538461,1.1818181818181819,-0.0061162079510703364,-0.6,-0.15014899548207244,0.5230914231856739,0.4357242664182582,0.18181818181818182,-0.5142092945503177,0.045654565456545525,1.0,-0.057779612051176266,0.09993792675356922,0.07231886043007804,0.0716617441318203,0.8072072072072073,0.09058799085809272,Other_Faults
-0.3004640371229698,-0.3111111111111111,-0.4161144913351555,-0.41612406052505146,-0.11392405063291139,-0.3333333333333333,-0.21052631578947367,-0.13197649419521285,-0.11538461538461539,0.45454545454545453,0.9541284403669725,0.0,0.40872825146592323,-0.8034872761545708,0.18141592920354002,-0.37662337662337664,0.2571046472751587,0.045654565456545525,1.0,-0.13578208832026473,-0.35350713842333914,-0.15888234488426262,0.2414114720969999,-0.09225225225225209,-0.20299189694577185,Bumps
-0.14733178654292342,-0.1567251461988304,-0.220550546723263,-0.2205607515957367,-0.4050632911392405,-0.375,-0.5263157894736842,-0.4146194639529884,-0.15384615384615385,0.6363636363636364,0.8623853211009175,0.2,-0.14851485148514856,-0.8708765315739864,0.3809967396367026,-0.36363636363636365,0.47141424272818455,0.045654565456545525,0.0,-0.6211308295501445,-0.35350713842333914,-0.8245445829338448,-0.5136017410228509,0.03171171171171182,-0.3442759193849989,Other_Faults
0.25754060324825984,0.25263157894736843,-0.13042943191374443,-0.13043794962066,-0.379746835443038,-0.3333333333333333,-0.42105263157894735,-0.39971334384405904,-0.15384615384615385,-0.18181818181818182,-0.03058103975535168,0.0,0.2762664615976159,-0.3378887841658811,0.4233814625058223,-0.09090909090909102,0.5142092945503174,-0.5044004400440045,0.0,-0.5668592653735041,-0.22501551831160702,-0.6845637583892618,-0.48531011969532095,-0.12540540540540537,-0.30292956575940155,Other_Faults
0.9292343387470998,0.935672514619883,-0.4490346420226157,-0.44903779831066093,0.4050632911392405,0.9583333333333334,0.5263157894736842,0.5527303998853376,0.6538461538461539,1.1818181818181819,0.9724770642201835,4.6,-0.504277612227242,0.8049010367577755,-0.10200279459711215,0.0909090909090908,-1.0989635573386827,-0.15071507150715063,1.0,0.3633924886504331,0.2799503414028555,0.6226544308998772,0.43059225866625217,0.7589189189189189,0.7330147517141076,Other_Faults
-0.7204176334106729,-0.7192982456140351,2.4537900378611974,2.4538127148258817,-0.3291139240506329,0.125,-0.5789473684210527,-0.2375232908126702,0.9615384615384616,2.1818181818181817,0.8440366972477065,-0.02,-0.40949726040565215,-0.21536286522148892,-0.975780158360503,0.6623376623376621,0.8893346706787028,-1.525852585258526,0.0,-0.4671894345852251,0.7690875232774673,-1.3836460758800169,-1.4192445204414736,1.3210810810810811,-0.26573862455848735,Bumps
0.7900232018561485,0.8,2.226071686461532,2.2260935329306992,-0.2848101265822785,0.20833333333333334,-0.2631578947368421,-0.22049591514977784,0.7692307692307693,1.4545454545454546,0.8440366972477065,-0.02,-0.32567528597519946,0.726201696512724,-0.43409408476944567,0.4285714285714284,0.2571046472751587,-1.6468646864686471,0.0,-0.38815517952950906,0.5806952203600249,-0.6845637583892618,-1.057671381936888,0.8792792792792793,-0.09162684396426339,Other_Faults
-0.8735498839907193,-0.8888888888888888,-0.4732865296917723,-0.47329262812109746,0.13924050632911392,-0.375,0.21052631578947367,0.1798480722373513,0.15384615384615385,1.1818181818181819,0.9571865443425076,2.6,-0.7178698452369507,-0.3138548539114042,-0.42361434559850947,-0.37662337662337664,0.47141424272818455,0.045654565456545525,1.0,0.14217911679735806,-0.35350713842333914,0.37885221202575026,0.6451111456552153,0.29405405405405416,0.0319966756700603,Other_Faults
0.30162412993039445,0.3087719298245614,-0.1377650060297073,-0.13777467011711667,-0.3291139240506329,0.041666666666666664,-0.42105263157894735,-0.257703884190913,0.5384615384615384,1.9090909090909092,0.9724770642201835,1.46,0.7136402960684416,0.4627709707822808,-0.7058686539357243,0.46753246753246736,0.8769642260113673,-1.6045104510451051,0.0,-0.4671894345852251,0.6464928615766609,-0.9834269278181074,-1.239079745064511,1.0601801801801802,-0.1845003116559318,Other_Faults
0.41299303944315546,0.4128654970760234,5.268405333069671,5.268469010507814,0.0949367088607595,-0.041666666666666664,-0.21052631578947367,0.10657875877884478,0.038461538461538464,0.0,-0.03669724770642202,-0.6,-0.11458233201960967,-0.539114043355325,0.8467629250116443,0.19480519480519473,0.025743898361751682,0.045654565456545525,0.5,0.0992571192736273,0.09993792675356922,-0.15888234488426262,-0.20270480335768692,0.11387387387387392,-0.04342405983793886,Other_Faults
0.9350348027842227,0.9438596491228071,1.0872122346521202,1.087223088107176,-0.18354430379746836,0.5833333333333334,0.10526315789473684,-0.23345277339830872,0.07692307692307693,-1.0,0.9724770642201835,0.0,-0.5202345477266173,1.279453345900094,0.5880298090358642,0.23376623376623368,-0.595118689401538,-1.0544554455445545,0.0,-0.23029302517540262,0.43885785226567403,0.0,-0.3754080522306855,-0.40936936936936924,0.2605443590276335,Other_Faults
-0.6264501160092807,-0.6175438596491228,0.2864292404777695,0.28642714597102287,-0.012658227848101266,1.25,0.9473684210526315,0.08725813386842482,0.6538461538461539,1.9090909090909092,-0.01834862385321101,0.2,-0.11169854849562631,1.0377002827521205,-0.5987424312994876,1.61038961038961,-0.4135740554998329,-3.773927392739275,0.0,-0.014032191498143082,1.0816263190564865,-0.4456923709080945,-1.1675734494015233,0.8281081081081082,0.3677539995844588,Bumps
-0.740139211136891,-0.7532163742690059,-0.041023046472134755,-0.04102988622298003,-0.3924050632911392,-0.2916666666666667,-0.42105263157894735,-0.3951268453490039,0.23076923076923078,0.36363636363636365,0.9480122324159022,-0.2,-0.45525329231952316,0.07163053722902941,0.6350721937587334,-0.29870129870129875,0.3122701437646269,0.045654565456545525,0.0,-0.5936855138258361,-0.22501551831160702,-0.5591014929461718,-0.34400746152650397,0.13045045045045048,-0.2775815499688344,Bumps
0.2459396751740139,0.23976608187134502,-0.08304534665952112,-0.08304799451139677,-0.13291139240506328,-0.125,0.05263157894736842,-0.1081267020209259,0.5769230769230769,0.45454545454545453,-0.0061162079510703364,-0.6,-0.14851485148514856,0.24505183788878432,-0.25640428504890544,-0.19480519480519484,-0.4570377800066868,0.045654565456545525,1.0,-0.16054477919934027,-0.35350713842333914,0.20435556773044794,0.5336545935022541,0.30054054054054063,-0.061707874506544774,Other_Faults
0.13225058004640372,0.12514619883040937,0.9850522162658519,0.9850580718520012,-0.4177215189873418,-0.4166666666666667,-0.47368421052631576,-0.46638956571592377,-0.5769230769230769,-0.8181818181818182,0.9602446483180428,-0.2,1.0656541382293567,-0.34731385485391125,0.6138798323241734,-0.37662337662337664,0.7248411902373787,0.045654565456545525,0.0,-0.6496079240610815,-0.35350713842333914,-0.6845637583892618,-0.35815327219026893,-0.5837837837837837,-0.32308331601911483,Bumps
-0.5638051044083526,-0.52046783625731,0.6555440962775695,0.6555436023402823,-0.0379746835443038,1.5416666666666667,-0.2631578947368421,0.025684391572309017,0.8076923076923077,0.6363636363636364,-0.05504587155963303,-0.6,0.04690954532346433,0.9165881244109332,-1.281322775966465,4.415584415584414,1.0287529254429955,-3.3393839383938397,0.0,-0.04292199752373167,2.0158286778398513,-1.3836460758800169,-1.6231929115498214,0.5664864864864865,0.2674007895283607,Other_Faults
0.34106728538283065,0.3485380116959064,1.2474956861165267,1.247506501149551,-0.06329113924050633,0.2916666666666667,-0.10526315789473684,-0.19177296832449478,-0.5,-1.4545454545454546,-0.024464831804281346,0.2,0.04960107661251559,0.692742695570217,-0.15137401024685598,0.857142857142857,0.1929120695419591,-1.3294829482948298,0.0,-0.07284358233594783,0.6464928615766609,-0.3421449116559377,-0.8689569407741333,-1.0104504504504503,0.13733638063577808,Bumps
-0.4408352668213457,-0.45380116959064326,-0.18564240706546006,-0.18564269540066514,0.25949367088607594,0.16666666666666666,0.42105263157894735,0.18105202809230328,0.038461538461538464,-0.8181818181818182,-0.0061162079510703364,-0.6,0.3347111410170143,-0.5042412818096134,-0.6758267349790406,-0.28571428571428575,-1.1109996656636576,0.045654565456545525,1.0,0.24907139909203418,-0.49565487274984427,0.5777290782084651,0.8137727343385669,-0.44036036036036025,0.07749844172034073,Other_Faults
-0.6380510440835266,-0.6538011695906433,-0.4464975894318927,-0.4465028167484444,-0.06962025316455696,-0.08333333333333333,0.3157894736842105,0.14114949118532322,1.5384615384615385,2.6363636363636362,-0.06422018348623854,0.6,-0.13303854657310396,-0.09754948162111211,-0.672100605496041,-0.37662337662337664,-0.9067201604814444,-0.18371837183718367,1.0,-0.08047874535699574,-0.6542520173805085,0.4317216819613752,0.811130110368413,1.8291891891891892,-0.07978391855391645,Other_Faults
0.26450116009280744,0.2596491228070175,1.596887377269292,1.5969111091885455,0.0759493670886076,0.16666666666666666,0.5263157894736842,0.09442453776694855,0.3076923076923077,0.45454545454545453,-0.05504587155963303,2.6,0.24262232048447555,0.7568331762488217,-0.5670703306939915,-0.09090909090909102,-0.843530591775326,0.045654565456545525,1.0,0.08027238959966967,-0.22501551831160702,0.6659361731269694,0.7410228509249184,0.1657657657657658,0.32973197589860803,Bumps
-0.7378190255220418,-0.7555555555555555,-0.49583758235296904,-0.4958497565865474,-0.5949367088607594,-0.5,-0.3157894736842105,-0.48657015909416657,2.769230769230769,5.0,-0.06422018348623854,2.6,-0.37758338940690184,0.8180961357210178,0.0,-0.4675324675324676,0.2858575727181545,-0.412541254125413,1.0,-1.1879900949236482,-0.8342644320297948,-0.4456923709080945,0.36250582931758124,3.5409009009009007,-0.3505090380220236,Other_Faults
0.6206496519721578,0.6198830409356725,-0.4647665769617323,-0.46476678038145164,0.7341772151898734,0.125,0.7894736842105263,0.4919019635946682,-1.1153846153846154,-0.2727272727272727,-0.04892966360856269,2.1,-0.6252042679996155,-0.004712535344015083,-0.6353050768514207,0.0,-0.6429287863590772,0.045654565456545525,1.0,0.5782088320264129,-0.1076970825574176,0.8612518833036573,0.7865692522928649,-0.9902702702702699,0.6243507168086432,Other_Faults
0.5545243619489559,0.5497076023391813,-0.04450623455429866,-0.04450733395936509,0.03164556962025317,-0.20833333333333334,0.15789473684210525,0.025512397878744444,0.38461538461538464,-0.18181818181818182,-0.15902140672782875,-0.6,-0.5519561664904353,-0.4170593779453343,-0.48393106660456453,-0.2597402597402598,-0.43396857238381814,0.045654565456545525,1.0,0.03446141147337951,-0.49565487274984427,0.32351732639364505,0.6855277475516868,-0.002882882882882765,-0.06482443382505713,Bumps
0.4547563805104408,0.45146198830409356,-0.5343640723059988,-0.5343762170343924,-0.13924050632911392,-0.4166666666666667,-0.3157894736842105,-0.09385122545506665,0.19230769230769232,0.6363636363636364,-0.06422018348623854,2.3,-0.2297414207440161,-0.8850141376060316,0.652771308802981,-0.09090909090909102,1.0287529254429955,0.045654565456545525,1.0,-0.1690053652496906,-0.22501551831160702,-0.3421449116559377,-0.07321622882014611,0.4951351351351352,-0.22376895906918756,Bumps
-0.7610208816705336,-0.775438596491228,-0.4968010733036748,-0.4968106303031801,-0.17088607594936708,-0.4583333333333333,-0.05263157894736842,0.1284219578615451,2.230769230769231,4.363636363636363,-0.06422018348623854,0.6,-0.43429779871191,-0.07540056550424107,-0.026548672566371605,-0.18181818181818182,1.0287529254429955,-0.2777777777777778,1.0,-0.21234007428807256,-0.35350713842333914,0.0,0.3802269547644956,2.993153153153153,-0.14897153542489086,Other_Faults
-0.6983758700696056,-0.7111111111111111,0.12886954427193587,0.1288664714239996,-0.13924050632911392,-0.4166666666666667,-0.2631578947368421,-0.14080550379819406,0.038461538461538464,0.09090909090909091,0.8562691131498471,0.2,-0.36624050754590015,-0.5942507068803013,0.4883558453656265,-0.28571428571428575,1.0287529254429955,0.045654565456545525,1.0,-0.1690053652496906,-0.22501551831160702,-0.24708943980276699,0.036530390175656804,0.05981981981981993,-0.19509661333887382,Bumps
0.41183294663573083,0.4093567251461988,-0.38687737947290946,-0.38688762379401015,-0.056962025316455694,-0.20833333333333334,-0.3157894736842105,-0.23385409201662605,-1.5,-1.4545454545454546,-0.03669724770642202,0.2,-0.10612323368259159,-0.9952874646559845,0.8467629250116443,0.0,0.1929120695419591,0.045654565456545525,0.5,-0.06520841931489901,-0.1076970825574176,-0.3421449116559377,-0.20270480335768692,-1.4025225225225224,-0.19239559526282984,Bumps
-0.8897911832946636,-0.8923976608187134,-0.08796325270758312,-0.08789864491561325,11.525316455696203,1.9583333333333333,7.578947368421052,7.4429124265443605,-1.5,-2.5454545454545454,0.9571865443425076,0.2,-0.7497837162357011,-0.07634307257304423,-1.1492780624126688,0.48051948051948046,-1.2821798729521898,-0.46369636963696403,1.0,2.4403631861328923,0.6464928615766609,2.638542665388304,1.1296440230063733,-2.1326126126126126,1.3486391024309161,Other_Faults
0.2459396751740139,0.2432748538011696,-0.17080506716299773,-0.17081357919148288,-0.43670886075949367,-0.25,-0.3684210526315789,-0.40699441020495913,0.6538461538461539,1.2727272727272727,-0.04281345565749235,2.1,0.29068537921753335,0.760603204524034,0.30926874708896146,0.10389610389610371,0.583082581076563,-0.4543454345434545,0.0,-0.6941807676434175,0.0,-0.5591014929461718,-0.5614798694232861,0.6954954954954955,-0.22875545397880737,Bumps
-0.3271461716937355,-0.34035087719298246,0.029868219471878635,0.029863345034394494,-0.33544303797468356,-0.4166666666666667,-0.3157894736842105,-0.35321771535043717,-0.15384615384615385,-0.18181818181818182,0.9847094801223242,-0.2,0.34970681534172815,-0.782280867106503,0.07056357708430368,-0.5324675324675324,0.11701771982614483,0.045654565456545525,1.0,-0.4789517127527861,-0.6542520173805085,-0.3421449116559377,0.31540494326130886,-0.09297297297297293,-0.30978599626012876,Other_Faults
-0.8793503480278422,-0.895906432748538,-0.4761922543111224,-0.4761989161113067,-0.0189873417721519,-0.2916666666666667,0.15789473684210525,-0.025340404185179875,0.07692307692307693,1.2727272727272727,0.9571865443425076,2.6,-0.7292127270979524,-0.21771913289349648,-0.48393106660456453,-0.45454545454545453,-0.1651621531260448,0.045654565456545525,1.0,-0.02125464300453977,-0.49565487274984427,0.32351732639364505,0.6855277475516868,0.0007207207207208413,-0.06482443382505713,Other_Faults
0.16009280742459397,0.1543859649122807,-0.0012338153768317241,-0.0012422461514430593,-0.5506329113924051,-0.375,-0.5789473684210527,-0.5886197506091443,-0.2692307692307692,-0.9090909090909091,0.9571865443425076,0.6,1.0074017110448907,-0.028275212064090238,-0.21192361434559848,-0.29870129870129875,0.75025075225677,-0.7403740374037409,0.0,-1.0202228642179116,-0.22501551831160702,-1.1666894945897825,-0.9092180942017721,-0.5837837837837837,-0.3727404944940784,Other_Faults
-0.7366589327146171,-0.743859649122807,-0.19298008487345503,-0.19294154895262397,4.481012658227848,0.7083333333333334,4.368421052631579,4.1508384692561275,-0.5769230769230769,0.18181818181818182,-0.04281345565749235,1.6,-0.37662212823224067,0.4368520263901978,-1.1094550535631114,0.38961038961038946,-0.9067201604814444,-0.008800880088009055,1.0,1.6817994222038788,0.2799503414028555,2.180249280920423,1.1030623348360018,-0.4518918918918917,1.3482235611884479,Other_Faults
-0.665893271461717,-0.6713450292397661,-0.22970371075496773,-0.2296914185877786,2.911392405063291,-0.125,1.736842105263158,2.7377382829296257,-0.8461538461538461,0.7272727272727273,-0.06422018348623854,4.4,0.1045852158031337,-0.29688972667295,-0.7058686539357243,0.4935064935064934,0.842861919090605,0.045654565456545525,1.0,1.3664878250103172,0.361887026691496,1.3792631146418306,0.8336701383491373,-0.3452252252252252,1.3016829420319966,Bumps
-0.28074245939675174,-0.2584795321637427,0.0029651539192571442,0.00295782910910913,0.26582278481012656,0.9583333333333334,-0.15789473684210525,0.3951268453490039,0.8846153846153846,0.6363636363636364,0.9571865443425076,2.6,0.44679419398250486,0.26390197926484465,-0.9918490917559385,1.7792207792207788,0.5727181544633901,-2.521452145214522,0.0,0.2542302930251748,1.4459962756052145,-0.8245445829338448,-1.4299704647909217,0.7618018018018019,0.3158113442759194,Other_Faults
-0.02668213457076566,-0.031578947368421054,-0.49210352899597615,-0.4921098698876009,0.21518987341772153,0.0,0.2631578947368421,0.15450766805217142,-0.38461538461538464,-0.2727272727272727,0.9663608562691132,-0.2,0.9429972123425931,0.2299717247879359,-0.10596180717279924,-0.14285714285714288,-0.24473420260782358,-0.19361936193619372,1.0,0.211101939744118,0.0,0.37885221202575026,0.43323488263640614,-0.11747747747747733,0.2534801579056721,Bumps
1.0533642691415313,1.0526315789473684,-0.20291477049508813,-0.2029115998810347,0.2468354430379747,0.08333333333333333,0.7894736842105263,-0.22376379532750465,-2.3076923076923075,-3.909090909090909,0.9602446483180428,1.6,-0.7407478611938862,0.24929311969839768,-0.8469958081043316,-0.45454545454545453,-1.006352390504848,0.045654565456545525,1.0,0.23834089971110173,-0.49565487274984427,0.8612518833036573,0.9278719104616819,-2.750990990990991,0.29170995221275714,Other_Faults
-0.19721577726218098,-0.19883040935672514,1.3806204734464103,1.380641418706113,1.3987341772151898,0.25,0.5263157894736842,0.916898380392719,-1.7307692307692308,-0.2727272727272727,-0.03669724770642202,2.6,0.9354993751802363,-0.5560791705937793,-0.06823474615742896,0.48051948051948046,-0.20962888665997984,0.045654565456545525,1.0,0.8988856789104414,0.361887026691496,0.6659361731269694,0.4080522306855279,-1.3917117117117115,0.8520673176812797,Bumps
-0.5417633410672854,-0.552046783625731,0.2004276805901277,0.2004260557185792,-0.2848101265822785,-0.25,-0.21052631578947367,-0.25644259710477285,0.23076923076923078,0.6363636363636364,0.8501529051987767,0.0,-0.051523598961837905,0.5706880301602263,0.5139729855612484,-0.19480519480519484,0.36008024072216654,0.045654565456545525,1.0,-0.38815517952950906,-0.1076970825574176,-0.15888234488426262,0.01943105860407277,0.45405405405405413,-0.12632453771036767,Other_Faults
0.41531322505800466,0.41871345029239765,5.496409786585702,5.4964769278547925,0.31645569620253167,-0.08333333333333333,-0.10526315789473684,0.36399598681381684,0.38461538461538464,0.45454545454545453,-0.04281345565749235,-0.6,-0.13342305104296837,-0.39019792648444845,0.5728924080111785,0.48051948051948046,0.6766967569374791,-0.2981298129812983,0.0,0.29550144449030075,0.361887026691496,-0.07670182166826471,-0.38566765117363594,0.27315315315315325,0.14751714107625183,Other_Faults
0.4048723897911833,0.42923976608187137,1.7559959167337658,1.7560143357940712,0.2974683544303797,1.3333333333333333,0.7368421052631579,0.3571162390712341,0.34615384615384615,0.6363636363636364,-0.03058103975535168,0.2,-0.1493799865423435,1.2163053722902921,-0.5505356311131812,2.1948051948051943,-0.10665329321297237,-3.048404840484049,0.0,0.280231118448204,1.3351955307262573,-0.15888234488426262,-1.1353956163531789,0.3466666666666668,0.8865572408061498,Bumps
0.14037122969837587,0.13567251461988303,-0.46116295251073014,-0.4611746799520037,-0.14556962025316456,-0.25,-0.3684210526315789,-0.23849792174286943,-1.3846153846153846,-0.09090909090909091,0.9541284403669725,0.0,1.0427761222724212,-0.8496701225259187,0.652771308802981,-0.22077922077922077,0.36008024072216654,0.045654565456545525,0.0,-0.17746595130004184,-0.1076970825574176,-0.4456923709080945,-0.33219337789522774,-0.7927927927927926,-0.22376895906918756,Bumps
-0.8271461716937355,-0.8292397660818713,0.681129724695083,0.6811669014504881,4.493670886075949,1.9166666666666667,3.263157894736842,4.07126272036692,-0.19230769230769232,-0.7272727272727273,-0.04892966360856269,0.0,-0.5969431894645774,0.42459943449575865,-0.8386120167675827,0.87012987012987,-1.2668004012036107,-0.22937293729372982,1.0,1.683862979777135,0.6464928615766609,1.8537186686755247,0.922275765583709,-0.5585585585585584,1.3482235611884479,Other_Faults
0.4048723897911833,0.39766081871345027,-0.09837495049749687,-0.09838305517345296,-0.569620253164557,-0.375,-0.42105263157894735,-0.5744589365056615,0.34615384615384615,0.45454545454545453,0.9663608562691132,-0.2,0.5379217533403824,0.41187558906691807,0.5880298090358642,-0.5324675324675324,-0.08559010364426635,-0.5044004400440045,1.0,-1.0883202641353693,-0.6542520173805085,-0.6845637583892618,-0.030001554484688303,0.23351351351351357,-0.3606897984624973,Bumps
0.33874709976798145,0.34619883040935673,1.440094476809162,1.4401104031804026,0.006329113924050633,0.7916666666666666,0.3157894736842105,-0.10652142754765659,-0.4230769230769231,-0.2727272727272727,-0.03058103975535168,0.2,0.050754590022108956,1.196512723845429,0.4031206334420122,0.857142857142857,-0.5593447007689736,-1.558855885588559,0.0,0.007016095749070624,0.6464928615766609,0.07231886043007804,-0.4988341364837556,-0.8129729729729728,0.4974028672345731,Bumps
0.5092807424593968,0.5052631578947369,0.3962766754723709,0.39627441859119716,-0.3860759493670886,-0.4166666666666667,-0.5263157894736842,-0.41651139458219866,-0.11538461538461539,-0.2727272727272727,-0.03669724770642202,1.0,-0.3375949245409977,-1.047596606974552,0.3809967396367026,-0.19480519480519484,0.7248411902373787,0.045654565456545525,0.0,-0.5800660338423443,-0.35350713842333914,-0.8245445829338448,-0.5136017410228509,-0.2789189189189188,-0.3442759193849989,Other_Faults
-0.6020881670533643,-0.6187134502923977,1.3251892402463634,1.325202108242135,-0.41139240506329117,-0.375,-0.21052631578947367,-0.41433280779704745,0.34615384615384615,0.0,0.8379204892966361,0.2,-0.17110448908968567,-0.1305372290292177,-0.31765253842571023,-0.5844155844155844,-0.3644266131728518,0.045654565456545525,1.0,-0.6353693768056132,-0.8342644320297948,-0.15888234488426262,0.5745375408052231,0.13693693693693704,-0.3052150425929773,Bumps
-0.462877030162413,-0.47251461988304094,-0.2970260631665088,-0.29703357193891117,0.06329113924050633,-0.16666666666666666,-0.10526315789473684,0.06145907983373943,-0.15384615384615385,0.7272727272727273,0.9663608562691132,-0.2,0.0874747668941651,-0.7139491046182843,0.3809967396367026,-0.22077922077922077,0.04546974256101619,-0.2981298129812983,1.0,0.06747833264548023,-0.1076970825574176,-0.07670182166826471,0.10819213430747711,0.024504504504504605,-0.09162684396426339,Bumps
0.5614849187935035,0.5543859649122806,-0.20453987258989206,-0.20454776744121222,-0.44936708860759494,-0.375,-0.3157894736842105,-0.42625770388419093,0.7307692307692307,1.1818181818181819,-0.0672782874617737,-0.6,-0.4823608574449677,-0.2987747408105558,-0.12366092221704689,-0.4675324675324676,-0.3644266131728518,0.045654565456545525,1.0,-0.7249277754849361,-0.8342644320297948,-0.3421449116559377,0.44504896626768226,0.6090090090090091,-0.33596509453563256,Other_Faults
0.41647331786542924,0.4093567251461988,0.8348948863980007,0.8348993330947365,-0.43670886075949367,-0.4166666666666667,-0.42105263157894735,-0.42958291529310594,0.2692307692307692,0.7272727272727273,0.8623853211009175,0.6,0.46217437277708334,-0.576343072573044,0.3809967396367026,-0.5194805194805195,0.11701771982614483,0.045654565456545525,1.0,-0.6941807676434175,-0.6542520173805085,-0.5591014929461718,0.10819213430747711,0.3192792792792793,-0.3442759193849989,Other_Faults
-0.12180974477958237,-0.13333333333333333,-0.1407001823375069,-0.14070830645612997,-0.3924050632911392,-0.4583333333333333,-0.42105263157894735,-0.41553676365199943,-0.23076923076923078,-0.36363636363636365,0.9571865443425076,0.2,0.7590118235124482,-0.9886899151743634,0.3809967396367026,-0.5324675324675324,0.36008024072216654,0.045654565456545525,1.0,-0.5936855138258361,-0.6542520173805085,-0.5591014929461718,0.10819213430747711,-0.17369369369369356,-0.3442759193849989,Other_Faults
-0.18561484918793503,-0.2023391812865497,-0.44096540531045497,-0.4409800280793912,-0.6962025316455697,-0.7083333333333334,-0.6842105263157895,-0.7106206105776122,0.2692307692307692,-0.2727272727272727,0.9785932721712538,0.6,0.6280880515235988,-1.3421300659754942,0.3809967396367026,-0.8311688311688312,1.0287529254429955,0.045654565456545525,1.0,-1.7579446966570365,-1.588454376163873,-1.3836460758800169,0.10819213430747711,0.0627027027027028,-0.45439434863910233,Other_Faults
-0.654292343387471,-0.6596491228070176,-0.4962514837602864,-0.4962557743803298,0.379746835443038,5.083333333333333,0.9473684210526315,0.17950408485022215,-0.34615384615384615,-2.3636363636363638,0.05504587155963303,3.0,-0.1889839469383831,0.8949104618284636,0.040754541220307576,0.44155844155844154,-0.9926446004680709,-1.4823982398239832,1.0,0.3446141147338006,0.361887026691496,0.5777290782084651,0.335457795740712,-1.0407207207207205,0.7614793268231872,Other_Faults
-0.8607888631090487,-0.8771929824561403,-0.40370165649969836,-0.40363690964710375,4.829113924050633,0.625,7.2105263157894735,3.555052314748459,-0.9615384615384616,-2.1818181818181817,-0.06422018348623854,2.3,-0.6788426415457078,-0.11074458058435419,-1.3467629250116442,-0.28571428571428575,-1.4787696422601135,0.045654565456545525,1.0,1.738959966983078,-0.49565487274984427,2.701547733187236,1.261464324576403,-1.4695495495495492,1.347184708082277,Other_Faults
0.9419953596287703,0.9543859649122807,-0.4527623843035123,-0.4527524403799422,2.411392405063291,1.9583333333333333,2.0526315789473686,2.2596531460513116,-1.7692307692307692,-0.2727272727272727,0.9724770642201835,4.6,-0.5406132846294337,0.7026390197926485,-0.5416860735910572,0.46753246753246736,-1.2821798729521898,-0.436743674367437,1.0,1.2371027651671476,0.6464928615766609,1.40227366114231,0.7239235193533344,-0.3437837837837837,1.338042800747974,Other_Faults
0.3167053364269142,0.34385964912280703,1.534755359023971,1.534774082916512,1.1708860759493671,2.125,0.8947368421052632,1.3203955854951985,0.4230769230769231,0.7272727272727273,-0.024464831804281346,0.2,0.06094395847351725,0.9585296889726669,-0.25640428504890544,2.467532467532467,-0.5499832831828818,-2.3118811881188126,0.0,0.8012794056954179,1.4459962756052145,0.26544308998767296,-0.9390642002176278,0.43891891891891893,1.254934552254311,Bumps
0.2482598607888631,0.2432748538011696,-0.3056012378123917,-0.30560938300810275,-0.16455696202531644,-0.20833333333333334,-0.21052631578947367,-0.11535043715063781,0.7692307692307693,0.45454545454545453,-0.05504587155963303,-0.6,0.28241853311544746,-0.2219604147031101,0.3476944573823941,-0.09090909090909102,-0.016048144433299986,0.045654565456545525,1.0,-0.203466776723071,-0.22501551831160702,-0.15888234488426262,0.1304212653505363,0.554954954954955,-0.16559318512362348,Bumps
0.6890951276102089,0.6865497076023391,1.0476659799865258,1.0476726423685354,-0.45569620253164556,-0.375,-0.47368421052631576,-0.4634656729253261,0.2692307692307692,0.0,0.9724770642201835,0.0,-0.020378736902816486,-0.03298774740810532,0.6138798323241734,-0.37662337662337664,0.47141424272818455,0.045654565456545525,0.0,-0.7408171687990097,-0.35350713842333914,-0.6845637583892618,-0.35815327219026893,0.08000000000000008,-0.32308331601911483,Other_Faults
0.41183294663573083,0.4152046783625731,0.8424318890260379,0.8424390624880844,0.10126582278481013,-0.041666666666666664,-0.10526315789473684,-0.01490612010892934,-0.4230769230769231,-1.0,0.8318042813455657,0.2,0.4344900509468421,0.2379830348727617,0.5728924080111785,0.19480519480519473,0.5272484119023736,-0.2981298129812983,0.0,0.10565414775072157,0.361887026691496,-0.07670182166826471,-0.38566765117363594,-0.7596396396396395,0.14751714107625183,Other_Faults
-0.6252900232018561,-0.6210526315789474,1.2673597981297127,1.267389276659841,2.740506329113924,1.5,1.6842105263157894,2.619062634370073,-1.3076923076923077,-0.2727272727272727,-0.03669724770642202,-0.6,-0.10612323368259159,0.6489161168708764,-0.24336283185840693,1.2467532467532465,-0.8482113005683718,-0.28437843784378486,1.0,1.3243912505158888,0.8814400993171942,1.2820161621695663,0.5249494792476295,-0.2666666666666665,1.3424059837938913,Bumps
0.41299303944315546,0.408187134502924,-0.5018893784063376,-0.5019021565487857,-0.34810126582278483,-0.4166666666666667,-0.42105263157894735,-0.44116382399312026,-0.9615384615384616,-1.6363636363636365,0.9785932721712538,-0.2,0.5235028357204651,-0.5409990574929309,0.8467629250116443,-0.37662337662337664,0.7248411902373787,0.045654565456545525,0.5,-0.5033016921172104,-0.35350713842333914,-0.5591014929461718,-0.20270480335768692,-1.1055855855855854,-0.30085185954705995,Other_Faults
0.07076566125290024,0.06198830409356725,0.7375128785396591,0.7375165963717681,-0.3860759493670886,-0.3333333333333333,-0.3684210526315789,-0.3624480435717357,0.6538461538461539,0.6363636363636364,-0.07339449541284404,-0.6,0.7113332692492549,-0.2902921771913288,0.4233814625058223,-0.2727272727272727,0.0,0.045654565456545525,1.0,-0.5800660338423443,-0.49565487274984427,-0.4456923709080945,0.07990051297994716,0.5131531531531532,-0.30292956575940155,Bumps
-0.16357308584686775,-0.1649122807017544,0.4838833523805116,0.48389852815920104,1.5,0.75,1.1578947368421053,1.4218145334671062,-0.15384615384615385,-0.09090909090909091,1.0275229357798166,0.6,0.6578871479380946,0.30490103675777575,-0.46693060083837906,0.14285714285714288,-0.857238381812103,-0.09185918591859214,1.0,0.9391250515889388,0.361887026691496,1.060128749486372,0.6741800093269082,-0.2479279279279278,1.1766050280490337,Other_Faults
-0.43039443155452434,-0.4444444444444444,-0.4992734373644105,-0.49928723365929584,-0.4620253164556962,-0.4583333333333333,-0.5263157894736842,-0.43394008886340835,0.6153846153846154,1.3636363636363635,0.9663608562691132,0.0,0.1511102566567336,-1.150801131008482,0.8467629250116443,-0.5324675324675324,0.36008024072216654,0.045654565456545525,0.5,-0.7569129178704088,-0.6542520173805085,-0.8245445829338448,-0.20270480335768692,0.7228828828828829,-0.37668813629752745,Bumps
-0.7819025522041764,-0.7964912280701755,1.8838073039135508,1.8838289476486862,-0.12658227848101267,-0.16666666666666666,-0.05263157894736842,-0.08846208972337681,0.2692307692307692,0.7272727272727273,0.8379204892966361,0.2,-0.5327309429972122,-0.09472196041470285,-0.11224965067536102,-0.3506493506493506,-0.3480441323971918,0.045654565456545525,1.0,-0.15229054890631508,-0.35350713842333914,0.07231886043007804,0.43743199129488575,0.4180180180180181,-0.12071473093704546,Bumps
0.6902552204176334,0.6877192982456141,1.7854023758045965,1.7854216997051375,-0.08860759493670886,-0.2916666666666667,-0.15789473684210525,-0.09293392575605561,0.2692307692307692,-0.2727272727272727,0.8929663608562691,-0.6,-0.07132557915985777,-0.6823751178133833,0.07056357708430368,-0.36363636363636365,0.07355399531929127,0.045654565456545525,1.0,-0.10379694593479158,-0.35350713842333914,-0.07670182166826471,0.31540494326130886,0.025945945945945986,-0.17639725742779963,Other_Faults
-0.38167053364269143,-0.3847953216374269,-0.2215166672890089,-0.22151268450602965,1.8164556962025316,0.3333333333333333,1.0,1.7975634226745019,-0.5,0.0,-0.04281345565749235,-0.6,0.4885129289627991,-0.3878416588124409,-0.35095482068001854,0.48051948051948046,-0.35473085924439973,-0.25192519251925233,1.0,1.05427156417664,0.361887026691496,0.9313792631146424,0.5967666718482824,-0.08792792792792783,1.0901724496156244,Other_Faults
-0.642691415313225,-0.6514619883040935,4.4426225887087485,4.442671944196746,-0.45569620253164556,-0.20833333333333334,-0.5263157894736842,-0.41989393722230184,0.8846153846153846,1.1818181818181819,-0.04281345565749235,0.6,-0.14764971642795352,0.20640904806786048,-0.31765253842571023,0.19480519480519473,0.6108324974924773,-0.6419141914191422,0.0,-0.7408171687990097,0.09993792675356922,-0.9834269278181074,-0.9799471475205969,0.843963963963964,-0.3052150425929773,Other_Faults
0.6380510440835266,0.6339181286549708,1.2504434845765189,1.250452759803397,-0.4430379746835443,-0.4166666666666667,-0.47368421052631576,-0.45962448043571735,0.07692307692307693,-0.2727272727272727,0.9724770642201835,-0.2,0.08189945208113036,-0.47502356267671997,0.8467629250116443,-0.45454545454545453,0.42092945503176193,0.045654565456545525,0.5,-0.7094510936855138,-0.49565487274984427,-0.6845637583892618,-0.20270480335768692,-0.0749549549549549,-0.3421982131726573,Bumps
-0.4245939675174014,-0.43157894736842106,-0.15044185421519402,-0.15044168898142915,0.4430379746835443,0.875,0.8421052631578947,0.5936075677225169,0.8846153846153846,0.6363636363636364,-0.0061162079510703364,-0.6,0.3741228491781216,0.33553251649387383,-0.227992547741034,0.18181818181818182,-1.2002674690738884,-1.2486248624862488,1.0,0.3910441601320671,0.09993792675356922,0.5777290782084651,0.5146898803046791,0.748108108108108,0.5206731768127987,Other_Faults
0.5104408352668214,0.52046783625731,0.20501372922012454,0.20501584494958833,1.0506329113924051,2.0,1.2105263157894737,1.2171420381252687,0.8076923076923077,0.09090909090909091,0.6972477064220184,-0.6,0.1455349418436989,-0.09990574929311966,0.7410340009315326,0.6363636363636362,-1.2487462387161485,-2.6375137513751383,0.0,0.7451506397028475,0.7091868404717571,0.32351732639364505,-0.2732784082076791,0.5297297297297298,0.8159152295865365,Other_Faults
-0.580046403712297,-0.5894736842105263,0.3876809898291749,0.3876828296284648,0.16455696202531644,-0.08333333333333333,-0.10526315789473684,0.17973340977497493,-0.07692307692307693,0.45454545454545453,0.8623853211009175,0.2,-0.12977025857925598,-0.5900094250706878,0.41010712622263634,-0.12987012987012997,-0.027081243731193565,0.045654565456545525,1.0,0.16570367313247997,0.0,0.0,0.08876107570340434,0.12180180180180188,-0.006233118637024729,Bumps
-0.3689095127610209,-0.22923976608187135,-0.015507891737696951,-0.015509143420789321,6.19620253164557,5.583333333333333,3.526315789473684,6.561788734413072,0.46153846153846156,-0.09090909090909091,-0.06422018348623854,0.0,0.5261943670095163,1.0226201696512722,-1.146949231485794,12.194805194805193,0.6837178201270477,-4.160616061606161,0.0,1.9335534461411463,3.1939788950962127,0.26544308998767296,-1.5334991450334214,0.25585585585585596,1.3486391024309161,Other_Faults
0.09976798143851508,0.0912280701754386,-0.5436886872383204,-0.5437009521169858,-0.27848101265822783,-0.4166666666666667,-0.3157894736842105,-0.21413214848788878,0.2692307692307692,2.090909090909091,0.9847094801223242,0.3,1.1410170143227913,-0.7662582469368516,0.26455519329296706,-0.45454545454545453,0.42092945503176193,0.045654565456545525,1.0,-0.3774246801485766,-0.49565487274984427,-0.3421449116559377,0.1859163687237681,0.8684684684684685,-0.28236027425722,Bumps
-0.7308584686774942,-0.7181286549707603,-0.3931127226560795,-0.3931193658128284,1.1139240506329113,1.5833333333333333,0.42105263157894735,1.2239644546366633,0.6153846153846154,-0.09090909090909091,-0.04281345565749235,-0.6,-0.36239546284725555,0.6145146088595663,-0.14112715416860735,2.0129870129870127,-0.4446673353393514,-1.4350935093509356,0.0,0.7752785802723887,1.2557417752948479,0.20435556773044794,-0.8621172081454997,0.32720720720720725,1.134843133180968,Other_Faults
0.19489559164733178,0.19064327485380117,-0.0072098785170443755,-0.00721680850554685,-0.3924050632911392,-0.2916666666666667,-0.47368421052631576,-0.4396732119822273,-0.4230769230769231,0.0,0.9663608562691132,-0.2,0.9406901855234064,0.019321394910462048,0.26455519329296706,-0.22077922077922077,0.550986292209963,0.045654565456545525,0.0,-0.5936855138258361,-0.1076970825574176,-0.6845637583892618,-0.5913259754391419,-0.5326126126126125,-0.28236027425722,Bumps
0.2470997679814385,0.26432748538011697,-0.5341000589559692,-0.5341137780718309,0.012658227848101266,0.5,0.9473684210526315,0.6601691271320052,3.730769230769231,7.7272727272727275,-0.06422018348623854,0.6,0.2249351148707103,0.630065975494816,-0.7834187238006521,1.7402597402597402,0.7248411902373787,-4.07975797579758,0.0,0.013825835740817017,1.1272501551831164,-0.6845637583892618,-1.2908440851857608,4.936936936936937,0.19862871389985456,Other_Faults
-0.6473317865429234,-0.6140350877192983,4.523339148288725,4.523409003234205,6.670886075949367,2.75,2.789473684210526,6.637351297119106,0.038461538461538464,0.0,-0.04281345565749235,0.6,-0.15880034605402285,0.36710650329877476,0.5673032137866793,3.6363636363636354,-0.39317953861584765,-2.0462046204620465,0.0,1.992158481221625,1.815952824332713,1.2036707300369818,-0.38924296595678526,-0.09729729729729718,1.3486391024309161,Other_Faults
0.5545243619489559,0.560233918128655,0.15820500373668298,0.15821282748004162,1.6139240506329113,0.6666666666666666,0.7894736842105263,1.5506378099469686,0.07692307692307693,-0.18181818181818182,-0.04281345565749235,0.6,-0.4756320292223396,-0.13949104618284613,-0.21192361434559848,0.5714285714285713,-0.6880641925777332,0.045654565456545525,1.0,0.9822534048699956,0.43885785226567403,0.8612518833036573,0.5038084874863984,-0.2025225225225224,1.088718055266985,Bumps
0.9280742459396751,0.9309941520467836,-0.5136463872507848,-0.5136393315537623,1.2531645569620253,0.5833333333333334,1.631578947368421,0.9644259710477282,-0.3076923076923077,-1.6363636363636365,0.9724770642201835,4.6,-0.4952417571854273,0.4373232799245996,-0.8514205868653937,-0.14285714285714288,-1.0728853226345703,-0.06655665566556657,1.0,0.8378043747420544,0.0,1.3069442542117524,0.930825431369501,-0.9023423423423421,1.130895491377519,Other_Faults
0.48839907192575405,0.4888888888888889,-0.4768585987622928,-0.4768742099548516,-0.5949367088607594,-0.2916666666666667,-0.6842105263157895,-0.575834886054178,1.0,1.4545454545454546,-0.024464831804281346,-0.2,-0.28818610016341434,0.03817153628652238,-0.8167210060549605,0.19480519480519473,1.0287529254429955,-1.0544554455445545,0.0,-1.1879900949236482,0.09993792675356922,-1.6490891658676898,-1.3130732162288201,0.9621621621621621,-0.39206316226885507,Other_Faults
1.0522041763341068,1.0526315789473684,0.05925732308344452,0.05925282733278128,-0.43670886075949367,-0.2916666666666667,-0.3157894736842105,-0.556800917299699,-0.8846153846153846,-3.090909090909091,0.9724770642201835,0.0,-0.7315197539171392,0.5819981149858623,0.4585468095016304,-0.37662337662337664,0.07355399531929127,0.045654565456545525,1.0,-0.6941807676434175,-0.35350713842333914,-0.3421449116559377,0.056427794186227266,-1.798198198198198,-0.25368792852690625,Bumps
0.5301624129930395,0.5298245614035088,-0.12460851606089977,-0.12461485504454757,0.056962025316455694,-0.20833333333333334,-0.2631578947368421,0.006134441737136305,-0.5384615384615384,0.09090909090909091,0.7706422018348624,0.0,0.17014322791502443,-0.9213006597549478,0.8467629250116443,-0.10389610389610393,0.4018722835172182,0.045654565456545525,0.5,0.0608749484110599,0.0,-0.24708943980276699,-0.20270480335768692,-0.32576576576576566,-0.12362351963432369,Bumps
-0.4976798143851508,-0.5099415204678363,0.5170317536534557,0.5170315786650271,-0.44936708860759494,-0.4166666666666667,-0.47368421052631576,-0.4755052314748459,-0.23076923076923078,0.0,-0.03058103975535168,0.0,0.20301836008843593,-0.0852968897266727,0.6138798323241734,-0.19480519480519484,0.7248411902373787,0.045654565456545525,0.0,-0.7249277754849361,-0.35350713842333914,-0.6845637583892618,-0.35815327219026893,-0.2392792792792791,-0.32308331601911483,Other_Faults
-0.2865429234338747,-0.2783625730994152,-0.45341452883346595,-0.4533893413492045,5.556962025316456,4.125,4.105263157894737,5.86062777698151,0.34615384615384615,0.0,0.05504587155963303,3.0,0.686532730942997,0.6479736098020734,-0.7345132743362832,1.2857142857142856,-1.5901036442661316,-0.8135313531353139,1.0,1.847709451093685,0.9345127250155186,1.9295986851116296,0.852790300015545,0.22918918918918924,1.3486391024309161,Other_Faults
-0.8109048723897911,-0.8233918128654971,1.4779945924596314,1.4780099553248944,0.0949367088607595,-0.25,-0.15789473684210525,-0.1281926329367923,-1.5,-0.09090909090909091,-0.03058103975535168,2.6,-0.5581082380082667,-0.844486333647502,0.3809967396367026,0.0,0.36008024072216654,0.045654565456545525,1.0,0.0992571192736273,-0.1076970825574176,-0.07670182166826471,0.10819213430747711,-0.11747747747747733,-0.09162684396426339,Bumps
-0.7436194895591647,-0.7567251461988304,-0.5352939041841909,-0.5353029053150201,-0.056962025316455694,-0.08333333333333333,0.05263157894736842,0.44540633510104627,3.230769230769231,6.363636363636363,-0.06422018348623854,2.6,-0.39161780255695466,0.06691800188501433,-0.05891942244993012,-0.09090909090909102,-0.37913741223671027,-0.24367436743674376,1.0,-0.06520841931489901,-0.22501551831160702,0.14025475962197,0.4018342919322246,4.203243243243242,-0.03739871182214838,Other_Faults
1.056844547563805,1.056140350877193,0.2189859257743822,0.2189834881714447,-0.36075949367088606,-0.4166666666666667,-0.3157894736842105,-0.6011179590081697,-2.8076923076923075,-3.727272727272727,0.9663608562691132,0.0,-0.7428626357781408,-0.19886899151743614,0.26455519329296706,-0.45454545454545453,0.42092945503176193,0.045654565456545525,1.0,-0.5280643829962859,-0.49565487274984427,-0.3421449116559377,0.1859163687237681,-3.171891891891891,-0.28236027425722,Bumps
-0.8178654292343387,-0.8292397660818713,-0.32833741537241395,-0.32835058689819496,-0.5886075949367089,-0.3333333333333333,-0.631578947368421,-0.563164683961588,1.1538461538461537,1.4545454545454546,-0.03669724770642202,2.2,-0.574834182447371,0.36145146088595675,-0.5863996273870516,0.0909090909090908,1.0287529254429955,-0.8712871287128714,0.0,-1.161989269500619,0.0,-1.3836460758800169,-1.1593346805533964,1.10990990990991,-0.3746104300851859,Other_Faults
0.6044083526682135,0.6058479532163743,0.17850300223149132,0.1785068800819609,0.1962025316455696,0.16666666666666666,0.5789473684210527,0.2341980794037552,0.38461538461538464,0.09090909090909091,0.9571865443425076,0.2,0.12765548399500135,0.7582469368520262,-0.17792268281322757,-0.06493506493506498,-0.44232698094282835,-0.7128712871287133,1.0,0.1943871234007425,0.09993792675356922,0.5308861799753459,0.4812684595056739,0.2565765765765766,0.473717016413879,Other_Faults
-0.642691415313225,-0.6491228070175439,-0.41488593518840405,-0.41489338482887167,0.056962025316455694,1.2083333333333333,0.47368421052631576,0.18300128995270173,0.9615384615384616,1.1818181818181819,-0.03058103975535168,-0.6,-0.1493799865423435,0.6573986804901035,0.5880298090358642,0.3766233766233765,-1.2447342026078234,-1.7876787678767885,1.0,0.0608749484110599,0.2799503414028555,0.14025475962197,-0.030001554484688303,0.9427027027027026,0.2605443590276335,Other_Faults
-0.5278422273781903,-0.5403508771929825,4.913452006107018,4.913510058012685,-0.25316455696202533,-0.3333333333333333,-0.3157894736842105,-0.2743872724666762,-0.15384615384615385,-0.09090909090909091,-0.04892966360856269,-0.6,0.13361530327790058,-0.5565504241281808,0.4585468095016304,-0.18181818181818182,0.2571046472751587,0.045654565456545525,1.0,-0.3357408171687995,-0.35350713842333914,-0.3421449116559377,0.056427794186227266,-0.12972972972972963,-0.25368792852690625,Bumps
0.09048723897911833,0.08538011695906433,-0.4519209074906688,-0.4519267306179754,-0.15822784810126583,0.16666666666666666,0.42105263157894735,-0.06478429124265443,1.0384615384615385,1.3636363636363635,-0.0061162079510703364,-0.6,0.6934538114005574,1.060320452403393,-0.21192361434559848,0.0,-0.7097960548311603,-0.8008800880088014,1.0,-0.19479983491539463,-0.1076970825574176,0.37885221202575026,0.5038084874863984,0.97009009009009,0.17805942239767295,Other_Faults
0.8921113689095128,0.9087719298245615,-0.5262206804497063,-0.5262048459696291,2.221518987341772,1.6666666666666667,2.5789473684210527,1.6548659882470975,-0.5,-2.272727272727273,0.9724770642201835,4.6,-0.4519850043256752,1.5098963242224317,-0.5863996273870516,0.7792207792207791,-0.9445001671681712,-0.11881188118811918,1.0,1.1826248452331811,0.8814400993171942,1.6677167511299829,0.7539250738380227,-1.2108108108108107,1.3482235611884479,Other_Faults
-0.8051044083526682,-0.8152046783625732,-0.40853962225054025,-0.4085517234850527,-0.37341772151898733,-0.08333333333333333,-0.2631578947368421,-0.3219721943528737,0.8846153846153846,1.2727272727272727,-0.04892966360856269,2.6,-0.5431125636835528,0.31856738925541955,0.015137401024685752,0.19480519480519473,0.14877967235038442,-1.6468646864686471,0.0,-0.5536524969046639,0.09993792675356922,-0.6845637583892618,-0.7578112855588371,0.8915315315315316,-0.23893621441928106,Other_Faults
0.34106728538283065,0.352046783625731,1.1979321759170387,1.1979470856784322,0.2088607594936709,0.9583333333333334,1.105263157894737,0.06960011466246238,-0.38461538461538464,-0.2727272727272727,-0.03669724770642202,0.2,0.032106123233682574,1.3939679547596604,0.5556590591523057,1.1428571428571428,-0.49114008692744904,-2.492849284928494,0.0,0.20553033429632617,0.8265052762259472,0.32351732639364505,-0.39701538939841435,-0.8288288288288287,0.9191772283399127,Bumps
-0.25754060324825984,-0.2631578947368421,-0.5060162962503267,-0.5059970458523994,2.3544303797468356,2.5833333333333335,3.0526315789473686,1.9841765801920597,-0.34615384615384615,-1.5454545454545454,0.05504587155963303,3.0,0.7557435355186003,0.5287464655984919,-1.0228225430833722,0.1688311688311687,-1.7505850885991308,-0.3162816281628163,1.0,1.2212133718530735,0.09993792675356922,1.77290782084646,1.0452355044302815,-0.7776576576576576,1.3282775815499686,Other_Faults
0.0777262180974478,0.11695906432748537,-0.40278497269670704,-0.4027875330448258,1.4620253164556962,2.0833333333333335,1.3157894736842106,0.9700444317041709,-0.8461538461538461,-1.0,-0.04281345565749235,4.6,0.5959819282899161,1.646088595664467,-0.2244993013507218,3.6363636363636354,0.0397860247408894,-2.0011001100110017,0.0,0.9242674370614932,1.815952824332713,0.6226544308998772,-0.9177677599875642,-1.3830630630630631,1.3467691668398087,Other_Faults
0.345707656612529,0.3508771929824561,1.1102750104001275,1.1102872128850694,0.12025316455696203,0.20833333333333334,0.3157894736842105,-0.01765801920596245,-0.38461538461538464,-0.2727272727272727,-0.03058103975535168,0.2,0.03960396039603961,0.873704052780396,0.7242664182580347,0.6623376623376621,0.12871949180875952,-1.3294829482948298,0.0,0.12401981015270286,0.511483550589696,0.14025475962197,-0.28447069796362506,-0.8908108108108106,0.4467068356534385,Bumps
-0.0034802784222737818,-0.005847953216374269,0.5370431241088892,0.5370453106917055,0.0379746835443038,-0.041666666666666664,-0.2631578947368421,-0.0420237924609431,-1.0769230769230769,0.0,0.9724770642201835,-0.2,0.9864462174372775,-0.33930254476908545,0.5363297624592457,0.012987012987012906,0.1929120695419591,0.045654565456545525,0.0,0.041064795707799834,0.19304779639975178,-0.24708943980276699,-0.40991761231151874,-0.5448648648648649,-0.04654061915645122,Bumps
-0.845707656612529,-0.8596491228070176,-0.16479902641132754,-0.16480640919072817,-0.0949367088607595,-0.4166666666666667,-0.3157894736842105,-0.10187759782141322,-0.07692307692307693,0.2727272727272727,1.018348623853211,0.6,-0.6642314716908583,-1.1352497643732324,0.652771308802981,-0.3116883116883117,1.0287529254429955,0.045654565456545525,1.0,-0.11163846471316555,-0.22501551831160702,-0.3421449116559377,-0.07321622882014611,0.0043243243243244476,-0.22376895906918756,Bumps
0.6554524361948956,0.6584795321637427,-0.5147445144915456,-0.5147511471186016,0.5886075949367089,-0.08333333333333333,0.21052631578947367,0.5619033968754479,0.07692307692307693,-0.2727272727272727,0.9571865443425076,0.0,0.02518504277612227,-0.2568331762488218,0.10572892408011178,0.012987012987012906,0.32497492477432277,0.045654565456545525,1.0,0.489475856376392,0.19304779639975178,0.37885221202575026,0.291932224467589,-0.12684684684684666,0.4055682526490755,Bumps
-0.8654292343387471,-0.8713450292397661,1.2424673362367789,1.2424838717057403,0.4620253164556962,1.0416666666666667,0.5263157894736842,0.54441737136305,0.6538461538461539,-0.09090909090909091,-0.03058103975535168,-0.6,-0.690570027876574,0.6112158341187557,0.34047508150908246,0.5714285714285713,-1.006352390504848,-0.936743674367437,1.0,0.4044572843582329,0.43885785226567403,0.4317216819613752,0.13524016788434637,0.4021621621621622,0.6798254726781633,Other_Faults
0.6380510440835266,0.6350877192982456,-0.43491360925708644,-0.43491973917038257,0.10759493670886076,-0.20833333333333334,0.15789473684210525,-0.06277769815106779,-1.0769230769230769,-0.8181818181818182,0.8440366972477065,0.6,0.002883783523983468,-0.3548539114043353,-0.3730787144853283,-0.3506493506493506,-0.22500835840855907,0.045654565456545525,1.0,0.11184482047049069,-0.35350713842333914,0.32351732639364505,0.6115342763873778,-1.122162162162162,0.0,Other_Faults
0.46751740139211134,0.4654970760233918,-0.5195614433220663,-0.5195723454548754,-0.012658227848101266,-0.375,-0.21052631578947367,0.01708470689408055,0.3076923076923077,0.0,-0.06422018348623854,2.3,-0.263770066327021,-0.6352497643732326,0.5139729855612484,0.012987012987012906,1.0287529254429955,0.045654565456545525,1.0,-0.014032191498143082,-0.1076970825574176,-0.15888234488426262,0.01943105860407277,0.2810810810810811,-0.12632453771036767,Other_Faults
-0.3689095127610209,-0.27485380116959063,0.6119829453686957,0.611983467923148,1.518987341772152,3.7083333333333335,0.8947368421052632,1.6935072380679375,0.6153846153846154,0.5454545454545454,-0.05504587155963303,-0.6,0.5233105834855329,0.7313854853911406,-1.2957615277130883,8.428571428571427,0.7248411902373787,-4.197469746974698,0.0,0.9465538588526615,2.750155183116077,-0.8245445829338448,-1.6328307166174414,0.4273873873873874,1.275919384998961,Other_Faults
0.1925754060324826,0.18362573099415205,-0.40871580645822936,-0.40872896182249396,-0.569620253164557,-0.5,-0.5789473684210527,-0.6000286656155941,-0.38461538461538464,-0.7272727272727273,0.9847094801223242,0.6,0.9618379313659519,-0.2987747408105558,0.5556590591523057,-0.5324675324675324,0.657305249080575,0.045654565456545525,0.0,-1.0883202641353693,-0.6542520173805085,-0.9834269278181074,-0.39701538939841435,-0.4273873873873873,-0.39206316226885507,Bumps
-0.8236658932714617,-0.8222222222222222,-0.013678205592770451,-0.013679433699845036,0.8987341772151899,0.4166666666666667,0.3684210526315789,0.9834599398022073,0.0,0.7272727272727273,0.9785932721712538,0.2,-0.6203979621263096,0.24835061262959476,0.4585468095016304,0.7012987012987012,0.2738214643931794,-1.0544554455445545,0.0,0.6690053652496899,0.8265052762259472,0.26544308998767296,-0.4618374009016011,0.2868468468468469,0.8622480781217535,Bumps
-0.7389791183294664,-0.7380116959064328,-0.44769879758222675,-0.4477071959553896,0.7088607594936709,1.0833333333333333,0.0,0.9001576608857675,0.8846153846153846,1.1818181818181819,-0.04281345565749235,-0.6,-0.3821974430452753,0.006597549481621169,0.23917093619003266,1.0519480519480515,-0.6783684386492812,-0.2601760176017603,0.0,0.5633512174989674,0.7690875232774673,0.07231886043007804,-0.6082698585418933,0.769009009009009,0.6085601495948473,Other_Faults
-0.1716937354988399,-0.1824561403508772,0.040868425107774775,0.04086158869187851,-0.43670886075949367,-0.375,-0.5263157894736842,-0.4466676221871865,0.0,0.0,0.9847094801223242,-0.2,0.6536575987695855,-0.962299717247879,0.5880298090358642,-0.45454545454545453,0.1929120695419591,0.045654565456545525,0.0,-0.6941807676434175,-0.49565487274984427,-0.8245445829338448,-0.3754080522306855,0.05117117117117123,-0.3606897984624973,Other_Faults
-0.18213457076566125,-0.18596491228070175,-0.2734389421794986,-0.2734461470252491,0.27848101265822783,-0.25,-0.10526315789473684,0.3192202952558406,0.23076923076923078,0.0,0.039755351681957186,-0.6,0.9412669422282033,-0.7031102733270497,0.8467629250116443,0.2597402597402597,1.0287529254429955,-0.2981298129812983,0.5,0.2647544366487821,0.19304779639975178,-0.07670182166826471,-0.20270480335768692,0.24648648648648652,0.047995013505090396,Other_Faults
-0.5835266821345708,-0.5894736842105263,0.09571798746094365,0.09572027267355618,1.1075949367088607,-0.041666666666666664,0.3157894736842105,0.886111509244661,-1.5769230769230769,0.5454545454545454,0.9847094801223242,-0.2,-0.15130250889166583,-0.8195098963242221,0.07056357708430368,0.07792207792207789,0.36008024072216654,0.045654565456545525,1.0,0.7721832439125041,0.2799503414028555,0.4823996712779077,0.31540494326130886,-0.7466666666666666,0.5861209225015582,Other_Faults
-0.4895591647331787,-0.5005847953216375,-0.11921202007553307,-0.119214082085543,0.26582278481012656,5.333333333333333,0.15789473684210525,0.2335674358606851,-0.5,0.0,-0.06422018348623854,-0.4,0.23070268191867724,-0.5688030160226198,-0.2622263623660921,-0.09090909090909102,-0.5633567368772985,0.045654565456545525,1.0,0.2542302930251748,-0.22501551831160702,0.32351732639364505,0.5375408052230686,-0.17153153153153142,0.06752545190110124,Other_Faults
0.10324825986078887,0.10175438596491228,-0.2720494535922908,-0.27205979611280035,-0.46835443037974683,0.08333333333333333,-0.10526315789473684,-0.41760068797477423,1.1538461538461537,1.4545454545454546,-0.03669724770642202,-0.6,0.6363548976256846,1.014137606032045,-0.08476944573823939,0.28571428571428553,-0.1340688732865263,-2.3608360836083615,0.0,-0.7734213784564592,0.19304779639975178,-0.6845637583892618,-0.824498678688015,1.1502702702702703,-0.21608144608352373,Other_Faults
0.17633410672853828,0.16842105263157894,0.8694506576404254,0.8694555495979398,-0.35443037974683544,-0.2916666666666667,-0.42105263157894735,-0.39432420811236923,-0.5,0.45454545454545453,-0.05504587155963303,0.2,0.46390464289147343,-0.8708765315739864,0.6138798323241734,-0.28571428571428575,-0.1651621531260448,0.045654565456545525,1.0,-0.5156830375567482,-0.49565487274984427,-0.5591014929461718,-0.0472563345251049,-0.3949549549549548,-0.32308331601911483,Bumps
-0.8897911832946636,-0.9064327485380117,-0.05200537072575798,-0.05196081086802344,3.6772151898734178,0.75,4.7368421052631575,3.1277053174716927,-0.5384615384615384,-1.5454545454545454,0.9571865443425076,0.2,-0.7497837162357011,-0.5381715362865218,-1.2880763856544015,-0.45454545454545453,-1.542962219993313,0.045654565456545525,1.0,1.5342550557160533,-0.49565487274984427,2.2717435967675668,1.2222913104305924,-0.8216216216216214,1.3249532516102223,Other_Faults
-0.18329466357308585,-0.19064327485380117,3.0203390204894345,3.0203732050345153,-0.17088607594936708,-0.20833333333333334,-0.2631578947368421,-0.16339400888634084,0.23076923076923078,0.0,-0.03669724770642202,-0.6,0.9695280207632411,-0.1517436380772853,0.6676758267349793,0.0,0.1929120695419591,0.045654565456545525,1.0,-0.21234007428807256,-0.1076970825574176,-0.24708943980276699,-0.08316493082543136,0.15495495495495498,-0.15998337835030127,Bumps
-0.8677494199535963,-0.8842105263157894,-0.5308056772336871,-0.5307352051349681,6.594936708860759,3.25,8.210526315789474,3.0693994553533037,-2.5384615384615383,-3.090909090909091,-0.03669724770642202,2.6,-0.6961453426896087,-0.725730442978322,-1.3581741965533303,-0.28571428571428575,-2.010698762955533,-0.11221122112211208,1.0,1.9830788278992975,-0.49565487274984427,2.80454732228462,1.268925851080367,-3.029189189189189,1.3480157905672137,Other_Faults
0.9431554524361949,0.9426900584795321,1.1104380465326158,1.1104486733289698,-0.25949367088607594,-0.041666666666666664,-0.15789473684210525,-0.29548516554393006,0.15384615384615385,-0.2727272727272727,0.9663608562691132,0.0,-0.5223493223108717,0.16588124410933083,0.07056357708430368,-0.37662337662337664,-0.6429287863590772,0.045654565456545525,1.0,-0.34605860503508074,-0.35350713842333914,-0.07670182166826471,0.31540494326130886,-0.2969369369369368,-0.17639725742779963,Other_Faults
-0.7749419953596288,-0.7883040935672515,0.26461921333488303,0.2646163118700512,-0.3987341772151899,-0.25,-0.3684210526315789,-0.4148487888777411,0.2692307692307692,-0.2727272727272727,0.8379204892966361,-0.02,-0.5188887820820917,0.11451460885956663,0.6350721937587334,-0.2727272727272727,0.1370779003677697,-0.4543454345434545,0.0,-0.6073049938093276,-0.22501551831160702,-0.5591014929461718,-0.34400746152650397,-0.06918918918918916,-0.2775815499688344,Other_Faults
-0.4037122969837587,-0.42105263157894735,-0.50379479746442,-0.5038091779480797,-0.6518987341772152,-0.5833333333333334,-0.5789473684210527,-0.6795470832736134,0.15384615384615385,-1.5454545454545454,-0.04281345565749235,1.2,0.43487455541670655,-0.46701225259189416,0.18141592920354002,-0.6623376623376623,0.07355399531929127,0.045654565456545525,1.0,-1.4636813867106893,-1.2877094972067036,-0.9834269278181074,0.2414114720969999,-0.4980180180180179,-0.4296696447122376,Other_Faults
0.54292343387471,0.5543859649122806,0.7114581267989853,0.7114641385572537,0.1518987341772152,0.625,0.2631578947368421,0.28866274903253547,1.0,1.1818181818181819,0.691131498470948,-0.6,0.0720945880995866,0.9528746465598489,0.13786679087098286,0.7272727272727271,-0.17853560682046138,-1.6287128712871293,0.0,0.15394139496491901,0.7690875232774673,0.0,-0.6757344940152339,0.9102702702702704,0.5339704965717847,Other_Faults
0.339907192575406,0.34619883040935673,1.2379617538270102,1.2379745497317889,-0.0189873417721519,0.3333333333333333,0.10526315789473684,-0.15049448186899814,-0.5384615384615384,-1.7272727272727273,-0.03058103975535168,0.2,0.050754590022108956,1.058435438265787,0.3809967396367026,0.766233766233766,-0.008692744901370935,-1.0544554455445545,0.0,-0.02125464300453977,0.5806952203600249,0.0,-0.5136017410228509,-0.9830630630630627,0.37128610014543934,Bumps
0.37935034802784223,0.39766081871345027,6.1835560704926165,6.183637325131634,2.8037974683544302,0.6666666666666666,0.3684210526315789,2.5316325068080836,-1.2307692307692308,0.0,-0.03669724770642202,-0.6,-0.07786215514755364,-0.6885014137606029,0.4585468095016304,1.7142857142857137,0.39618856569709104,0.045654565456545525,0.0,1.3400742880726368,1.1272501551831164,0.5308861799753459,-0.4618374009016011,-0.5225225225225223,1.2487014336172864,Bumps
0.31322505800464034,0.3169590643274854,0.6030922169179965,0.6030947286320645,-0.31645569620253167,0.3333333333333333,0.0,-0.2818976637523291,0.6153846153846154,0.7272727272727273,-0.012232415902140673,0.2,0.13438431221762942,1.1974552309142317,0.07056357708430368,0.5584415584415584,-0.2393848211300568,-1.7876787678767885,0.0,-0.4438712340074293,0.43885785226567403,-0.3421449116559377,-0.7208145499766827,0.5664864864864865,0.01911489715354246,Other_Faults
-0.5765661252900232,-0.5649122807017544,0.27059422462907967,0.27059771131135596,1.2721518987341771,1.6666666666666667,1.0,1.5263866991543644,0.7692307692307693,1.1818181818181819,-0.03669724770642202,-0.6,0.01249639527059503,0.6258246936852023,0.17070330693991626,1.818181818181818,-0.6155132062855233,-2.1842684268426846,0.0,0.8460586050350796,1.17163252638113,0.37885221202575026,-0.6539717083786725,0.7264864864864865,1.195512154581342,Other_Faults
-0.4965197215777262,-0.5017543859649123,1.5321820177456942,1.5322007084800129,0.7721518987341772,-0.041666666666666664,0.10526315789473684,0.6538053604701161,-0.6923076923076923,-0.2727272727272727,0.9724770642201835,0.0,0.0205709891377487,-0.782280867106503,0.3809967396367026,0.0909090909090908,0.36008024072216654,0.045654565456545525,1.0,0.5998761865456039,0.2799503414028555,0.26544308998767296,0.10819213430747711,-0.4814414414414414,0.37128610014543934,Bumps
-0.8897911832946636,-0.8970760233918129,-0.08377059448759058,-0.08376220715900883,0.7531645569620253,1.0416666666666667,2.263157894736842,0.997276766518561,1.0,1.2727272727272727,-0.06422018348623854,0.0,-0.7497837162357011,1.1875589066918002,-0.49231485794131347,0.4935064935064934,-1.078903376797058,-1.848184818481849,1.0,0.5891456871646714,0.361887026691496,1.090261607998905,0.6911238924296595,0.954954954954955,1.1936422189902347,Other_Faults
-0.8793503480278422,-0.9005847953216374,0.32776363337065634,0.32777837529244985,0.0,-0.375,1.263157894736842,-0.14321341550809805,-0.7692307692307693,-0.8181818181818182,-0.0030581039755351682,-0.6,-0.7245986734595788,0.02686145146088613,-1.204704238472287,-0.6753246753246753,-0.9214309595453025,0.045654565456545525,1.0,0.0,-1.2877094972067036,1.1483358444048766,1.1666407585885281,-1.0515315315315312,0.0,Other_Faults
0.31554524361948955,0.3087719298245614,0.1522441923637031,0.15223931698550722,-0.3924050632911392,-0.4583333333333333,-0.47368421052631576,-0.38675648559552817,0.23076923076923078,0.2727272727272727,-0.03669724770642202,1.0,0.13669133903681627,-0.9406220546654096,0.8467629250116443,-0.28571428571428575,0.694416583082581,0.045654565456545525,0.5,-0.5936855138258361,-0.49565487274984427,-0.6845637583892618,-0.20270480335768692,0.2551351351351352,-0.3421982131726573,Other_Faults
-0.8897911832946636,-0.8935672514619883,-0.1081571184468021,-0.10808593377124,9.39873417721519,3.4583333333333335,8.105263157894736,7.4725526730686544,-0.8846153846153846,-2.090909090909091,0.9571865443425076,0.2,-0.7497837162357011,0.5235626767200754,-1.1909641360037262,0.40259740259740256,-1.6716817118020728,-0.3382838283828383,1.0,2.2707387536112242,0.5806952203600249,2.7393507738665948,1.1574692989274056,-1.246126126126126,1.3486391024309161,Other_Faults
0.11136890951276102,0.11461988304093568,-0.1686182792956208,-0.16862045198931627,0.7278481012658228,0.125,0.3684210526315789,0.9640819836605992,0.8846153846153846,1.1818181818181819,-0.03058103975535168,-0.4,0.6088628280303757,0.15975494816211136,0.5291103865859341,0.6623376623376621,-0.1651621531260448,-0.6144114411441146,1.0,0.574494428394552,0.511483550589696,0.37885221202575026,0.009326908129954929,0.9398198198198199,0.6918761687097442,Other_Faults
-0.2099767981438515,-0.19649122807017544,0.428089758227934,0.4281031632309865,4.044303797468355,0.875,1.0,2.339056901246954,-3.1923076923076925,0.6363636363636364,0.764525993883792,0.0,0.6377006632702104,-0.3572101790763429,0.4061481136469493,1.2597402597402594,0.07355399531929127,0.045654565456545525,1.0,1.6046223689640928,1.1272501551831164,0.9973976167648273,0.09140369967355824,-2.2457657657657655,1.3390816538541448,Bumps
0.6078886310904872,0.6093567251461989,1.576476305327758,1.5764924112276542,0.0189873417721519,-0.20833333333333334,-0.15789473684210525,-0.03938655582628637,0.0,-0.8181818181818182,-0.0856269113149847,-0.6,-0.6327021051619723,-0.25070688030160204,0.8467629250116443,0.20779220779220764,0.6108324974924773,-0.32123212321232136,0.5,0.020841931489888558,0.09993792675356922,-0.15888234488426262,-0.20270480335768692,-0.3935135135135133,-0.04342405983793886,Other_Faults
0.11600928074245939,0.12046783625730995,-0.19332456444371282,-0.1933265295550187,0.6835443037974683,1.2916666666666667,0.7368421052631579,0.8138741579475419,0.6538461538461539,0.5454545454545454,-0.03058103975535168,-0.4,0.5948284148803229,0.48162111215834114,0.5430833721471824,0.766233766233766,-1.0287529254429957,-1.5011001100110015,1.0,0.5482872472141967,0.5806952203600249,0.4317216819613752,0.0,0.5297297297297298,0.8107209640556824,Other_Faults
-0.8851508120649652,-0.9029239766081871,-0.3122599490170236,-0.31226186885467483,-0.0189873417721519,-0.25,0.42105263157894735,-0.004357173570302422,0.2692307692307692,-0.09090909090909091,0.9571865443425076,2.6,-0.7407478611938862,0.06691800188501433,-0.7654867256637169,-0.5324675324675324,-0.5315947843530592,0.045654565456545525,1.0,-0.02125464300453977,-0.6542520173805085,0.5777290782084651,0.8734649463702784,0.1657657657657658,-0.006233118637024729,Other_Faults
-0.7099767981438515,-0.6982456140350877,-0.19758611857775693,-0.1975944497577962,0.006329113924050633,1.2083333333333333,0.3684210526315789,0.14378672781997992,1.0769230769230769,1.2727272727272727,-0.06116207951070336,-0.4,-0.30971835047582424,1.17200754005655,-0.6814159292035399,1.9220779220779216,-0.17485790705449686,-3.0346534653465356,0.0,0.007016095749070624,1.2141527001862202,-0.4456923709080945,-1.2229131043059225,1.0926126126126126,0.48057344691460635,Other_Faults
-0.8631090487238979,-0.8666666666666667,1.0182100841529405,1.0182211003555548,0.26582278481012656,0.875,0.10526315789473684,0.30437150637809945,0.46153846153846156,-0.18181818181818182,-0.03058103975535168,-0.6,-0.6849947130635392,0.6738925541941566,0.6138798323241734,0.766233766233766,-0.7225008358408559,-0.5044004400440045,0.0,0.2542302930251748,0.5806952203600249,0.14025475962197,-0.35815327219026893,0.23783783783783793,0.5073758570538125,Other_Faults
-0.22157772621809746,-0.22923976608187135,2.5599349748792877,2.5599648047788084,0.08227848101265822,-0.25,-0.10526315789473684,0.06226171707037409,0.15384615384615385,-0.09090909090909091,-0.04281345565749235,-0.6,0.878784965875228,-0.5617342130065973,0.26455519329296706,0.0,0.36008024072216654,0.045654565456545525,1.0,0.08666941807676394,-0.1076970825574176,0.0,0.1859163687237681,-0.10378378378378375,-0.05568252649075418,Bumps
-0.648491879350348,-0.6502923976608187,-0.48114644904673826,-0.4811184633173179,5.215189873417722,2.4166666666666665,3.789473684210526,3.9718503654865986,-0.6923076923076923,-2.1818181818181817,0.06116207951070336,3.0,-0.17610304719792366,0.3209236569274271,-0.9466697717745692,0.7142857142857142,-1.4680708793045805,-0.13751375137513766,1.0,1.7981840693355338,0.5806952203600249,2.014518559101494,0.9944038551220271,-1.349189189189189,1.3484313318096819,Other_Faults
0.2819025522041763,0.27251461988304093,-0.1972858165401734,-0.19728993641245937,-0.25316455696202533,-0.2916666666666667,0.05263157894736842,-0.28648416224738427,0.0,-0.18181818181818182,0.9724770642201835,-0.2,0.7841968662885705,-0.2191328934967011,-0.6241266884024219,-0.6103896103896104,-0.6429287863590772,0.045654565456545525,1.0,-0.3357408171687995,-0.8342644320297948,0.20435556773044794,0.7791077257889011,-0.26450450450450436,-0.22106794099314353,Bumps
-0.35730858468677495,-0.3672514619883041,1.6392052461871898,1.6392211085074664,-0.2468354430379747,-0.2916666666666667,-0.3157894736842105,-0.22502508241364483,0.5,0.0,-0.0672782874617737,-0.6,0.5556089589541477,-0.27803958529688966,0.652771308802981,-0.09090909090909102,0.3122701437646269,0.045654565456545525,1.0,-0.3256293850598434,-0.22501551831160702,-0.3421449116559377,-0.07321622882014611,0.3452252252252253,-0.22376895906918756,Bumps
-0.3375870069605568,-0.34035087719298246,-0.45414450996860767,-0.4541529913965776,0.4810126582278481,0.25,0.15789473684210525,0.4146194639529884,0.11538461538461539,-1.0,0.9847094801223242,-0.2,0.3293280784389118,-0.42742695570216765,0.8467629250116443,0.15584415584415579,-0.20962888665997984,-1.0022002200220026,0.5,0.4176640528270736,0.361887026691496,0.07231886043007804,-0.20270480335768692,-0.32144144144144143,0.26386868896737997,Bumps
0.6624129930394431,0.6596491228070176,1.0383855425868784,1.0383931372474255,-0.2911392405063291,-0.2916666666666667,-0.3684210526315789,-0.3041421814533467,-0.07692307692307693,0.0,0.9785932721712538,-0.2,0.03556666346246267,-0.6135721017907632,0.6350721937587334,-0.37662337662337664,0.07355399531929127,0.045654565456545525,1.0,-0.3990920346677676,-0.35350713842333914,-0.4456923709080945,-0.06140214518886988,-0.03459459459459458,-0.2775815499688344,Bumps
1.013921113689095,1.0315789473684212,0.29328675057943565,0.29330315197608914,3.3164556962025316,1.1666666666666667,1.5789473684210527,2.384348573885624,-0.8461538461538461,-1.7272727272727273,0.9602446483180428,0.0,-0.6996058829183888,0.2271442035815269,-0.21634839310666043,0.7792207792207791,-0.608826479438315,-0.18371837183718367,1.0,1.458935204292199,0.8814400993171942,1.2565401999726071,0.50691745686305,-1.462342342342342,1.3413671306877206,Other_Faults
0.425754060324826,0.4222222222222222,2.497728801489835,2.4977599335645495,0.0949367088607595,-0.041666666666666664,0.15789473684210525,0.12091156657589222,0.34615384615384615,0.6363636363636364,-0.03669724770642202,-0.6,-0.13707584350668078,-0.16399622997172472,-0.20121099208197468,-0.09090909090909102,-0.4757606151788698,-0.21617161716171623,1.0,0.0992571192736273,-0.22501551831160702,0.26544308998767296,0.49681330638893206,0.21189189189189195,0.0319966756700603,Bumps
-0.308584686774942,-0.3017543859649123,0.49292554665752264,0.49293347593042897,2.2025316455696204,0.7083333333333334,0.3684210526315789,1.8081697004443171,-2.1153846153846154,1.2727272727272727,0.8929663608562691,0.6,0.40642122464673647,-0.6899151743638074,0.8467629250116443,0.8051948051948049,-0.11501170177198256,0.045654565456545525,0.5,1.1770532397853892,0.8814400993171942,0.5308861799753459,-0.20270480335768692,-0.8619819819819818,1.132142115104924,Other_Faults
0.04176334106728538,0.047953216374269005,-0.4951423121363571,-0.4951513218324761,0.33544303797468356,0.25,0.10526315789473684,0.16820983230614878,-0.4230769230769231,-1.6363636363636365,-0.06116207951070336,-0.6,0.7524752475247523,0.6182846371347785,0.3174196553330231,0.9610389610389607,0.4095620193915076,-0.7794279427942798,0.0,0.3105654147750714,0.7091868404717571,0.07231886043007804,-0.5560391730141458,-0.8987387387387386,0.5535009349677954,Other_Faults
-0.08584686774941995,-0.09239766081871345,-0.18465209404134492,-0.1846439547395346,0.7025316455696202,0.375,1.3157894736842106,0.7415794754192346,0.19230769230769232,-0.09090909090909091,-0.04281345565749235,2.1,1.1019898106315482,0.6644674835061265,-0.8167210060549605,0.0,-0.9772651287194917,-0.0825082508250826,1.0,0.5596368138671065,-0.1076970825574176,1.1483358444048766,0.9076636095134465,0.14702702702702714,0.9191772283399127,Bumps
0.9454756380510441,0.9450292397660819,0.2965553620743245,0.2965633907113963,0.41139240506329117,0.16666666666666666,0.631578947368421,0.21722803497205104,-0.6538461538461539,-1.4545454545454546,0.8562691131498471,-0.02,-0.6055945400365278,-0.13242224316682352,-0.7058686539357243,-0.36363636363636365,-0.9772651287194917,0.045654565456545525,1.0,0.3681386710689225,-0.35350713842333914,0.7478427612655807,0.8336701383491373,-0.9845045045045044,0.30209848327446504,Bumps
0.6995359628770301,0.695906432748538,-0.035955778289793044,-0.03595729344962342,-0.0949367088607595,-0.3333333333333333,0.10526315789473684,-0.1601834599398022,-0.038461538461538464,-1.0,0.039755351681957186,-0.6,-0.7276747092184945,-0.059377945334589996,-0.43409408476944567,-0.29870129870129875,0.0,0.045654565456545525,1.0,-0.11163846471316555,-0.49565487274984427,0.26544308998767296,0.6522617752215142,-0.5023423423423422,-0.09162684396426339,Other_Faults
1.0162412993039442,1.0491228070175438,-0.05106133892634922,-0.051051478270290565,4.3924050632911396,2.7916666666666665,2.3684210526315788,3.2282069657445893,-0.9230769230769231,-2.3636363636363638,0.9724770642201835,0.0,-0.7247909256945111,0.47219604147031097,0.6250582207731722,1.7792207792207788,-0.8709461718488799,-1.7876787678767885,1.0,1.6667354519191073,1.4459962756052145,1.1483358444048766,-0.05471786102906884,-1.4544144144144142,1.3482235611884479,Bumps
-0.87122969837587,-0.87953216374269,-0.5405752230307996,-0.5405774551256985,0.6139240506329114,1.25,2.0526315789473686,1.0751899097033109,1.4615384615384615,3.4545454545454546,-0.06422018348623854,0.6,-0.7044121887916945,0.7615457115928368,-0.28015836050302745,0.38961038961038946,-1.2657973921765295,-2.4631463146314636,1.0,0.5055716054477911,0.2799503414028555,0.7870154773318729,0.5495103373231774,2.0043243243243243,0.9006856430500726,Other_Faults
-0.857308584686775,-0.8748538011695907,1.138533379544435,1.1385480498655065,-0.02531645569620253,-0.20833333333333334,0.21052631578947367,0.010835602694567866,0.07692307692307693,1.2727272727272727,0.8685015290519877,0.6,-0.684802460828607,-0.4208294062205465,-0.6353050768514207,-0.5194805194805195,-0.6429287863590772,0.045654565456545525,1.0,-0.028477094510937377,-0.6542520173805085,0.37885221202575026,0.7865692522928649,0.05117117117117123,-0.10326199875337619,Other_Faults
-0.4756380510440835,-0.4807017543859649,-0.06283833284510147,-0.0628344091665354,0.5379746835443038,0.875,1.105263157894737,0.34874587931775836,-0.5769230769230769,-0.8181818181818182,0.0,-0.6,0.24915889647217132,0.8755890669180018,-0.28015836050302745,0.3636363636363634,-1.0407890337679706,-1.0825082508250825,1.0,0.45645893520429126,0.2799503414028555,0.7870154773318729,0.5495103373231774,-0.8771171171171168,0.9006856430500726,Other_Faults
-0.6716937354988399,-0.6853801169590643,1.5216472539719021,1.521660549664996,-0.34177215189873417,-0.4166666666666667,-0.42105263157894735,-0.3470832736133008,0.0,0.6363636363636364,0.9602446483180428,0.0,-0.32163798904162255,-0.5881244109330817,0.8467629250116443,-0.37662337662337664,0.0999665663657637,0.045654565456545525,0.5,-0.49112670243499823,-0.35350713842333914,-0.5591014929461718,-0.20270480335768692,0.07279279279279287,-0.30085185954705995,Bumps
-0.13921113689095127,-0.1368421052631579,0.5856799579682332,0.5856796156715506,-0.4177215189873418,0.125,-0.15789473684210525,-0.49792174286942814,-0.5,-1.6363636363636365,-0.012232415902140673,0.2,1.0660386426992212,0.8119698397737984,-0.6669771774569166,0.753246753246753,0.47141424272818455,-2.8877887788778884,0.0,-0.6496079240610815,0.5806952203600249,-0.9834269278181074,-1.2131198507694698,-1.083243243243243,-0.20299189694577185,Other_Faults
-0.46403712296983757,-0.47953216374269003,-0.3922012980831684,-0.39219846275983233,0.4430379746835443,-0.4583333333333333,1.0,0.467364196646123,0.23076923076923078,0.0,-0.44954128440366975,-0.6,0.40026915312890493,-0.7035815268614513,-1.0414531904983697,-0.40259740259740256,0.025743898361751682,0.045654565456545525,1.0,0.3910441601320671,-0.8342644320297948,0.9973976167648273,1.057671381936888,0.12180180180180188,0.16102223145647207,Bumps
0.9733178654292344,0.9777777777777777,1.2667733939757624,1.2667886648457225,0.5063291139240507,0.08333333333333333,0.15789473684210525,0.18288662749032536,-1.3076923076923077,-1.6363636363636365,0.9541284403669725,-0.2,-0.5992502162837642,-0.6017907634307255,0.1481136469492315,-0.06493506493506498,-0.27950518221330656,-0.21617161716171623,1.0,0.4352042921997515,0.09993792675356922,0.26544308998767296,0.2636406031400591,-1.5300900900900898,0.2329108664034906,Bumps
-0.5185614849187935,-0.5321637426900585,4.578649945119934,4.578702631147824,-0.41139240506329117,-0.375,-0.42105263157894735,-0.4325641393148918,-0.23076923076923078,-0.09090909090909091,-0.05504587155963303,0.6,0.15764683264442939,-0.3996229971724786,0.6138798323241734,-0.28571428571428575,0.1929120695419591,0.045654565456545525,1.0,-0.6353693768056132,-0.49565487274984427,-0.5591014929461718,-0.0472563345251049,-0.14702702702702702,-0.32308331601911483,Bumps
0.8120649651972158,0.816374269005848,0.050006337372246724,0.05000750764767648,0.740506329113924,-0.041666666666666664,0.2631578947368421,0.49838039271893364,-1.5,-0.8181818181818182,0.8623853211009175,0.2,-0.34586177064308365,-0.44721960414703094,0.03679552864462049,0.038961038961038946,0.1929120695419591,0.045654565456545525,1.0,0.5819232356582748,0.19304779639975178,0.4317216819613752,0.33794497124203327,-0.9859459459459456,0.4568875960939122,Bumps
-0.8433874709976799,-0.8514619883040936,-0.543388385200737,-0.5434016980694958,-0.16455696202531644,-0.16666666666666666,-0.42105263157894735,0.19400888634083416,2.576923076923077,5.636363636363637,-0.06422018348623854,0.6,-0.6361626453907526,-0.1050895381715362,-0.026548672566371605,0.38961038961038946,-0.1651621531260448,0.045654565456545525,0.0,-0.203466776723071,0.2799503414028555,-0.5591014929461718,-0.7856365614798694,3.532972972972973,-0.14897153542489086,Other_Faults
-0.8190255220417634,-0.8385964912280702,-0.13130877518316583,-0.13131677829088073,-0.5949367088607594,-0.5416666666666666,-0.42105263157894735,-0.678859108499355,-1.3076923076923077,-2.909090909090909,0.9663608562691132,2.82,-0.6109776026146303,0.22855796418473154,-0.08476944573823939,-0.6753246753246753,0.1929120695419591,0.045654565456545525,1.0,-1.1879900949236482,-1.0418994413407816,-0.5591014929461718,0.41908907197264117,-2.0136936936936936,-0.3843756492831913,Bumps
0.6090487238979119,0.6877192982456141,0.24063186493876415,0.24064758786248724,11.677215189873417,4.708333333333333,3.263157894736842,12.93748029238928,0.38461538461538464,1.1818181818181819,0.8685015290519877,1.46,-0.08651350571950404,0.37276154571159276,-0.14299021891010716,5.129870129870129,-0.31862253426947523,-2.292079207920793,0.0,2.4513000412711508,2.4494103041589077,1.2565401999726071,-0.8633607958961604,0.5520720720720721,1.3486391024309161,Other_Faults
0.031322505800464036,0.025730994152046785,0.6549482255094747,0.6549540350516424,0.27848101265822783,-0.2916666666666667,0.0,0.28826143041421814,-0.15384615384615385,0.6363636363636364,-0.04281345565749235,-0.6,0.8164952417571852,-1.0739868049010364,0.1618537494177923,0.0,0.550986292209963,-0.2601760176017603,1.0,0.2647544366487821,-0.1076970825574176,0.07231886043007804,0.25446914347893673,0.06990990990991,-0.01869935591107419,Bumps
-0.6044083526682135,-0.6105263157894737,-0.4111266375270259,-0.41111352746628854,2.6645569620253164,1.375,2.1052631578947367,2.661946395298839,-0.038461538461538464,-0.2727272727272727,0.9724770642201835,4.6,-0.19071421705277322,0.06220546654099925,-0.828365160689334,0.0909090909090908,-1.3239719157472416,-0.04895489548954907,1.0,1.304993809327279,0.2799503414028555,1.511573757019587,0.9154360329550756,-0.057657657657657506,1.3135258674423433,Other_Faults
0.39327146171693733,0.3883040935672515,0.6955952370308701,0.6956010443913665,-0.13924050632911392,-0.375,-0.10526315789473684,-0.12142754765658592,0.46153846153846156,-0.18181818181818182,-0.04892966360856269,-0.6,-0.06459675093722966,-0.222902921771913,-0.026548672566371605,-0.18181818181818182,0.47141424272818455,0.045654565456545525,1.0,-0.1690053652496906,-0.35350713842333914,0.0,0.3802269547644956,0.24000000000000005,-0.14897153542489086,Other_Faults
0.4779582366589327,0.46900584795321637,-0.2905945507013446,-0.29060670996997207,-0.6518987341772152,-0.625,-0.631578947368421,-0.6599398022072523,0.38461538461538464,0.5454545454545454,0.9785932721712538,0.6,0.40545996347207525,-0.37323279924599423,0.8467629250116443,-0.6883116883116883,1.0287529254429955,0.045654565456545525,0.5,-1.4636813867106893,-1.0418994413407816,-1.1666894945897825,-0.20270480335768692,0.27243243243243254,-0.42800747974236436,Bumps
0.31786542923433875,0.31812865497076026,0.11981998707281247,0.11982310877621662,0.7848101265822784,-0.041666666666666664,0.3684210526315789,0.7815393435574028,-0.11538461538461539,0.7272727272727273,0.8501529051987767,0.6,0.637316158800346,-0.2676720075400563,-0.08476944573823939,0.038961038961038946,0.1929120695419591,0.045654565456545525,1.0,0.6070986380520015,0.19304779639975178,0.5308861799753459,0.41908907197264117,-0.030270270270270135,0.556825264907542,Bumps
-0.6009280742459396,-0.5929824561403508,-0.38033910463711573,-0.3803471609915775,0.9177215189873418,1.375,0.21052631578947367,1.181252687401462,0.9230769230769231,1.2727272727272727,-0.04281345565749235,-0.6,-0.04575603191387097,0.027332704995287588,-0.15137401024685598,1.5324675324675323,-0.5810765630224007,-1.454345434543455,0.0,0.67891044160132,1.034450651769088,0.0,-0.8689569407741333,0.9261261261261261,0.7781009765219198,Other_Faults
-0.7053364269141531,-0.6900584795321637,-0.33421776052516566,-0.33422627445277664,0.25316455696202533,1.3333333333333333,0.631578947368421,0.40814103482872294,0.9615384615384616,1.4545454545454546,-0.03669724770642202,0.6,-0.30087474766894157,1.283223374175306,-0.5505356311131812,2.1948051948051943,-0.10665329321297237,-2.8877887788778884,0.0,0.2437061494015675,1.3351955307262573,-0.15888234488426262,-1.1353956163531789,0.9225225225225224,0.8865572408061498,Bumps
-0.7494199535962877,-0.743859649122807,-0.3550590374872661,-0.3550683458903452,0.13291139240506328,1.1666666666666667,0.5789473684210527,0.3016769385122546,1.0384615384615385,1.4545454545454546,-0.04281345565749235,-0.6,-0.40776699029126207,0.8986804901036757,-0.3607359105728924,1.4415584415584415,-0.47241725175526567,-2.98899889988999,0.0,0.136194799834915,0.985412787088765,-0.24708943980276699,-1.0087051142546244,1.1416216216216215,0.4770413463536256,Other_Faults
-0.7645011600928074,-0.7801169590643274,-0.5093480185061788,-0.509355633457444,-0.14556962025316456,-0.16666666666666666,0.15789473684210525,0.1287659452486742,2.1538461538461537,4.090909090909091,-0.06422018348623854,0.6,-0.44294914928386037,0.1503298774740812,-0.43409408476944567,-0.28571428571428575,-0.5446339017051154,-0.21617161716171623,1.0,-0.17746595130004184,-0.49565487274984427,0.26544308998767296,0.6522617752215142,2.6421621621621623,-0.09162684396426339,Other_Faults
-0.888631090487239,-0.895906432748538,-0.48991937074363934,-0.489869409004812,6.310126582278481,1.75,5.947368421052632,7.229009602981224,0.23076923076923078,2.1818181818181817,0.9571865443425076,2.6,-0.7474766894165144,0.48162111215834114,-1.175128085700978,0.1688311688311687,-1.4125710464727517,-0.03850385038503855,1.0,1.9479983491539408,0.361887026691496,2.4832214765100677,1.14689880304679,0.732972972972973,1.3486391024309161,Other_Faults
-0.5359628770301624,-0.5508771929824562,-0.11160191414938002,-0.11161018925846267,-0.4873417721518987,-0.4583333333333333,-0.47368421052631576,-0.49591514977784146,-0.11538461538461539,0.6363636363636364,0.9663608562691132,1.6,-0.055945400365279264,-0.43873704052780366,0.5880298090358642,-0.5324675324675324,0.36008024072216654,0.045654565456545525,1.0,-0.8245976062732151,-0.6542520173805085,-0.6845637583892618,-0.030001554484688303,0.08072072072072083,-0.3606897984624973,Bumps
1.013921113689095,1.0304093567251462,1.0060360183631278,1.006086322433351,6.341772151898734,3.375,4.368421052631579,4.887028808943672,-0.6923076923076923,-2.1818181818181817,0.9724770642201835,0.0,-0.6884552532923194,0.5131950989632423,-0.8809967396367024,0.7012987012987012,-1.5279170845870944,-0.38998899889989047,1.0,1.9519191085431278,0.8265052762259472,2.0939597315436247,0.950567386911239,-1.3333333333333333,1.3486391024309161,Bumps
0.9164733178654292,0.935672514619883,0.6978030618185681,0.6978136309955667,1.3354430379746836,2.4166666666666665,1.1578947368421053,1.4405618460656442,0.34615384615384615,0.45454545454545453,1.0275229357798166,0.6,-0.46640392194559255,0.5325164938737041,0.6741965533302282,0.9090909090909091,-1.1718488799732532,-2.0170517051705175,0.0,0.8728848534874112,0.985412787088765,0.5308861799753459,-0.3178921187626302,0.2702702702702703,1.188863494701849,Other_Faults
0.5348027842227379,0.5649122807017544,1.5602226547646785,1.5602401290210948,0.9050632911392406,1.4583333333333333,0.42105263157894735,1.0336820983230615,0.6538461538461539,0.6363636363636364,-0.012232415902140673,-0.6,-0.4606363548976256,0.9731385485391141,-0.46693060083837906,2.5584415584415585,0.013707790036776971,-1.8580858085808585,0.0,0.6723070573668997,1.4810676598386097,0.07231886043007804,-1.079589616042282,0.44396396396396404,1.1766050280490337,Other_Faults
0.8596287703016241,0.895906432748538,0.39067454359086556,0.390669584875732,-0.22784810126582278,0.875,-0.15789473684210525,-0.20587645119678946,-0.8846153846153846,6.454545454545454,0.9663608562691132,0.0,-0.4312217629529943,-0.541941564561734,-1.3157894736842106,2.0779220779220777,1.0287529254429955,-4.354785478547856,0.0,-0.29591415600495286,1.5810055865921788,-1.9915080126010138,-1.6461992849370433,0.3336936936936937,-0.23893621441928106,Other_Faults
0.030162412993039442,0.019883040935672516,0.7805649359767626,0.780566578897751,-0.6139240506329114,-0.5,-0.631578947368421,-0.6279489752042425,0.15384615384615385,-0.5454545454545454,0.9571865443425076,0.0,1.0575795443622031,-0.14420358152686122,0.26455519329296706,-0.5324675324675324,0.657305249080575,0.045654565456545525,0.0,-1.2707387536112256,-0.6542520173805085,-1.1666894945897825,-0.5913259754391419,0.013693693693693785,-0.40681487637648034,Other_Faults
-0.8816705336426914,-0.8947368421052632,-0.35414182776126674,-0.3541479687671338,0.44936708860759494,-0.375,0.05263157894736842,0.3379102766231905,-0.8076923076923077,0.0,0.9571865443425076,2.6,-0.733826780736326,-1.213949104618284,-0.011178388448998407,-0.22077922077922077,1.0287529254429955,0.045654565456545525,1.0,0.39558398679323137,-0.1076970825574176,0.20435556773044794,0.3699673558215452,-0.549189189189189,0.05776023270309576,Other_Faults
0.04176334106728538,0.03508771929824561,-0.48046853428939124,-0.4804805104884862,-0.189873417721519,-0.2916666666666667,-0.3684210526315789,-0.24606564425971048,-0.4230769230769231,-0.09090909090909091,-0.04892966360856269,2.6,0.790541190041334,-0.9175306314797358,0.8467629250116443,-0.09090909090909102,0.3122701437646269,0.045654565456545525,0.5,-0.23937267849773022,-0.22501551831160702,-0.4456923709080945,-0.20270480335768692,-0.4756756756756755,-0.2511946810720963,Bumps
0.4466357308584687,0.4608187134502924,-0.3563060009392985,-0.3562706213781517,7.310126582278481,3.6666666666666665,5.2631578947368425,8.354135015049447,0.5769230769230769,0.8181818181818182,-0.06422018348623854,0.0,-0.2524271844660194,0.5263901979264844,-0.8642291569632046,1.3506493506493502,-1.5172183216315613,-0.8866886688668869,1.0,2.065621130829549,0.9345127250155186,2.156142994110397,0.9393750971552931,0.7286486486486486,1.3486391024309161,Other_Faults
0.6125290023201856,0.6128654970760234,1.5846233786451067,1.584644322890384,0.06329113924050633,0.16666666666666666,0.3684210526315789,-0.40693707897377096,-2.8461538461538463,-4.363636363636363,-0.07951070336391437,-0.6,-0.635778140920888,0.7243166823751176,-0.16581276199347914,0.10389610389610371,-0.5760615178869943,-0.3943894389438944,1.0,0.06747833264548023,0.0,0.4317216819613752,0.4731851391263796,-3.3088288288288283,0.2985663827134843,Other_Faults
-0.4976798143851508,-0.5099415204678363,-0.34476146499009425,-0.34475644060188454,0.9177215189873418,0.4166666666666667,1.1578947368421053,0.8849648846208973,-0.07692307692307693,-0.18181818181818182,0.0061162079510703364,-0.6,0.19475151398635004,-0.3171536286522147,-0.8998602701443875,-0.19480519480519484,-1.2360414577064527,0.045654565456545525,1.0,0.67891044160132,-0.35350713842333914,1.090261607998905,0.9631587128866782,-0.1398198198198198,0.6368169540826926,Bumps
-0.4651972157772622,-0.4584795321637427,-0.43156453154196944,-0.43155536633770636,3.0632911392405062,1.0416666666666667,1.7894736842105263,3.262605704457503,0.3076923076923077,0.0,0.9571865443425076,2.6,0.08439873113524941,0.6804901036757776,-0.271075919888216,0.857142857142857,-0.42494149114008684,-0.16611661166116617,1.0,1.4023937267849764,0.9345127250155186,1.355704697986578,0.5434478470387067,0.26306306306306315,1.345938084354872,Bumps
-0.8654292343387471,-0.8619883040935673,0.9564041381725964,0.9564175135670162,0.9683544303797469,0.9166666666666666,0.5263157894736842,0.9980794037551957,0.34615384615384615,-0.09090909090909091,-0.03669724770642202,-0.6,-0.690570027876574,0.7770970782280865,0.6676758267349793,1.3376623376623373,-0.2928786359077232,-0.7403740374037409,0.0,0.704704911267024,0.9345127250155186,0.4823996712779077,-0.3222446758899425,0.08000000000000008,1.130895491377519,Other_Faults
0.8863109048723898,0.8888888888888888,0.07503448740125138,0.07503598017139526,0.5822784810126582,-0.125,0.3157894736842105,0.32632936792317613,-1.6538461538461537,-0.18181818181818182,0.9541284403669725,1.46,-0.42603095260982404,-0.5683317624882185,-0.16581276199347914,-0.14285714285714288,0.0999665663657637,-0.18371837183718367,1.0,0.48534874122987987,0.0,0.4317216819613752,0.4731851391263796,-1.1502702702702698,0.2985663827134843,Other_Faults
0.2517401392111369,0.24561403508771928,0.3961283651841072,0.3961261063919139,-0.4430379746835443,-0.4583333333333333,-0.5263157894736842,-0.44592231618174,0.15384615384615385,0.6363636363636364,0.7767584097859327,0.0,0.7476689416514466,-0.5174363807728555,0.3809967396367026,-0.3506493506493506,1.0287529254429955,0.045654565456545525,0.0,-0.7094510936855138,-0.35350713842333914,-0.8245445829338448,-0.5136017410228509,0.1571171171171172,-0.3442759193849989,Bumps
-0.642691415313225,-0.656140350877193,-0.2226689645995964,-0.22267761897912294,-0.25949367088607594,-0.20833333333333334,-0.3684210526315789,-0.28103769528450623,-0.4230769230769231,0.45454545454545453,0.9724770642201835,-0.2,-0.26569258867634327,-0.8279924599434492,0.6350721937587334,-0.37662337662337664,-0.22500835840855907,0.045654565456545525,1.0,-0.34605860503508074,-0.35350713842333914,-0.4456923709080945,-0.06140214518886988,-0.13405405405405388,-0.2775815499688344,Bumps
-0.5359628770301624,-0.5450292397660819,-0.26141055706290933,-0.26141971063869174,-0.1518987341772152,-0.125,-0.3157894736842105,-0.1697004443170417,0.07692307692307693,-0.09090909090909091,-0.04281345565749235,0.6,0.11246755743535515,-0.5282752120640902,0.4883558453656265,0.10389610389610371,0.0999665663657637,-0.412541254125413,0.0,-0.18613289310771822,0.0,-0.4456923709080945,-0.44193999689103064,-0.09009009009008996,-0.19509661333887382,Bumps
-0.41647331786542924,-0.4304093567251462,-0.05426052858417845,-0.05426490925476012,-0.2974683544303797,-0.4166666666666667,-0.15789473684210525,-0.28476422531173856,0.46153846153846156,-0.18181818181818182,-0.04281345565749235,1.2,0.4037296933576851,-0.28180961357210155,-0.24010246856078243,-0.37662337662337664,0.11701771982614483,0.045654565456545525,1.0,-0.4100288898060257,-0.6542520173805085,-0.07670182166826471,0.5227732006839734,0.2774774774774775,-0.25368792852690625,Other_Faults
-0.49071925754060325,-0.5017543859649123,-0.491848982260091,-0.4918600532398721,-0.22784810126582278,-0.375,-0.2631578947368421,-0.5583488605417801,-2.5384615384615383,-5.090909090909091,-0.05504587155963303,4.6,0.22570412381043914,-0.13289349670122524,0.4883558453656265,-0.09090909090909102,0.75025075225677,0.045654565456545525,1.0,-0.29591415600495286,-0.22501551831160702,-0.24708943980276699,0.036530390175656804,-3.429189189189189,-0.19509661333887382,Other_Faults
0.34454756380510443,0.34502923976608185,-0.337825592360232,-0.3378115377950236,1.8417721518987342,0.7916666666666666,2.210526315789474,1.7302565572595672,0.07692307692307693,-0.7272727272727273,-0.06422018348623854,0.0,0.028837835239834683,0.5895381715362866,-0.8691197019096414,0.29870129870129863,-1.0608492143095953,-0.22937293729372982,1.0,1.0627321502269904,0.19304779639975178,1.511573757019587,0.9426395150007774,-0.3048648648648647,1.2977353002285477,Other_Faults
0.6624129930394431,0.6573099415204678,-0.5475452806561836,-0.5475565433685645,-0.43037974683544306,-0.3333333333333333,-0.21052631578947367,-0.5074960584778558,-0.34615384615384615,-2.272727272727273,-0.024464831804281346,2.3,-0.6934538114005574,0.37464655984919887,-0.15137401024685598,-0.37662337662337664,-0.257104647275159,0.045654565456545525,1.0,-0.6791167973586465,-0.6542520173805085,-0.15888234488426262,0.4635473340587596,-1.0659459459459457,-0.2730105963016829,Bumps
-0.7354988399071926,-0.7508771929824561,0.6284538021340904,0.6284576924988475,-0.17088607594936708,-0.375,-0.21052631578947367,-0.17938942238784578,0.0,0.7272727272727273,0.9724770642201835,-0.2,-0.4475632029222339,-0.8784165881244106,0.015137401024685752,-0.45454545454545453,0.1929120695419591,0.045654565456545525,1.0,-0.21234007428807256,-0.49565487274984427,-0.15888234488426262,0.35240167884346335,0.0,-0.23893621441928106,Bumps
-0.7041763341067285,-0.7181286549707603,-0.4186494402338464,-0.4186548346489905,-0.1962025316455696,0.125,0.2631578947368421,-0.09482585638526587,1.0769230769230769,1.3636363636363635,-0.03058103975535168,2.3,-0.29875997308468705,0.8213949104618286,-0.42361434559850947,-0.19480519480519484,-0.9214309595453025,-0.19361936193619372,1.0,-0.2484523318200583,-0.35350713842333914,0.37885221202575026,0.6451111456552153,1.1156756756756758,0.0319966756700603,Other_Faults
0.03480278422273782,0.05497076023391813,-0.16486003348025868,-0.16485689845005863,1.3227848101265822,1.5,1.3157894736842106,1.6696001146624624,0.9230769230769231,1.4545454545454546,-0.03669724770642202,-0.4,0.7492069595309042,1.4396795475966069,0.7098276665114115,2.1038961038961035,-0.3202942159812771,-1.361386138613862,0.0,0.8675196037969455,1.2960893854748607,0.8245445829338454,-0.29410850303124514,0.9765765765765766,1.3376272595055059,Other_Faults
-0.20649651972157773,-0.21403508771929824,1.6582163110813555,1.658236625802799,0.13924050632911392,-0.08333333333333333,0.10526315789473684,0.06914146481295685,-0.5384615384615384,-0.09090909090909091,-0.05504587155963303,2.6,0.92031144862059,-0.04618284637134766,-0.08476944573823939,0.0,-0.20294215981277156,0.045654565456545525,1.0,0.14217911679735806,-0.1076970825574176,0.26544308998767296,0.41908907197264117,-0.4309909909909909,0.09723665073758571,Other_Faults
-0.2494199535962877,-0.21871345029239767,0.08539306696735438,0.08540100436810982,4.405063291139241,3.2916666666666665,2.263157894736842,4.524924752759065,0.19230769230769232,0.6363636363636364,0.9785932721712538,0.2,0.5031240988176485,0.4335532516493874,0.3292966930600841,2.311688311688311,-0.8100969575392845,-2.2986798679867992,0.0,1.6687990094923644,1.6738050900062074,0.9313792631146424,-0.5481113011036842,0.07927927927927934,1.3482235611884479,Other_Faults
-0.20765661252900233,-0.2198830409356725,0.36972071910504734,0.36971864597273213,-0.4620253164556962,-0.4583333333333333,-0.47368421052631576,-0.46931345850652145,0.038461538461538464,0.0,0.8440366972477065,0.0,0.6203979621263096,-0.7007540056550421,0.5880298090358642,-0.5064935064935066,0.36008024072216654,0.045654565456545525,1.0,-0.7569129178704088,-0.6542520173805085,-0.6845637583892618,-0.030001554484688303,0.09153153153153165,-0.3606897984624973,Other_Faults
1.0614849187935034,1.0573099415204679,0.10472862635747303,0.10472471651727193,-0.47468354430379744,-0.625,-0.3157894736842105,-0.6436577325498065,-2.1153846153846154,-3.727272727272727,0.9724770642201835,0.0,-0.7407478611938862,-0.5697455230914228,-0.31765253842571023,-0.6753246753246753,1.0287529254429955,0.045654565456545525,1.0,-0.7901361947998352,-1.0418994413407816,-0.3421449116559377,0.5745375408052231,-2.8980180180180177,-0.3606897984624973,Other_Faults
0.4071925754060325,0.4046783625730994,0.8544350298382418,0.8544413061045459,-0.06329113924050633,-0.20833333333333334,-0.2631578947368421,-0.017715350437150636,0.3076923076923077,11.454545454545455,-0.04892966360856269,-0.6,-0.10420071133326927,-0.665409990574929,0.6676758267349793,0.0,0.1929120695419591,0.045654565456545525,1.0,-0.07284358233594783,-0.1076970825574176,-0.24708943980276699,-0.08316493082543136,0.43747747747747756,-0.15998337835030127,Other_Faults
0.5614849187935035,0.5754385964912281,0.6956194294892394,0.6956262890210316,0.47468354430379744,0.7916666666666666,0.6842105263157895,0.6817830012899527,1.0,1.2727272727272727,0.691131498470948,-0.6,0.028837835239834683,0.7733270499528748,0.19469026548672572,0.8831168831168829,-0.22500835840855907,-2.2612761276127618,0.0,0.41333058192323535,0.8814400993171942,0.14025475962197,-0.6379605160889166,1.001081081081081,0.7837107832952419,Other_Faults
-0.8677494199535963,-0.8502923976608188,-0.49702353873607025,-0.4970404616190906,-0.46835443037974683,0.7083333333333334,-0.8421052631578947,-0.39736276336534326,0.23076923076923078,4.818181818181818,-0.03669724770642202,0.0,-0.6961453426896087,-0.449104618284637,-1.359571495109455,2.48051948051948,1.0287529254429955,0.045654565456545525,0.0,-0.7734213784564592,1.4459962756052145,-2.4739076838789216,-1.675423597077569,1.5185585585585584,-0.3525867442343652,Other_Faults
0.23897911832946636,0.23976608187134502,-0.17954380386437707,-0.17954506547694338,0.13924050632911392,1.0833333333333333,0.5263157894736842,0.2798910706607424,0.9615384615384616,1.2727272727272727,0.0,-0.6,0.3275978083245217,1.058435438265787,0.07056357708430368,0.3636363636363634,-1.176529588766299,-0.7403740374037409,1.0,0.14217911679735806,0.2799503414028555,0.4823996712779077,0.31540494326130886,0.9491891891891892,0.5861209225015582,Other_Faults
0.8955916473317865,0.9029239766081871,-0.2227115643632466,-0.22271548592362078,0.8354430379746836,0.125,0.10526315789473684,0.4263150351153791,-1.6538461538461537,-1.5454545454545454,0.9724770642201835,0.2,-0.4406421224646736,-0.7045240339302541,0.49743828598043793,0.15584415584415579,0.053493814777666376,0.045654565456545525,1.0,0.6351630210482867,0.361887026691496,0.26544308998767296,0.030467899891186083,-1.5646846846846847,0.43985040515271134,Bumps
0.2088167053364269,0.20584795321637428,0.17846040246784112,0.17845744268219982,-0.13291139240506328,-0.25,-0.3157894736842105,-0.23007023075820554,-1.1538461538461537,-0.7272727272727273,0.9663608562691132,-0.2,0.911083341343843,-0.33317624882186603,0.6676758267349793,-0.14285714285714288,0.583082581076563,0.045654565456545525,0.0,-0.16054477919934027,0.0,-0.3421449116559377,-0.3222446758899425,-0.8187387387387385,-0.15998337835030127,Bumps
0.345707656612529,0.34385964912280703,0.476842821072052,0.4768442319571241,-0.04430379746835443,-0.125,-0.21052631578947367,-0.09883904256843916,-1.1538461538461537,2.090909090909091,0.9602446483180428,0.0,0.6398154378544649,-0.47502356267671997,0.8467629250116443,-0.14285714285714288,0.0999665663657637,-0.3470847084708474,0.5,-0.05035080478745351,0.0,-0.24708943980276699,-0.20270480335768692,-0.3877477477477476,-0.12362351963432369,Bumps
0.6473317865429234,0.6456140350877193,1.9981177215542707,1.998156090174869,1.5696202531645569,-0.3333333333333333,1.5263157894736843,1.3343270746739286,-0.15384615384615385,-0.9090909090909091,0.039755351681957186,-0.4,-0.6084783235605112,-0.6027332704995284,-0.925244527247322,-0.11688311688311684,0.5142092945503174,-0.07150715071507159,1.0,0.9657449442839452,-0.22501551831160702,1.2565401999726071,0.9801025959894296,-0.6536936936936935,0.9237481820070641,Bumps
-0.8306264501160093,-0.8280701754385965,-0.4538589337752489,-0.45382375935136027,6.3164556962025316,2.7916666666666665,5.105263157894737,5.97402895227175,-0.07692307692307693,-0.7272727272727273,-0.04281345565749235,2.6,-0.6055945400365278,0.776625824693685,-0.8998602701443875,1.2467532467532465,-1.3647609495152122,-0.6716171617161717,1.0,1.9486174164259171,0.8814400993171942,2.180249280920423,0.9631587128866782,-0.3675675675675675,1.3486391024309161,Other_Faults
0.23665893271461716,0.22923976608187135,-0.5124956677092214,-0.5125012194996883,0.12658227848101267,-0.08333333333333333,0.3157894736842105,0.13426974344274042,0.23076923076923078,0.5454545454545454,-0.03669724770642202,2.1,0.32855906949918273,-0.3298774740810553,-0.6087564042850488,-0.28571428571428575,-0.7308592443998663,0.045654565456545525,1.0,0.13021048287247197,-0.49565487274984427,0.4823996712779077,0.7688481268459506,0.08072072072072083,0.01911489715354246,Other_Faults
0.6450116009280742,0.6362573099415205,0.22895321862251297,0.22895827246791764,-0.26582278481012656,5.583333333333333,0.42105263157894735,-0.25254407338397594,0.5,-0.09090909090909091,-0.0672782874617737,-0.6,-0.6815341728347591,-0.21819038642789793,-1.0342338146250583,-0.6623376623376623,-1.0287529254429957,0.045654565456545525,1.0,-0.356376392901362,-1.2877094972067036,0.5777290782084651,1.052852479403078,0.26306306306306315,-0.22875545397880737,Other_Faults
0.12761020881670534,0.1216374269005848,0.10696379914158846,0.10695886624264454,-0.35443037974683544,-0.3333333333333333,-0.42105263157894735,-0.3377956141608141,0.07692307692307693,0.5454545454545454,0.8440366972477065,0.0,1.0258579255983848,-0.18520263901979261,0.6350721937587334,-0.2727272727272727,0.5142092945503174,0.045654565456545525,0.0,-0.5156830375567482,-0.22501551831160702,-0.5591014929461718,-0.34400746152650397,0.37621621621621626,-0.2775815499688344,Other_Faults
0.820185614849188,0.8245614035087719,0.10511570569138101,0.10511127490902072,-0.08860759493670886,-0.125,-0.3157894736842105,-0.04294109215995413,0.23076923076923078,1.2727272727272727,0.9785932721712538,-0.2,-0.284533307699702,-0.3567389255419414,0.22566371681415928,0.0,0.47141424272818455,-0.412541254125413,0.0,-0.10379694593479158,0.19304779639975178,-0.4456923709080945,-0.6172858697341832,0.456936936936937,-0.13484313318096822,Bumps
-0.531322505800464,-0.5426900584795321,-0.24969141467504005,-0.24969568387833246,0.17721518987341772,-0.16666666666666666,0.10526315789473684,0.08135301705604128,-0.8076923076923077,0.0,-0.03669724770642202,0.6,0.12246467365183114,-0.4425070688030158,-0.20121099208197468,-0.09090909090909102,-0.15112002674690744,0.045654565456545525,1.0,0.17725959554271487,-0.22501551831160702,0.26544308998767296,0.49681330638893206,-0.5794594594594594,0.0319966756700603,Bumps
0.3503480278422274,0.35789473684210527,1.0226183708062242,1.0226278660214911,-0.0949367088607595,0.7916666666666666,0.15789473684210525,-0.21877597821413214,-0.5,-1.0,-0.03058103975535168,0.2,0.02268576372200322,1.2087653157398677,0.18141592920354002,0.857142857142857,-0.5593447007689736,-1.525852585258526,0.0,-0.11163846471316555,0.6464928615766609,-0.07670182166826471,-0.6468210788123737,-1.0118918918918915,0.3538333679617702,Bumps
-0.3190255220417633,-0.32514619883040935,-0.46247618226177395,-0.4624863488350261,-0.11392405063291139,0.0,-0.10526315789473684,0.3334384405905117,3.1923076923076925,6.363636363636363,0.039755351681957186,-0.6,0.614053638373546,0.2544769085768145,0.8467629250116443,0.1688311688311687,-0.08559010364426635,-0.2981298129812983,0.5,-0.13578208832026473,0.09993792675356922,-0.15888234488426262,-0.20270480335768692,4.063423423423424,-0.04342405983793886,Other_Faults
0.07540603248259861,0.07485380116959064,-0.17698729212235703,-0.1769964097403248,-0.3860759493670886,0.3333333333333333,-0.3157894736842105,-0.36055611294252543,0.2692307692307692,1.2727272727272727,0.9724770642201835,1.46,1.140824762087859,0.7064090480678602,-0.17210060549604092,0.0909090909090908,-0.47007689735874303,-1.3294829482948298,0.0,-0.5800660338423443,0.2799503414028555,-0.6845637583892618,-0.8827918545002331,0.5412612612612613,-0.19239559526282984,Other_Faults
-0.8793503480278422,-0.895906432748538,-0.35196029912397003,-0.35196641202023043,-0.11392405063291139,-0.4166666666666667,0.05263157894736842,-0.08874874587931776,0.15384615384615385,0.5454545454545454,0.9571865443425076,2.6,-0.7292127270979524,-0.13242224316682352,-0.37890079180251507,-0.45454545454545453,0.42092945503176193,0.045654565456545525,1.0,-0.13578208832026473,-0.49565487274984427,0.20435556773044794,0.6154204881081922,0.2933333333333334,-0.11780594223976723,Other_Faults
-0.8190255220417634,-0.8011695906432749,1.950393364113854,1.9504852885605801,11.658227848101266,4.958333333333333,8.578947368421053,0.8354880321054895,-3.6538461538461537,-8.0,-0.0856269113149847,0.6,-0.5756031913870997,1.2596606974552307,-0.888216115510014,2.519480519480519,-1.7094617184888,-0.926842684268427,1.0,2.450061906727197,1.4459962756052145,2.654704834954117,0.955386289445049,-5.47099099099099,1.3486391024309161,Other_Faults
-0.4895591647331787,-0.495906432748538,3.236793678826182,3.2368322302394374,0.22151898734177214,0.0,-0.10526315789473684,0.24165113945821987,0.15384615384615385,0.0,-0.04281345565749235,-0.6,0.22570412381043914,-0.30160226201696505,0.701210992081975,0.28571428571428553,0.07355399531929127,0.045654565456545525,1.0,0.21667354519191076,0.19304779639975178,0.0,-0.10554951033732317,0.14054054054054066,0.09723665073758571,Bumps
-0.8723897911832946,-0.8830409356725146,0.018773873617545633,0.01877253773480464,0.0,-0.16666666666666666,0.15789473684210525,-0.008657015909416655,0.34615384615384615,-0.7272727272727273,-0.0030581039755351682,-0.6,-0.7078727290204747,0.6314797360980209,0.2338146250582209,0.18181818181818182,0.4386492811768638,-0.47799779977997797,1.0,0.0,0.09993792675356922,0.20435556773044794,0.2064355666096689,-0.018738738738738672,0.18491585289840018,Other_Faults
0.27610208816705334,0.28771929824561404,0.6658464020818137,0.6658502483308961,0.4810126582278481,0.375,-0.05263157894736842,0.45629926902680235,0.0,-0.2727272727272727,0.9663608562691132,-0.2,0.7518984908199556,-0.058906691800188274,-0.271075919888216,0.7792207792207791,0.47141424272818455,-1.2486248624862488,0.0,0.4176640528270736,0.8814400993171942,-0.24708943980276699,-0.9488574537540805,-0.1203603603603603,0.3883232910866402,Bumps
-0.5081206496519721,-0.5239766081871345,0.14205127854512867,0.14204837554752578,-0.379746835443038,-0.4166666666666667,-0.2631578947368421,-0.4000573312311882,0.07692307692307693,-0.2727272727272727,-0.04281345565749235,1.2,0.1803325963664327,-0.6220546654099902,-0.227992547741034,-0.4675324675324676,-0.18689401537947192,0.045654565456545525,1.0,-0.5668592653735041,-0.8342644320297948,-0.24708943980276699,0.5146898803046791,-0.13045045045045028,-0.3207978391855391,Other_Faults
0.18213457076566125,0.17660818713450294,0.24726165037795456,0.24725747339649926,-0.4050632911392405,-0.2916666666666667,-0.5263157894736842,-0.43090153361043426,-0.038461538461538464,-0.5454545454545454,0.764525993883792,0.0,0.8814764971642793,-0.5282752120640902,0.21169073125291102,-0.2597402597402598,0.3122701437646269,0.045654565456545525,0.0,-0.6211308295501445,-0.22501551831160702,-0.8245445829338448,-0.626612777864138,-0.21765765765765746,-0.32723872844379803,Bumps
0.4953596287703016,0.5087719298245614,-0.4609173464659815,-0.4609217077255667,0.4810126582278481,1.9583333333333333,1.0526315789473684,0.6341980794037552,0.7307692307692307,1.2727272727272727,-0.04892966360856269,-0.6,-0.3562433913294242,1.360980207351555,0.8467629250116443,1.2467532467532465,-1.0852557673019056,-1.8360836083608363,0.5,0.4176640528270736,0.8814400993171942,0.5308861799753459,-0.20270480335768692,0.7358558558558559,1.132142115104924,Other_Faults
-0.27262180974477956,-0.2830409356725146,1.3975520387668368,1.39756373545837,-0.3924050632911392,-0.2916666666666667,-0.42105263157894735,-0.3961588075103913,0.07692307692307693,0.45454545454545453,0.8318042813455657,0.2,0.4929347303662403,-0.2111215834118753,0.8467629250116443,-0.3506493506493506,0.07355399531929127,0.045654565456545525,0.5,-0.5936855138258361,-0.35350713842333914,-0.5591014929461718,-0.20270480335768692,0.11459459459459467,-0.30085185954705995,Bumps
-0.8874709976798144,-0.9076023391812865,-0.3157026410275694,-0.3156977681380692,0.056962025316455694,-0.125,1.105263157894737,0.20547513257847214,1.0,1.4545454545454546,0.9571865443425076,2.6,-0.7451696625973275,0.13996229971724786,-1.123660922217047,-0.6753246753246753,-1.2002674690738884,0.045654565456545525,1.0,0.0608749484110599,-1.0418994413407816,1.060128749486372,1.1125446914347894,1.1034234234234235,0.07749844172034073,Other_Faults
-0.8897911832946636,-0.9005847953216374,-0.030991065094016626,-0.03092098983141058,6.677215189873418,2.4583333333333335,7.578947368421052,4.417887344130715,-1.4615384615384615,-2.3636363636363638,0.9571865443425076,0.2,-0.7497837162357011,0.34637134778510836,-1.2731718677224033,-0.06493506493506498,-1.7295218990304246,-0.1578657865786582,1.0,1.9929839042509276,0.09993792675356922,2.7092179153540616,1.212342608425307,-1.945225225225225,1.3486391024309161,Other_Faults
0.9698375870069605,0.9695906432748538,0.49782820093835184,0.49784513418966975,1.139240506329114,0.16666666666666666,1.263157894736842,0.4908700014332808,-1.5384615384615385,-3.0,0.8623853211009175,0.2,-0.6500048063058732,-0.5565504241281808,-0.9275733581741966,-0.36363636363636365,-0.9772651287194917,0.045654565456545525,1.0,0.7868345026826246,-0.35350713842333914,1.1483358444048766,0.9816570806777555,-2.0965765765765765,0.6979015167255349,Other_Faults
-0.759860788863109,-0.7684210526315789,-0.533940178361529,-0.533949687979007,0.31645569620253167,-0.20833333333333334,-0.05263157894736842,0.1631073527303999,-1.0,-0.18181818181818182,0.9724770642201835,0.2,-0.4952417571854273,-0.39019792648444845,0.5728924080111785,0.012987012987012906,0.8197927114677364,0.045654565456545525,1.0,0.29550144449030075,0.19304779639975178,0.07231886043007804,-0.019741955541737896,-0.8353153153153151,0.14751714107625183,Bumps
-0.845707656612529,-0.8421052631578947,-0.28504395927462595,-0.2849666389589325,10.329113924050633,6.375,8.526315789473685,9.411437580622044,-0.3076923076923077,-0.2727272727272727,-0.04281345565749235,2.6,-0.642314716908584,1.0867106503298771,-1.1380996739636704,1.3376623376623373,-1.8151120026746907,-0.0764576457645766,1.0,2.348947585637638,0.9345127250155186,2.852759895904671,1.1221824965024094,-0.5866666666666667,1.3486391024309161,Other_Faults
-0.8897911832946636,-0.8853801169590644,0.16350946319564494,0.16350157739490673,-0.41139240506329117,0.2916666666666667,-0.5789473684210527,-0.42333381109359325,-0.5769230769230769,2.6363636363636362,0.9663608562691132,0.0,-0.7497837162357011,-0.7662582469368516,-1.2233348858872848,0.9350649350649349,0.9093948512203276,-3.0973597359735985,0.0,-0.6353693768056132,0.985412787088765,-1.9915080126010138,-1.5844862428105084,-0.0036036036036036067,-0.3421982131726573,Other_Faults
0.21809744779582366,0.20935672514619882,-0.1670052734300015,-0.16701584021622026,-0.5949367088607594,-0.4583333333333333,-0.631578947368421,-0.6235344704027519,-0.15384615384615385,-0.7272727272727273,0.9724770642201835,-0.2,0.9068537921753339,-0.43873704052780366,0.26455519329296706,-0.5324675324675324,0.36008024072216654,0.045654565456545525,0.0,-1.1879900949236482,-0.6542520173805085,-1.1666894945897825,-0.5913259754391419,-0.4158558558558558,-0.40681487637648034,Bumps
0.5986078886310905,0.6,-0.38115691491459797,-0.38116392994720455,0.0759493670886076,0.041666666666666664,0.05263157894736842,0.09121398882040992,0.38461538461538464,-0.09090909090909091,-0.04892966360856269,-0.6,-0.5771412092665577,0.2808671065032989,0.3292966930600841,0.19480519480519473,-0.18689401537947192,-0.24367436743674376,1.0,0.08027238959966967,0.09993792675356922,0.14025475962197,0.14270169438831032,0.1434234234234235,0.13733638063577808,Bumps
0.3874709976798144,0.3883040935672515,0.17306127686743428,0.17306824017845848,0.9493670886075949,0.4583333333333333,0.7894736842105263,0.5382255983947255,-1.0384615384615385,-2.1818181818181817,0.8562691131498471,0.0,0.5008170719984618,0.0819981149858625,-0.35514671634839307,0.038961038961038946,-0.7472417251755266,-0.2876787678767878,1.0,0.6950061906727191,0.19304779639975178,0.7870154773318729,0.5995647442872688,-1.4760360360360358,0.8238105131934342,Other_Faults
-0.013921113689095127,-0.026900584795321637,0.16515402444174587,0.16514826355077813,-0.6075949367088608,-0.625,-0.5789473684210527,-0.6348860541780135,0.11538461538461539,-1.4545454545454546,-0.04892966360856269,-0.4,0.9404979332884742,-0.691328934967012,0.5139729855612484,-0.5714285714285714,1.0287529254429955,0.045654565456545525,1.0,-1.2424680148576144,-1.0418994413407816,-0.9834269278181074,0.01943105860407277,-0.3963963963963963,-0.41761894868065647,Bumps
0.32830626450116007,0.33567251461988307,-0.10108135029680465,-0.10108475647741696,0.3291139240506329,0.5,0.2631578947368421,0.4679375089580049,0.9230769230769231,0.7272727272727273,0.0061162079510703364,-0.6,0.10247044121887917,0.6550424128180963,0.5139729855612484,0.8441558441558439,-0.18689401537947192,-1.1501650165016508,0.0,0.30561287659925684,0.6464928615766609,0.14025475962197,-0.4248406653194466,0.7668468468468468,0.5665904841055475,Other_Faults
0.04988399071925754,0.04678362573099415,5.533162338232657,5.533232582717579,0.3924050632911392,-0.125,0.10526315789473684,0.4431130858535187,0.2692307692307692,0.45454545454545453,-0.04281345565749235,-0.6,0.765548399500144,-0.2987747408105558,0.1481136469492315,0.19480519480519473,0.2858575727181545,0.045654565456545525,1.0,0.35390012381345426,0.09993792675356922,0.26544308998767296,0.2636406031400591,0.26666666666666666,0.2329108664034906,Other_Faults
-0.7761020881670534,-0.7251461988304093,-0.45200189963390497,-0.45201245717288024,1.4050632911392404,3.5833333333333335,1.105263157894737,1.831732836462663,1.1538461538461537,1.4545454545454546,-0.03058103975535168,0.6,-0.4735172546380851,0.9769085768143257,-1.023288309268747,5.1428571428571415,-0.25242393848211303,-3.621562156215623,0.0,0.9015683037556738,2.189944134078212,-0.24708943980276699,-1.4509560080833204,1.1618018018018017,1.2987741533347184,Bumps
0.3352668213457077,0.34269005847953216,1.7434884157568638,1.7435045699353817,-0.13924050632911392,0.5833333333333334,0.21052631578947367,-0.21109359323491472,-0.23076923076923078,-1.0,-0.03669724770642202,0.2,0.05479188695568579,0.5202639019792648,-0.3730787144853283,0.857142857142857,-0.30859244399866276,-2.9548954895489556,0.0,-0.1690053652496906,0.6464928615766609,-0.5591014929461718,-1.0169438831027515,-0.5909909909909908,0.0,Bumps
0.6218097447795824,0.6210526315789474,4.554044111266375,4.554115939643246,1.3860759493670887,0.9166666666666666,1.736842105263158,1.3490612010892933,0.0,0.0,-0.03669724770642202,-0.6,-0.6171296741324617,0.0,-0.8875174662319515,0.0,-1.381477766633233,-0.38558855885588594,1.0,0.8937267849772997,-0.1076970825574176,1.2820161621695663,0.9549199440385514,-0.1398198198198198,1.0396841886557238,Other_Faults
-0.7691415313225058,-0.7812865497076024,0.6642681071347242,0.6642703552576806,-0.3860759493670886,-0.25,-0.10526315789473684,-0.3753475705890784,0.46153846153846156,0.0,-0.06116207951070336,0.0,-0.45448428337979424,0.268143261074458,0.4585468095016304,0.012987012987012906,0.36008024072216654,-2.0170517051705175,0.0,-0.5800660338423443,-0.1076970825574176,-0.5591014929461718,-0.4618374009016011,0.3243243243243244,-0.25368792852690625,Other_Faults
-0.8491879350348028,-0.8292397660818713,0.7173589829490502,0.7173577077245148,-0.3987341772151899,0.7916666666666666,-0.7894736842105263,-0.34822989823706463,-0.38461538461538464,3.4545454545454546,0.9602446483180428,0.0,-0.6699990387388253,-0.929783223374175,-1.3656264555193294,1.9350649350649345,1.0287529254429955,-1.7876787678767885,0.0,-0.6073049938093276,1.5152079453755436,-2.4739076838789216,-1.679465257267216,0.9376576576576577,-0.3442759193849989,Other_Faults
-0.45591647331786544,-0.47017543859649125,-0.39221234246633696,-0.392226337038421,-0.6582278481012658,-0.4583333333333333,-0.6842105263157895,-0.6457216568725813,1.1153846153846154,1.1818181818181819,-0.03058103975535168,1.2,0.30452754013265393,0.07163053722902941,-0.026548672566371605,-0.37662337662337664,0.36008024072216654,0.045654565456545525,0.0,-1.5002063557573253,-0.6542520173805085,-1.3836460758800169,-0.7856365614798694,1.1279279279279277,-0.42094327862040304,Other_Faults
0.8445475638051044,0.9076023391812865,-0.4865760781816107,-0.4865749848334998,5.531645569620253,3.1666666666666665,2.4210526315789473,4.874702594238212,-0.3076923076923077,-1.0,0.7920489296636085,4.6,-0.5779102182062866,0.8812441093308198,-0.192361434559851,4.025974025974025,-0.07422266800401202,-2.3608360836083615,0.0,1.8442014032191492,2.169459962756052,0.9647993425558148,-0.8963158712886679,-0.7106306306306305,1.3486391024309161,Other_Faults
0.4547563805104408,0.4502923976608187,-0.39315479649672164,-0.3931672254232354,-0.3924050632911392,-0.375,-0.5263157894736842,-0.41651139458219866,-0.3076923076923077,0.7272727272727273,0.9663608562691132,1.6,0.4356435643564356,-0.9886899151743634,0.3809967396367026,-0.37662337662337664,0.47141424272818455,0.045654565456545525,0.0,-0.5936855138258361,-0.35350713842333914,-0.8245445829338448,-0.5136017410228509,-0.188108108108108,-0.3442759193849989,Other_Faults
-0.8410672853828306,-0.8549707602339182,-0.477366114465039,-0.4773733173205245,0.04430379746835443,-0.08333333333333333,0.10526315789473684,-0.42505374802923895,-2.269230769230769,-5.090909090909091,-0.05504587155963303,4.6,-0.6307795828126501,0.007540056550424342,-0.20121099208197468,-0.09090909090909102,-0.37913741223671027,0.045654565456545525,1.0,0.04766817994222016,-0.22501551831160702,0.26544308998767296,0.49681330638893206,-3.373693693693693,0.0319966756700603,Other_Faults
0.6566125290023201,0.6584795321637427,0.20397608312528695,0.2039734521163283,-0.04430379746835443,-0.16666666666666666,-0.3157894736842105,-0.14556399598681383,-1.0769230769230769,-0.18181818181818182,-0.05504587155963303,-0.6,-0.7242141689897145,-0.4948162111215832,0.5139729855612484,0.19480519480519473,0.4386492811768638,0.045654565456545525,0.0,-0.05035080478745351,0.09993792675356922,-0.3421449116559377,-0.4248406653194466,-0.7668468468468468,-0.12632453771036767,Other_Faults
-0.7749419953596288,-0.7824561403508772,-0.4444002084758804,-0.44441014213515395,-0.13924050632911392,0.16666666666666666,-0.10526315789473684,-0.09442453776694855,0.5,0.6363636363636364,-0.03669724770642202,0.2,-0.47024896664423715,0.6691800188501416,0.5556590591523057,0.3766233766233765,-0.17485790705449686,-0.6419141914191422,0.0,-0.1690053652496906,0.2799503414028555,-0.15888234488426262,-0.39701538939841435,0.4900900900900901,0.04487845418657803,Bumps
0.46983758700696054,0.5029239766081871,-0.5049812797705293,-0.5049862088062209,1.6139240506329113,2.9166666666666665,2.1052631578947367,1.8790311021929196,0.7307692307692307,1.1818181818181819,-0.06116207951070336,-0.6,-0.35220609439584727,1.1800188501413758,-0.09594783418723805,2.8831168831168825,-0.7716482781678368,-3.0841584158415847,0.0,0.9822534048699956,1.5810055865921788,0.5308861799753459,-0.8319602051919789,0.6400000000000001,1.3345107001869934,Other_Faults
0.39791183294663574,0.4,1.7359456279757381,1.7359674701909573,0.5822784810126582,-0.08333333333333333,0.15789473684210525,0.7694997850078831,0.7692307692307693,1.1818181818181819,0.8929663608562691,-0.6,0.4965875228299527,-0.18661639962299698,0.29226828132277616,0.10389610389610371,0.5008358408559007,0.045654565456545525,1.0,0.48534874122987987,0.2799503414028555,0.32351732639364505,0.16741800093269085,0.8281081081081082,0.4261375441512571,Bumps
1.0556844547563806,1.0573099415204679,0.5308119883097834,0.5308135686728872,-0.2088607594936709,-0.2916666666666667,-0.3157894736842105,-0.4996416798050738,-2.730769230769231,-3.090909090909091,0.9724770642201835,0.0,-0.7407478611938862,-0.49245994344957567,0.652771308802981,-0.29870129870129875,0.3122701437646269,0.045654565456545525,1.0,-0.26723070573669033,-0.22501551831160702,-0.3421449116559377,-0.07321622882014611,-2.9131531531531527,-0.22376895906918756,Other_Faults
0.308584686774942,0.30526315789473685,-0.05806137416319075,-0.05806895938743906,-0.4177215189873418,-0.16666666666666666,-0.42105263157894735,-0.4737852945392002,-0.3076923076923077,-1.4545454545454546,-0.04281345565749235,4.6,0.1407286359703931,0.19368520263901987,0.26455519329296706,0.0,0.04546974256101619,-0.5044004400440045,0.0,-0.6496079240610815,-0.1076970825574176,-0.6845637583892618,-0.5913259754391419,-0.7012612612612612,-0.28236027425722,Other_Faults
0.35498839907192575,0.36257309941520466,-0.5008622507716606,-0.5008576599963869,2.430379746835443,1.4166666666666667,1.631578947368421,3.1031675505231475,1.2307692307692308,1.2727272727272727,0.7737003058103975,-0.6,0.5098529270402767,0.2271442035815269,-0.34466697717745687,0.5324675324675323,-0.1651621531260448,-0.6276127612761276,1.0,1.2424680148576135,0.6464928615766609,1.1762772222983158,0.5925695631898027,1.2396396396396396,1.311448161230002,Other_Faults
-0.13109048723897912,-0.14385964912280702,0.21902379223096013,0.21902188104572723,-0.4620253164556962,-0.3333333333333333,-0.2631578947368421,-0.4659309158664182,0.46153846153846156,-0.09090909090909091,-0.06116207951070336,-0.6,1.1073728732096508,0.050895381715363,-0.227992547741034,-0.4675324675324676,-0.5142092945503177,0.045654565456545525,1.0,-0.7569129178704088,-0.8342644320297948,-0.24708943980276699,0.5146898803046791,0.1520720720720721,-0.3207978391855391,Other_Faults
0.06380510440835267,0.06783625730994151,-0.12005928204146482,-0.12005819938997404,1.1139240506329113,0.375,0.5263157894736842,1.12208685681525,-0.38461538461538464,0.5454545454545454,-0.04281345565749235,2.1,0.7147938094780351,0.24599434495758724,0.2428970656730323,0.766233766233766,-0.08559010364426635,-0.15071507150715063,1.0,0.7752785802723887,0.5806952203600249,0.6226544308998772,0.20037307632519819,-0.002162162162162124,0.9952212757116142,Bumps
0.39791183294663574,0.3906432748538012,0.9302084390657714,0.9302167435532185,-0.3227848101265823,-0.4166666666666667,-0.15789473684210525,-0.3340690841335818,0.11538461538461539,-0.18181818181818182,0.9724770642201835,0.0,0.5546476977794865,-0.12488218661639944,-0.24010246856078243,-0.5324675324675324,0.11701771982614483,0.045654565456545525,1.0,-0.4554271564176642,-0.6542520173805085,-0.07670182166826471,0.5227732006839734,-0.009369369369369336,-0.25368792852690625,Other_Faults
-0.6136890951276102,-0.5812865497076023,-0.38594859944073345,-0.38595041691768855,3.4367088607594938,2.9166666666666665,1.105263157894737,4.1275619893937225,0.9230769230769231,1.4545454545454546,-0.04281345565749235,-0.6,-0.07690089397289249,0.5942507068803017,-0.15137401024685598,3.5324675324675314,-0.5142092945503177,-1.5060506050605067,0.0,1.484729673957903,1.7886405959031657,0.6659361731269694,-0.8689569407741333,0.9520720720720721,1.3469769374610427,Other_Faults
-0.3294663573085847,-0.31812865497076026,2.1096544212506556,2.1096779232295035,0.4936708860759494,0.8333333333333334,0.15789473684210525,0.6164253977354164,0.34615384615384615,1.4545454545454546,0.7889908256880734,2.6,0.38815726232817443,0.6672950047125352,-0.27759664648346527,1.1688311688311686,0.05015045135406222,-1.525852585258526,0.0,0.42653735039207513,1.0816263190564865,-0.07670182166826471,-0.9532100108813928,0.5830630630630631,0.7417411178059421,Other_Faults
0.19605568445475638,0.1871345029239766,-0.23719548400431467,-0.23720485149189188,-0.4936708860759494,-0.4583333333333333,-0.42105263157894735,-0.5207969041135159,-0.07692307692307693,0.0,0.9724770642201835,-0.2,0.9501105450350857,-0.04618284637134766,0.3809967396367026,-0.5324675324675324,0.36008024072216654,0.045654565456545525,1.0,-0.8423442014032192,-0.6542520173805085,-0.5591014929461718,0.10819213430747711,-0.2803603603603603,-0.3442759193849989,Bumps
0.2470997679814385,0.2432748538011696,-0.2843812962845117,-0.28438759026598637,-0.34177215189873417,0.041666666666666664,0.0,-0.4339974200945965,-0.5769230769230769,-1.0,-0.04892966360856269,4.6,0.2864558300490243,1.1899151743638074,0.1618537494177923,0.0,-0.49114008692744904,-0.2601760176017603,1.0,-0.49112670243499823,-0.1076970825574176,0.07231886043007804,0.25446914347893673,-1.0810810810810807,-0.01869935591107419,Other_Faults
-0.3561484918793503,-0.26783625730994154,0.585055687357705,0.5850558629469056,1.360759493670886,3.5416666666666665,0.5263157894736842,1.4219291959294826,0.38461538461538464,0.0,-0.04892966360856269,-0.6,0.5527251754301642,0.7723845428840714,-1.2859804378202144,7.948051948051948,0.6817118020728852,-3.883388338833884,0.0,0.8834089971110185,2.680943513345748,-0.8245445829338448,-1.6263018809264729,0.14054054054054066,1.254934552254311,Other_Faults
0.951276102088167,0.9567251461988304,-0.4404894449881904,-0.44048092071371825,1.2341772151898733,1.25,1.8421052631578947,1.0994983517271033,-0.2692307692307692,-0.7272727272727273,0.9724770642201835,4.6,-0.5452273382678072,0.8279924599434495,-0.7692128551467164,0.012987012987012906,-1.331327315279171,-0.36963696369636995,1.0,0.8295501444490292,0.19304779639975178,1.3315984111765515,0.8759521218715995,-0.44108108108108085,1.238728443798047,Other_Faults
-0.44779582366589327,-0.4198830409356725,0.8165690991832941,0.816569102308858,-0.2911392405063291,0.9583333333333334,-0.7368421052631579,-0.23322344847355597,-1.4230769230769231,5.545454545454546,0.0,-0.6,0.31644717869845224,-1.491988689915174,-1.376339077782953,3.012987012987012,1.0287529254429955,-2.7046204620462055,0.0,-0.3990920346677676,1.643699565487275,-2.4739076838789216,-1.6866158868335146,0.8144144144144144,-0.32723872844379803,Other_Faults
-0.8874709976798144,-0.904093567251462,-0.48290460966257304,-0.4829118838831184,-0.11392405063291139,-0.375,0.10526315789473684,-0.23442740432850795,-0.9230769230769231,-1.0,0.9571865443425076,2.6,-0.7451696625973275,0.019321394910462048,-0.43409408476944567,-0.45454545454545453,0.1929120695419591,0.045654565456545525,1.0,-0.13578208832026473,-0.49565487274984427,0.26544308998767296,0.6522617752215142,-1.0068468468468468,-0.09162684396426339,Other_Faults
-0.04640371229698376,-0.05263157894736842,-0.24274081620095309,-0.24273447724814604,1.018987341772152,0.5833333333333334,1.1578947368421053,0.9058334527733983,-0.7692307692307693,-0.2727272727272727,0.0,-0.6,1.0272036912429106,0.06173421300659754,-0.7834187238006521,-0.012987012987013132,-1.1681711802072885,0.045654565456545525,1.0,0.7298803136607507,-0.1076970825574176,1.090261607998905,0.885434478470387,-0.4100900900900899,0.8622480781217535,Other_Faults
-0.6078886310904872,-0.6198830409356725,-0.4435003542091459,-0.4434934465204354,1.120253164556962,0.6666666666666666,1.4736842105263157,-0.006249104199512684,-3.3846153846153846,-3.727272727272727,0.9724770642201835,4.6,-0.1976352975103335,0.05843543826578708,-0.925244527247322,-0.29870129870129875,-1.3206285523236374,0.045654565456545525,1.0,0.7781675608749482,-0.22501551831160702,1.2565401999726071,0.9801025959894296,-3.6562162162162157,0.9237481820070641,Other_Faults
0.617169373549884,0.6093567251461989,-0.3489141530614767,-0.34891707112858483,-0.13291139240506328,-0.3333333333333333,0.42105263157894735,-0.20300988963737995,0.038461538461538464,-1.4545454545454546,-0.06422018348623854,0.0,-0.613284629433817,-0.46229971724787905,-0.9231485794131347,-0.5714285714285714,-0.7716482781678368,-0.16611661166116617,1.0,-0.16054477919934027,-1.0418994413407816,0.5308861799753459,0.9787035597699364,-0.5700900900900898,-0.17639725742779963,Other_Faults
-0.6415313225058005,-0.6526315789473685,-0.42650041889767587,-0.42651117377272313,-0.0949367088607595,-0.375,-0.3157894736842105,-0.1754335674358607,-0.34615384615384615,-1.0909090909090908,0.9571865443425076,0.2,-0.26203979621263096,-0.7987747408105558,0.8467629250116443,-0.22077922077922077,1.0287529254429955,0.045654565456545525,0.5,-0.11163846471316555,-0.1076970825574176,-0.3421449116559377,-0.20270480335768692,-0.6349549549549548,-0.19239559526282984,Other_Faults
0.9814385150812065,0.9859649122807017,1.1446761602781923,1.1446914356804967,0.056962025316455694,0.4583333333333333,0.3684210526315789,0.05331804500501648,0.3076923076923077,-0.09090909090909091,0.9724770642201835,0.0,-0.6021339998077477,0.8939679547596606,-0.06450861667442932,-0.06493506493506498,-0.8518890003343363,-0.3943894389438944,1.0,0.0608749484110599,0.09993792675356922,0.4317216819613752,0.4055650551842065,0.012972972972973043,0.3781425306461667,Other_Faults
-0.4895591647331787,-0.4935672514619883,-0.40261930694917847,-0.4026297541094181,-0.43037974683544306,0.08333333333333333,0.0,-0.3735129711910563,1.1153846153846154,1.4545454545454546,-0.03058103975535168,-0.6,0.22282034028645578,1.513195098963242,0.1618537494177923,0.48051948051948046,0.15646940822467384,-1.7876787678767885,0.0,-0.6791167973586465,0.361887026691496,-0.3421449116559377,-0.6598787501943106,1.1272072072072072,-0.01869935591107419,Other_Faults
0.3433874709976798,0.3497076023391813,1.1617234286603846,1.1617341903534484,-0.16455696202531644,0.25,-0.15789473684210525,-0.27031675505231473,-0.4230769230769231,-1.0,-0.03669724770642202,0.2,0.037873690281649504,1.1823751178133837,0.1481136469492315,0.766233766233766,0.16181878970244062,-0.32123212321232136,0.0,-0.203466776723071,0.5806952203600249,-0.15888234488426262,-0.669050209855433,-0.9376576576576575,0.2329108664034906,Bumps
0.11832946635730858,0.10877192982456141,-0.07866440800265485,-0.07867225870275737,-0.4810126582278481,-0.5,-0.47368421052631576,-0.5128851942095457,-0.15384615384615385,-0.7272727272727273,0.7706422018348624,0.0,1.0214361241949435,-0.5042412818096134,0.5880298090358642,-0.5064935064935066,0.657305249080575,0.045654565456545525,1.0,-0.8072637226578624,-0.6542520173805085,-0.6845637583892618,-0.030001554484688303,-0.3625225225225224,-0.3606897984624973,Bumps
-0.21577726218097448,-0.2222222222222222,-0.5223635611088351,-0.5223760771370697,-0.12658227848101267,-0.2916666666666667,-0.3684210526315789,-0.18689981367349864,-0.6923076923076923,0.0,-0.15902140672782875,-0.6,0.9401134288186098,-0.659754948162111,0.4883558453656265,0.12987012987012975,0.7900367769976594,0.045654565456545525,0.0,-0.15229054890631508,0.0,-0.4456923709080945,-0.44193999689103064,-0.47711711711711696,-0.19509661333887382,Bumps
0.0034802784222737818,-0.004678362573099415,0.29432071521321707,0.2943224038988227,-0.04430379746835443,-0.2916666666666667,0.0,-0.09494051884764225,-0.15384615384615385,-0.2727272727272727,-0.06116207951070336,0.2,0.8803229837546859,-0.2686145146088595,-0.18816953889147647,-0.18181818181818182,0.07355399531929127,0.045654565456545525,1.0,-0.05035080478745351,-0.35350713842333914,0.14025475962197,0.48810819213430756,-0.356036036036036,-0.09162684396426339,Bumps
0.23665893271461716,0.22923976608187135,-0.20484070055048362,-0.20484859927805618,-0.31645569620253167,-0.3333333333333333,-0.3157894736842105,-0.342898093736563,-0.23076923076923078,0.18181818181818182,0.8501529051987767,0.2,0.8143804671729307,-0.5042412818096134,0.26455519329296706,-0.4285714285714286,0.0,0.045654565456545525,1.0,-0.4438712340074293,-0.49565487274984427,-0.3421449116559377,0.1859163687237681,-0.20180180180180177,-0.28236027425722,Other_Faults
-0.7830626450116009,-0.7824561403508772,0.9196047793779277,0.919608739795976,-0.3227848101265823,0.16666666666666666,-0.42105263157894735,-0.4429984233911423,-0.7307692307692307,-2.3636363636363638,-0.06116207951070336,0.0,-0.4885129289627991,0.6451460885956647,-0.7734047508150909,1.0649350649350648,0.7612838515546639,-1.6045104510451051,0.0,-0.4554271564176642,0.7690875232774673,-0.9834269278181074,-1.2840043525571272,-1.3989189189189188,-0.14606274672761263,Other_Faults
-0.8723897911832946,-0.8830409356725146,0.005755175476841243,0.005755249633887129,0.24050632911392406,-0.16666666666666666,0.21052631578947367,0.24233911423247814,0.34615384615384615,-0.7272727272727273,-0.0030581039755351682,-0.6,-0.7078727290204747,0.3590951932139492,0.0,0.18181818181818182,0.4386492811768638,0.045654565456545525,1.0,0.23297565002063506,0.09993792675356922,0.37885221202575026,0.36250582931758124,0.02810810810810821,0.32973197589860803,Other_Faults
-0.8654292343387471,-0.8853801169590644,0.4943634201614689,0.4943729457511316,-0.10126582278481013,0.0,0.5263157894736842,-0.07068940805503798,0.5769230769230769,0.45454545454545453,-0.05504587155963303,-0.6,-0.6901855234067095,-0.2426955702167765,-0.9829995342338147,-0.5714285714285714,-1.3594115680374457,0.045654565456545525,1.0,-0.11968633924886557,-1.0418994413407816,0.6659361731269694,1.01865381625991,0.33441441441441444,-0.12632453771036767,Bumps
-0.7575406032482599,-0.7602339181286549,-0.4910059276782235,-0.49099121723556055,2.5569620253164556,2.25,2.8947368421052633,2.294510534613731,-0.038461538461538464,-1.4545454545454546,0.05504587155963303,3.0,-0.43487455541670667,0.8774740810556075,-0.7307871448532837,0.7272727272727271,-1.4229354730859245,-0.7832783278327833,1.0,1.2767230705736687,0.5806952203600249,1.6115600602657176,0.8503031245142236,-0.5369369369369368,1.3446914606274671,Other_Faults
-0.5243619489559165,-0.5181286549707602,-0.2726873982010278,-0.27269617115227796,-0.0759493670886076,0.4583333333333333,0.05263157894736842,0.027690984663895656,1.0,1.3636363636363635,-0.04281345565749235,0.6,0.1407286359703931,1.1470311027332702,-0.4073125291103865,1.3376623376623373,0.4018722835172182,-1.980748074807481,0.0,-0.08811390837804456,0.9345127250155186,-0.3421449116559377,-1.039794808021141,0.9383783783783783,0.3434448369000623,Bumps
-0.5348027842227379,-0.49239766081871345,0.5973338859031071,0.5973331678407611,0.4177215189873418,1.5416666666666667,-0.42105263157894735,0.4521140891500645,0.38461538461538464,0.6363636363636364,-0.05504587155963303,-0.6,0.11785062001345757,0.22573044297832226,-1.2368421052631577,4.311688311688311,0.9712470745570042,-2.1545654565456553,0.0,0.3726784977300858,1.9925512104283056,-1.1666894945897825,-1.5935022540027983,0.1765765765765766,0.4467068356534385,Other_Faults
0.0765661252900232,0.08421052631578947,-0.058511564258062004,-0.058453939989833774,5.886075949367089,5.041666666666667,7.0,6.759466819549949,0.6538461538461539,1.4545454545454546,0.0672782874617737,3.0,0.7374795732000382,1.269085768143261,-1.0794131346064277,0.9999999999999999,-1.7729856235372783,-0.2981298129812983,1.0,1.8929013619479977,0.7690875232774673,2.5196548418024936,1.0830094823565988,0.743063063063063,1.3486391024309161,Other_Faults
-0.4895591647331787,-0.5017543859649123,-0.3683606822062891,-0.3683706879345659,-0.22784810126582278,-0.20833333333333334,-0.3157894736842105,-0.27089006736419663,-0.9230769230769231,0.45454545454545453,0.9602446483180428,1.6,0.0361434201672594,-0.7139491046182843,0.4585468095016304,-0.37662337662337664,-0.22500835840855907,0.045654565456545525,1.0,-0.29591415600495286,-0.35350713842333914,-0.3421449116559377,0.056427794186227266,-0.3610810810810809,-0.25368792852690625,Other_Faults
-0.7935034802784223,-0.8011695906432749,-0.18873746396769991,-0.18873831811336364,0.9556962025316456,0.0,0.3684210526315789,0.9082413644833023,-1.3076923076923077,0.7272727272727273,-0.024464831804281346,0.2,-0.5161972507930404,-0.3878416588124409,0.008383791336749064,0.3766233766233765,0.23269809428284852,0.045654565456545525,1.0,0.6983078827899297,0.2799503414028555,0.5308861799753459,0.3569096844396083,-0.19099099099099096,0.6368169540826926,Bumps
-0.8723897911832946,-0.8807017543859649,-0.03019376581384745,-0.030197310447674063,0.14556962025316456,0.0,0.0,0.13874157947541924,0.34615384615384615,-0.7272727272727273,0.039755351681957186,-0.6,-0.7082572334903392,0.11969839773798316,0.8467629250116443,0.3506493506493505,0.23269809428284852,-0.5654565456545656,0.5,0.14816343375980112,0.2799503414028555,0.0,-0.20270480335768692,-0.01729729729729719,0.15084147101599832,Other_Faults
0.09280742459396751,0.08654970760233918,1.372194660934807,1.3722065568192188,-0.27848101265822783,-0.25,-0.3684210526315789,-0.33808227031675503,-0.46153846153846156,-0.8181818181818182,0.8318042813455657,0.2,1.0910314332404112,-0.37229029217719106,0.8467629250116443,-0.2727272727272727,0.1370779003677697,0.045654565456545525,0.5,-0.3774246801485766,-0.22501551831160702,-0.4456923709080945,-0.20270480335768692,-0.5809009009009007,-0.2511946810720963,Bumps
0.0765661252900232,0.08421052631578947,-0.40623187209131706,-0.4062449954493925,-0.3037974683544304,0.125,-0.3157894736842105,-0.2666475562562706,0.3076923076923077,1.4545454545454546,0.9724770642201835,1.46,1.1431317889070458,0.557492931196984,-0.7734047508150909,0.6233766233766231,0.8893346706787028,-2.246424642464247,0.0,-0.4211721007016098,0.7690875232774673,-0.9834269278181074,-1.2840043525571272,0.5823423423423424,-0.14606274672761263,Other_Faults
-0.26450116009280744,-0.2771929824561403,0.12937916366671418,0.12937504552579698,-0.3670886075949367,-0.5,-0.3684210526315789,-0.37064640963164686,-0.038461538461538464,0.5454545454545454,0.9602446483180428,-0.2,0.47793905604152626,-0.8496701225259187,0.21169073125291102,-0.5324675324675324,0.657305249080575,0.045654565456545525,1.0,-0.5408584399504749,-0.6542520173805085,-0.4456923709080945,0.2212031711487642,0.10594594594594607,-0.32723872844379803,Bumps
1.013921113689095,1.0292397660818713,-0.14719427964062629,-0.1472003837183709,0.3670886075949367,0.5833333333333334,0.0,0.2696287802780565,-0.3076923076923077,-0.18181818181818182,0.9785932721712538,0.2,-0.6817264250696914,0.17719132893496709,-0.06450861667442932,0.6233766233766231,-0.11768639251086595,-1.1765676567656767,0.0,0.3349153941394957,0.7690875232774673,-0.15888234488426262,-0.8109746618995802,-0.5081081081081079,0.3781425306461667,Bumps
0.6218097447795824,0.6549707602339181,-0.5341621178709164,-0.5341674229098696,2.050632911392405,0.9583333333333334,0.42105263157894735,1.6200085996846783,-1.1538461538461537,-0.9090909090909091,-0.024464831804281346,2.1,-0.6878784965875226,0.8209236569274271,-0.061946902654867166,2.7532467532467524,0.8007355399531926,-0.16611661166116617,0.0,1.1306231943871228,1.5484171322160152,0.5308861799753459,-0.8092647287424218,-0.9823423423423421,1.3320174527321835,Other_Faults
0.33178654292343385,0.3263157894736842,-0.46058022981783603,-0.46058826824207183,-0.379746835443038,0.20833333333333334,0.0,-0.32747599254693993,0.9615384615384616,1.2727272727272727,-0.024464831804281346,2.3,0.10304719792367581,1.1187558906691797,-0.18816953889147647,-0.19480519480519484,-1.0287529254429957,0.045654565456545525,1.0,-0.5668592653735041,-0.35350713842333914,0.14025475962197,0.48810819213430756,0.9181981981981983,-0.09162684396426339,Other_Faults
0.642691415313225,0.6409356725146199,0.26600081307697043,0.26600213685271523,-0.03164556962025317,-0.041666666666666664,0.05263157894736842,-0.18065070947398595,-0.6153846153846154,-1.7272727272727273,-0.03669724770642202,0.2,-0.6650004806305871,-0.028275212064090238,-0.05891942244993012,-0.09090909090909102,-0.4757606151788698,-0.24367436743674376,1.0,-0.03569954601733406,-0.22501551831160702,0.14025475962197,0.4018342919322246,-1.1372972972972972,-0.03739871182214838,Bumps
-0.5220417633410673,-0.5251461988304094,-0.16653667602984928,-0.16654039969085846,0.11392405063291139,0.625,0.5789473684210527,0.211781568009173,0.7307692307692307,0.5454545454545454,-0.0061162079510703364,-0.6,0.13861386138613857,0.8873704052780397,0.7242664182580347,0.5584415584415584,-0.6429287863590772,-1.8509350935093514,1.0,0.1180354931902598,0.43885785226567403,0.20435556773044794,-0.12093890875174877,0.6897297297297297,0.4467068356534385,Other_Faults
-0.24129930394431554,-0.22456140350877193,-0.4072516368038817,-0.4072563584253557,2.1012658227848102,1.2916666666666667,1.2105263157894737,2.2872294682528307,0.3076923076923077,0.6363636363636364,0.9785932721712538,0.2,0.5190810343170239,0.0428840716305372,0.14112715416860735,1.3896103896103893,-0.1929120695419591,-2.3690869086908695,0.0,1.146512587701196,1.2557417752948479,0.4317216819613752,-0.6737136639204104,0.34954954954954964,1.2543112403906087,Bumps
-0.6879350348027842,-0.6573099415204678,-0.08643807598430435,-0.0864391897630923,2.3860759493670884,2.5833333333333335,1.2105263157894737,2.432850795470833,0.07692307692307693,0.0,0.9785932721712538,0.2,-0.3548976256848985,0.6456173421300662,-0.41476478807638567,2.532467532467532,-0.38114343029087255,-2.5033003300330043,0.0,1.230086669418076,1.7607076350093112,0.37885221202575026,-1.0447691590237835,0.04036036036036041,1.335134012050696,Bumps
-0.882830626450116,-0.8994152046783626,-0.043160397576757145,-0.043155694412706044,0.3037974683544304,0.16666666666666666,0.7368421052631579,0.3951268453490039,0.34615384615384615,1.2727272727272727,-0.04892966360856269,0.0,-0.7328655195616648,0.019321394910462048,-0.8269678621332092,-0.28571428571428575,-1.1109996656636576,0.045654565456545525,1.0,0.28539001238134465,-0.49565487274984427,0.8245445829338454,0.9146587906109126,0.5210810810810811,0.2605443590276335,Bumps
0.617169373549884,0.6105263157894737,-0.37445507802330785,-0.37446411042001015,-0.46835443037974683,-0.5,-0.21052631578947367,-0.47367063207682386,0.4230769230769231,0.0,-0.04892966360856269,0.6,-0.6025185042776121,0.3025447690857682,-0.31765253842571023,-0.4675324675324676,0.2858575727181545,0.045654565456545525,1.0,-0.7734213784564592,-0.8342644320297948,-0.15888234488426262,0.5745375408052231,0.13045045045045048,-0.3052150425929773,Other_Faults
0.3375870069605568,0.3508771929824561,1.300881604738356,1.3008988928915068,0.43037974683544306,0.7083333333333334,0.47368421052631576,0.2636663322344847,-0.4230769230769231,-0.9090909090909091,-0.03058103975535168,0.2,0.03960396039603961,1.3543826578699338,0.578015836050303,1.3376623376623373,-0.027081243731193565,-0.7695269526952698,0.0,0.38196450680973953,0.9345127250155186,0.4317216819613752,-0.38209233639048656,-0.833153153153153,1.0947434032827756,Bumps
-0.28074245939675174,-0.28771929824561404,0.9853441035353071,0.985355748110137,0.33544303797468356,-0.20833333333333334,0.10526315789473684,0.2928479289092733,-0.6538461538461539,0.2727272727272727,-0.06422018348623854,-0.4,0.7420936268384118,-0.38171536286522123,0.031672100605496176,0.10389610389610371,0.4018722835172182,0.045654565456545525,1.0,0.3105654147750714,0.0,0.26544308998767296,0.34136483755635005,-0.2219819819819819,0.16434656139621856,Bumps
-0.5626450116009281,-0.5766081871345029,-0.3119212545998541,-0.3119315849498881,-0.3860759493670886,-0.4166666666666667,-0.42105263157894735,-0.40349720510247955,0.038461538461538464,-0.18181818181818182,0.0,-0.6,0.03941170816110729,-0.6088595664467481,0.6138798323241734,-0.28571428571428575,0.42092945503176193,0.045654565456545525,1.0,-0.5800660338423443,-0.49565487274984427,-0.5591014929461718,-0.0472563345251049,-0.08864864864864848,-0.32308331601911483,Bumps
0.9640371229698376,0.9625730994152046,0.9903445794956293,0.9903668070986846,0.25949367088607594,0.5416666666666666,1.3157894736842106,0.1859825139744876,-0.38461538461538464,-0.6363636363636364,0.9571865443425076,0.2,-0.5675285975199461,0.6870876531573984,-0.9580810433162553,-0.45454545454545453,-1.4296221999331327,-0.3382838283828383,1.0,0.24907139909203418,-0.49565487274984427,1.090261607998905,1.0020208300948237,-0.4115315315315314,0.5073758570538125,Other_Faults
0.29698375870069604,0.2912280701754386,-0.3393292062401817,-0.3393398897493392,-0.47468354430379744,-0.2916666666666667,-0.3684210526315789,-0.5500931632506808,-0.6153846153846154,-1.0,-0.04892966360856269,4.6,0.17052773238488894,0.40150801131008473,0.8467629250116443,-0.18181818181818182,0.07355399531929127,-0.4543454345434545,0.5,-0.7901361947998352,-0.35350713842333914,-0.5591014929461718,-0.20270480335768692,-1.1639639639639636,-0.30085185954705995,Other_Faults
0.08932714617169374,0.08070175438596491,-0.33756368270223447,-0.3375743434621274,-0.41139240506329117,-0.4583333333333333,-0.42105263157894735,-0.47137738282929625,-0.6538461538461539,-1.1818181818181819,0.9663608562691132,0.0,1.1544746707680476,-0.3996229971724786,0.6138798323241734,-0.45454545454545453,0.694416583082581,0.045654565456545525,1.0,-0.6353693768056132,-0.49565487274984427,-0.5591014929461718,-0.0472563345251049,-0.7524324324324323,-0.32308331601911483,Other_Faults
-0.29582366589327147,-0.30760233918128654,1.2398130028152659,1.239821615135628,-0.4620253164556962,-0.4166666666666667,-0.5263157894736842,-0.4694281209688978,0.07692307692307693,0.5454545454545454,0.9724770642201835,-0.2,0.4137268095741611,-0.7007540056550421,0.5880298090358642,-0.45454545454545453,0.42092945503176193,0.045654565456545525,0.0,-0.7569129178704088,-0.49565487274984427,-0.8245445829338448,-0.3754080522306855,0.08936936936936941,-0.3606897984624973,Bumps
0.7250580046403712,0.7380116959064328,0.08771343927877022,0.0877056286846312,-0.2911392405063291,0.08333333333333333,-0.631578947368421,-0.20650709473985954,1.0769230769230769,1.2727272727272727,0.7828746177370031,0.6,-0.24262232048447566,-0.4608859566446747,-0.975780158360503,0.6883116883116881,1.0287529254429955,-0.8712871287128714,0.0,-0.3990920346677676,0.7690875232774673,-1.3836460758800169,-1.4192445204414736,1.1344144144144144,-0.26573862455848735,Other_Faults
-0.8851508120649652,-0.9017543859649123,-0.3360532318231805,-0.3360496730163046,0.5379746835443038,-0.16666666666666666,1.0,0.5760068797477426,0.038461538461538464,0.6363636363636364,0.9571865443425076,2.6,-0.7407478611938862,-0.11498586239396781,-0.9156963204471357,-0.45454545454545453,-0.5446339017051154,0.045654565456545525,1.0,0.45645893520429126,-0.49565487274984427,0.9973976167648273,0.9737292087672937,0.17009009009009016,0.4159567837107833,Other_Faults
0.012761020881670533,0.0023391812865497076,0.1225158684119597,0.12251113590577863,-0.4936708860759494,-0.4583333333333333,-0.42105263157894735,-0.4908700014332808,0.38461538461538464,0.45454545454545453,-0.1529051987767584,-0.6,0.8126501970585406,-0.04618284637134766,0.3809967396367026,-0.36363636363636365,0.36008024072216654,0.045654565456545525,1.0,-0.8423442014032192,-0.6542520173805085,-0.5591014929461718,0.10819213430747711,0.3070270270270271,-0.3442759193849989,Bumps
-0.46403712296983757,-0.4233918128654971,-0.39934228068616123,-0.3993495300422926,1.4367088607594938,3.9583333333333335,2.1052631578947367,1.8605704457503225,1.0769230769230769,1.4545454545454546,-0.04281345565749235,-0.6,0.2878015956935498,1.2092365692742693,-0.7198416394969726,4.103896103896103,-0.7295218990304245,-3.748074807480749,0.0,0.9141560049525371,1.9444444444444444,0.14025475962197,-1.248406653194466,1.1358558558558558,1.3276542696862663,Other_Faults
-0.004640371229698376,-0.004678362573099415,-0.1955276559243386,-0.1955333309315873,0.31645569620253167,-0.041666666666666664,-0.10526315789473684,0.18133868424824423,-1.7307692307692308,-0.09090909090909091,0.9785932721712538,0.2,0.9820244160338363,-0.1847313854853909,0.7098276665114115,0.15584415584415579,0.5272484119023736,0.045654565456545525,0.0,0.29550144449030075,0.361887026691496,0.0,-0.29410850303124514,-0.735135135135135,0.20548514440058172,Bumps
-0.8735498839907193,-0.8888888888888888,0.1567050713177895,0.15671024608517592,0.08860759493670886,0.08333333333333333,0.5263157894736842,0.2183746595958148,0.19230769230769232,2.1818181818181817,-0.04892966360856269,0.0,-0.7101797558396615,0.5094250706880301,-0.6504424778761062,-0.18181818181818182,-0.8609160815780674,0.045654565456545525,1.0,0.09306644655385819,-0.35350713842333914,0.6659361731269694,0.7966734027669828,0.9318918918918918,0.2329108664034906,Bumps
-0.8723897911832946,-0.87953216374269,-0.023871119411344895,-0.023873004786749936,0.02531645569620253,-0.125,0.10526315789473684,0.028493621900530314,0.38461538461538464,-0.2727272727272727,0.039755351681957186,-0.6,-0.7082572334903392,0.9731385485391141,0.6015370284117376,0.4545454545454544,0.842861919090605,-0.22937293729372982,1.0,0.027651671481634034,0.361887026691496,0.20435556773044794,-0.039017565676978054,0.06702702702702715,0.38146686058591306,Other_Faults
0.15661252900232017,0.17777777777777778,-0.5351108829773974,-0.5350909556117891,6.2215189873417724,1.7083333333333333,2.9473684210526314,4.696058477855812,-1.7307692307692308,-1.7272727272727273,0.7737003058103975,-0.6,0.8832067672786695,0.7898209236569274,-0.39729855612482534,1.571428571428571,-0.4811099966566366,-0.02860286028602851,1.0,1.936648782501031,1.2960893854748607,1.8057800301328593,0.6278563656147987,-1.416936936936937,1.3486391024309161,Other_Faults
0.3294663573085847,0.3298245614035088,0.10604921903062924,0.10605005957469636,0.35443037974683544,0.08333333333333333,0.15789473684210525,0.3265013616167407,-0.5,0.0,0.9663608562691132,-0.2,0.6699990387388253,0.14655984919886902,0.18141592920354002,0.012987012987012906,-0.1340688732865263,0.045654565456545525,1.0,0.32521667354519174,0.19304779639975178,0.32351732639364505,0.2414114720969999,-0.1412612612612611,0.3538333679617702,Bumps
0.988399071925754,0.9976608187134502,0.5274523921345059,0.5274581366465507,0.759493670886076,-0.125,0.10526315789473684,0.44173713630500216,-1.6153846153846154,-0.2727272727272727,0.9724770642201835,0.0,-0.6248197635297509,-0.34731385485391125,0.6138798323241734,0.23376623376623368,1.0287529254429955,0.045654565456545525,1.0,0.5926537350392073,0.43885785226567403,0.26544308998767296,-0.0472563345251049,-1.2742342342342343,0.5073758570538125,Bumps
0.35730858468677495,0.3508771929824561,-0.3487137763954184,-0.34872510675717217,-0.46835443037974683,-0.375,-0.42105263157894735,-0.4468969471119392,0.7307692307692307,0.5454545454545454,-0.024464831804281346,2.3,0.04402576179948086,-0.2426955702167765,0.8467629250116443,-0.28571428571428575,0.1929120695419591,-0.5044004400440045,0.5,-0.7734213784564592,-0.49565487274984427,-0.6845637583892618,-0.20270480335768692,0.6176576576576577,-0.3421982131726573,Other_Faults
1.0046403712296983,1.0198830409356725,1.0194807141403341,1.0195301395896539,6.310126582278481,2.5833333333333335,3.8947368421052633,4.954163680665042,-0.7307692307692307,-1.4545454545454546,0.9724770642201835,0.0,-0.6678842641545707,0.36616399622997187,-0.8933395435491382,0.6233766233766231,-1.3881644934804411,-0.01430143014301456,1.0,1.9479983491539408,0.7690875232774673,2.0679358991918924,0.9589616042281984,-1.2526126126126125,1.3486391024309161,Bumps
1.062645011600928,1.0596491228070175,0.14168102874747754,0.1416812765578106,-0.189873417721519,-0.375,0.05263157894736842,-0.5003296545793321,-2.1153846153846154,-3.909090909090909,0.9724770642201835,0.0,-0.7451696625973275,-0.5730442978322335,-0.6241266884024219,-0.6103896103896104,-0.3644266131728518,0.045654565456545525,1.0,-0.23937267849773022,-0.8342644320297948,0.20435556773044794,0.7791077257889011,-3.023423423423423,-0.22106794099314353,Other_Faults
-0.54292343387471,-0.5578947368421052,-0.10273327446501797,-0.10273933158005874,-0.2721518987341772,-0.375,-0.2631578947368421,-0.2027805647126272,0.7692307692307693,1.1818181818181819,0.9571865443425076,0.6,-0.06824954340094208,-0.9524033930254473,-0.048905449464368936,-0.5324675324675324,-0.08559010364426635,0.045654565456545525,1.0,-0.3669005365249693,-0.6542520173805085,-0.24708943980276699,0.39515000777242343,0.9153153153153153,-0.2917099522127571,Other_Faults
0.5545243619489559,0.5497076023391813,0.3839469364721821,0.3839487281571499,-0.27848101265822783,-0.3333333333333333,-0.10526315789473684,-0.26590225025082415,0.34615384615384615,0.2727272727272727,-0.03669724770642202,1.0,-0.4448716716331827,0.1503298774740812,-0.17210060549604092,-0.28571428571428575,0.0,0.045654565456545525,1.0,-0.3774246801485766,-0.49565487274984427,0.0,0.4773822477848594,0.26306306306306315,-0.19239559526282984,Other_Faults
0.6322505800464037,0.6292397660818714,1.6142649253005255,1.6142815181173606,-0.3227848101265823,-0.25,-0.21052631578947367,-0.33659165830586213,0.34615384615384615,-0.7272727272727273,-0.07339449541284404,-0.6,-0.6699990387388253,0.30725730442978333,0.18141592920354002,-0.18181818181818182,-0.08559010364426635,0.045654565456545525,1.0,-0.4554271564176642,-0.35350713842333914,-0.15888234488426262,0.2414114720969999,-0.0418018018018018,-0.20299189694577185,Bumps
0.14617169373549885,0.14385964912280702,1.1653354678795151,1.1653552169210546,0.8544303797468354,0.4166666666666667,0.6842105263157895,0.7963881324351441,-0.34615384615384615,-0.09090909090909091,0.9663608562691132,0.0,1.0316254926463517,0.043355325164938924,-0.43036795528644617,-0.06493506493506498,-0.8047475760615179,0.045654565456545525,1.0,0.645480808914568,0.09993792675356922,0.7870154773318729,0.6497745997201928,-0.23639639639639634,0.738832329108664,Other_Faults
0.8863109048723898,0.8830409356725146,0.37289676815052336,0.372897365591412,-0.3860759493670886,-0.3333333333333333,-0.15789473684210525,-0.4458649849505518,-0.34615384615384615,-1.4545454545454546,0.9602446483180428,-0.2,-0.4104585215803133,0.08011310084825642,-0.15137401024685598,-0.5324675324675324,-0.257104647275159,-0.32123212321232136,1.0,-0.5800660338423443,-0.6542520173805085,-0.15888234488426262,0.4635473340587596,-0.7099099099099097,-0.2730105963016829,Bumps
-0.3248259860788863,-0.33567251461988307,1.6503548139573656,1.6503687162238032,-0.4810126582278481,-0.041666666666666664,-0.5263157894736842,-0.42597104772824995,1.3461538461538463,1.2727272727272727,-0.0672782874617737,-0.6,0.6352013842160914,-0.16399622997172472,0.3809967396367026,-0.18181818181818182,-0.6429287863590772,0.045654565456545525,0.0,-0.8072637226578624,-0.35350713842333914,-0.8245445829338448,-0.5136017410228509,1.2785585585585584,-0.3442759193849989,Bumps
-0.5661252900232019,-0.5777777777777777,-0.4890757902387638,-0.489088403274544,-0.26582278481012656,-0.25,-0.42105263157894735,-0.3693277913143185,-0.8461538461538461,-1.6363636363636365,0.9785932721712538,-0.2,-0.11650485436893199,-0.785108388312912,0.6350721937587334,-0.29870129870129875,0.1370779003677697,0.045654565456545525,0.0,-0.356376392901362,-0.22501551831160702,-0.5591014929461718,-0.34400746152650397,-1.07027027027027,-0.2775815499688344,Other_Faults
0.3468677494199536,0.35555555555555557,0.8950078862155054,0.8950162630637671,-0.0379746835443038,0.4166666666666667,0.2631578947368421,-0.15399168697147772,-0.5,-1.0,-0.03058103975535168,0.2,0.028261078535037946,1.2657869934024502,0.21169073125291102,0.9480519480519478,0.05817452357071203,-1.6287128712871293,0.0,-0.04292199752373167,0.7091868404717571,0.0,-0.626612777864138,-0.8799999999999998,0.48057344691460635,Bumps
-0.722737819025522,-0.7391812865497076,-0.48441295684959496,-0.484424983873678,-0.379746835443038,-0.4583333333333333,-0.3684210526315789,-0.3349863838325928,0.23076923076923078,1.3636363636363635,0.746177370030581,0.0,-0.4075747380563299,-0.7422243166823748,0.21169073125291102,-0.5064935064935066,0.36008024072216654,0.045654565456545525,1.0,-0.5668592653735041,-0.6542520173805085,-0.4456923709080945,0.2212031711487642,0.8093693693693694,-0.32723872844379803,Other_Faults
-0.04756380510440835,-0.05380116959064327,0.12491565509758765,0.1249109535133293,-0.27848101265822783,-0.375,-0.42105263157894735,-0.3141751469112799,-0.4230769230769231,-0.18181818181818182,-0.0672782874617737,0.2,0.9964433336537535,-0.3996229971724786,0.4585468095016304,0.012987012987012906,1.0287529254429955,0.045654565456545525,0.0,-0.3774246801485766,-0.1076970825574176,-0.5591014929461718,-0.4618374009016011,-0.30126126126126107,-0.25368792852690625,Bumps
-0.8677494199535963,-0.8888888888888888,0.34746470925135386,0.3474686605015424,-0.3291139240506329,-0.3333333333333333,0.15789473684210525,-0.28270030098896376,0.8846153846153846,0.7272727272727273,-0.04892966360856269,-0.6,-0.6959530904546763,-0.5117813383600375,-0.9275733581741966,-0.6623376623376623,-1.0287529254429957,0.045654565456545525,1.0,-0.4671894345852251,-1.2877094972067036,0.32351732639364505,0.9816570806777555,0.7372972972972973,-0.2894244753791813,Bumps
0.6705336426914154,0.6713450292397661,2.3676675156817093,2.367690134793174,-0.4873417721518987,-0.2916666666666667,-0.3684210526315789,-0.4531460513114519,0.9615384615384616,1.2727272727272727,0.8440366972477065,-0.02,-0.06940305681053545,0.2582469368520264,-0.227992547741034,-0.11688311688311684,0.7900367769976594,-1.954345434543455,0.0,-0.8245976062732151,0.0,-0.9834269278181074,-0.9200994870200528,0.9037837837837838,-0.3207978391855391,Bumps
0.08120649651972157,0.09824561403508772,-0.15562219584426157,-0.15562104550107828,0.5316455696202531,1.4583333333333333,1.0,0.7340117529023936,0.9230769230769231,1.3636363636363635,-0.03058103975535168,-0.4,0.6484667884264151,1.7483506126295945,0.6213320912901725,1.805194805194805,-0.4637245068538951,-1.2920792079207923,0.0,0.4521254643004531,1.17163252638113,0.6659361731269694,-0.3531789211876263,0.9326126126126126,1.3018907126532309,Other_Faults
-0.28074245939675174,-0.256140350877193,0.6241512260054202,0.6241508534920028,0.012658227848101266,0.9583333333333334,-0.05263157894736842,0.05360470116095743,0.5384615384615384,0.0,-0.03669724770642202,-0.6,0.7322887628568681,0.34637134778510836,-1.1327433628318584,2.675324675324675,0.7248411902373787,-3.513751375137515,0.0,0.013825835740817017,1.5152079453755436,-1.1666894945897825,-1.5240167884346338,0.35459459459459464,0.09723665073758571,Other_Faults
0.42691415313225056,0.41754385964912283,-0.40022740910867094,-0.4002399291677766,-0.6075949367088608,-0.5,-0.5263157894736842,-0.6109789307725383,0.38461538461538464,0.5454545454545454,0.9908256880733946,0.6,0.5115831971546668,-0.2426955702167765,0.26455519329296706,-0.6883116883116883,-0.08559010364426635,0.045654565456545525,1.0,-1.2424680148576144,-1.0418994413407816,-0.8245445829338448,0.1859163687237681,0.33729729729729735,-0.40681487637648034,Bumps
0.5290023201856149,0.5274853801169591,-0.31173350008598844,-0.3117380427891214,0.41139240506329117,-0.08333333333333333,0.15789473684210525,0.2636663322344847,-1.1153846153846154,-0.18181818181818182,-0.04281345565749235,-0.6,-0.39642410843026044,-0.7101790763430723,-0.15137401024685598,0.0,-0.20294215981277156,-0.2981298129812983,1.0,0.3681386710689225,-0.1076970825574176,0.32351732639364505,0.4635473340587596,-0.7488288288288287,0.13733638063577808,Other_Faults
0.9988399071925754,0.9988304093567252,-0.24151646743826585,-0.2415248387433539,-0.25949367088607594,-0.25,-0.3157894736842105,-0.36588791744302707,-0.5,-1.6363636363636365,0.9724770642201835,-0.2,-0.6271267903489378,-0.5174363807728555,0.4585468095016304,-0.37662337662337664,-0.08559010364426635,0.045654565456545525,1.0,-0.34605860503508074,-0.35350713842333914,-0.3421449116559377,0.056427794186227266,-1.0918918918918916,-0.25368792852690625,Bumps
-0.48491879350348027,-0.4935672514619883,0.03505487217704251,0.03506268688586193,0.8987341772151899,0.5416666666666666,1.0526315789473684,0.8035545363336678,0.038461538461538464,-0.09090909090909091,-0.0061162079510703364,-0.6,0.2283956550994905,0.18049010367577753,-0.6411271541686074,0.0909090909090908,-1.0364426613172852,-0.24367436743674376,1.0,0.6690053652496899,0.0,0.9647993425558148,0.7904554640136796,-0.3675675675675675,0.8317057968003323,Other_Faults
-0.8700696055684455,-0.8900584795321638,0.7281393527675909,0.7281524165553229,-0.0379746835443038,-0.20833333333333334,0.5789473684210527,-0.02276049878171134,0.46153846153846156,0.0,-0.0672782874617737,-0.6,-0.7015284052677111,-0.4052780395852966,-1.0002328830926877,-0.5714285714285714,-1.0608492143095953,0.045654565456545525,1.0,-0.04292199752373167,-1.0418994413407816,0.7075743048897413,1.030157002953521,0.1765765765765766,-0.10907957614793265,Bumps
0.5406032482598608,0.5391812865497077,0.5494096777196399,0.5494109717893894,-0.22151898734177214,-0.2916666666666667,-0.3684210526315789,-0.20822703167550524,-0.15384615384615385,0.6363636363636364,0.9847094801223242,0.3,0.27261366913390367,-0.4208294062205465,0.652771308802981,-0.22077922077922077,0.550986292209963,0.045654565456545525,0.0,-0.2862154354106484,-0.1076970825574176,-0.4456923709080945,-0.33219337789522774,0.2371171171171172,-0.22376895906918756,Bumps
-0.574245939675174,-0.5847953216374269,-0.4325664148722612,-0.43257251454130113,0.37341772151898733,-0.041666666666666664,0.15789473684210525,-0.06180306722086857,-1.7692307692307692,-2.3636363636363638,-0.03669724770642202,2.6,0.01807171008362965,-0.5980207351555133,-0.15137401024685598,0.0,-0.30859244399866276,0.045654565456545525,1.0,0.3396615765579851,-0.1076970825574176,0.32351732639364505,0.4635473340587596,-2.279639639639639,0.13733638063577808,Other_Faults
0.7018561484918794,0.7064327485380117,-0.13927282729372117,-0.1392777774417671,0.0189873417721519,0.041666666666666664,-0.05263157894736842,0.14642396445463665,0.8846153846153846,1.3636363636363635,0.9785932721712538,0.2,-0.055176391425550315,0.48774740810556083,0.8467629250116443,0.07792207792207789,0.11701771982614483,-0.2777777777777778,0.5,0.020841931489888558,0.2799503414028555,0.0,-0.20270480335768692,0.9996396396396396,0.15084147101599832,Bumps
-0.19489559164733178,-0.20584795321637428,0.7014119454996505,0.7014141463015697,-0.46835443037974683,-0.375,-0.47368421052631576,-0.47751182456643254,0.23076923076923078,-0.09090909090909091,-0.04281345565749235,-0.6,0.9437662212823222,-0.2426955702167765,0.8467629250116443,-0.28571428571428575,0.1929120695419591,0.045654565456545525,0.5,-0.7734213784564592,-0.49565487274984427,-0.6845637583892618,-0.20270480335768692,0.06054054054054067,-0.3421982131726573,Other_Faults
-0.8781902552204176,-0.8912280701754386,0.11594288265763622,0.11594227289497261,0.08227848101265822,-0.375,0.05263157894736842,0.06977210835602694,0.38461538461538464,-0.2727272727272727,-0.0030581039755351682,-0.6,-0.7217148899355954,-0.1771913289349668,0.07056357708430368,-0.012987012987013132,1.0287529254429955,-0.24367436743674376,1.0,0.08666941807676394,-0.1076970825574176,0.14025475962197,0.31540494326130886,-0.05189189189189177,0.01911489715354246,Other_Faults
0.33178654292343385,0.32748538011695905,-0.18279243028496087,-0.18277900772301592,1.4177215189873418,0.8333333333333334,1.8421052631578947,1.4458363193349577,-0.11538461538461539,1.2727272727272727,-0.04281345565749235,2.1,0.08709026242430068,-0.000942507068802912,-0.9895202608290637,-0.09090909090909102,-1.4175860916081577,-0.05830583058305861,1.0,0.9065208419314892,-0.22501551831160702,1.40227366114231,1.0230063733872221,0.042522522522522636,1.0533970496571783,Other_Faults
-0.5846867749419954,-0.5695906432748538,0.792072131392397,0.7920723447974631,-0.26582278481012656,0.5416666666666666,-0.5789473684210527,-0.1960154794324208,-1.6538461538461537,5.818181818181818,0.9663608562691132,0.0,-0.15149476112659813,-1.0739868049010364,-1.2766651141127157,1.4675324675324672,1.0287529254429955,-3.0973597359735985,0.0,-0.356376392901362,1.2960893854748607,-1.9915080126010138,-1.6200839421731696,0.9088288288288289,-0.2962809058799085,Other_Faults
1.051044083526682,1.0526315789473684,-0.1823517068042341,-0.18234984901870707,0.4177215189873418,0.7916666666666666,0.7894736842105263,-0.09494051884764225,-2.3076923076923075,-3.727272727272727,0.9602446483180428,1.6,-0.7407478611938862,0.12865221489161188,-0.6280857009781089,-0.29870129870129875,-1.39518555667001,-0.4543454345434545,1.0,0.3726784977300858,-0.22501551831160702,0.7478427612655807,0.7817503497590549,-2.592432432432432,0.4055682526490755,Other_Faults
-0.02320185614849188,-0.0304093567251462,-0.05250184204533562,-0.052509881563242135,-0.36075949367088606,-0.2916666666666667,-0.5263157894736842,-0.38188333094453203,0.038461538461538464,-0.09090909090909091,0.9908256880733946,-0.2,0.9418436989329999,-0.9029217719132889,0.21169073125291102,-0.29870129870129875,0.3122701437646269,0.045654565456545525,0.0,-0.5280643829962859,-0.22501551831160702,-0.8245445829338448,-0.626612777864138,-0.13909909909909898,-0.32723872844379803,Other_Faults
-0.7529002320185615,-0.7672514619883041,0.27224562287428494,0.2722486049055049,-0.012658227848101266,0.041666666666666664,0.15789473684210525,-0.061573742296115806,-0.19230769230769232,-0.7272727272727273,0.9663608562691132,-0.2,-0.48139959627030654,0.07163053722902941,-0.3730787144853283,-0.37662337662337664,-0.7950518221330658,0.045654565456545525,1.0,-0.014032191498143082,-0.35350713842333914,0.32351732639364505,0.6115342763873778,-0.3315315315315314,0.0,Bumps
-0.6705336426914154,-0.6842105263157895,0.12681528900258177,0.12681061189563764,-0.4050632911392405,-0.4166666666666667,-0.42105263157894735,-0.3837179303425541,0.3076923076923077,1.6363636363636365,0.9663608562691132,-0.2,-0.3197154666923002,-0.11687087653157391,0.8467629250116443,-0.37662337662337664,0.7248411902373787,0.045654565456545525,0.5,-0.6211308295501445,-0.35350713842333914,-0.5591014929461718,-0.20270480335768692,0.505945945945946,-0.30085185954705995,Bumps
0.4733178654292343,0.47134502923976607,0.7571003550506227,0.7571048512026305,-0.10759493670886076,-0.2916666666666667,-0.3157894736842105,-0.146825283072954,-0.07692307692307693,-0.2727272727272727,-0.0672782874617737,0.6,-0.2804960107661251,-0.7332704995287462,0.8467629250116443,0.012987012987012906,0.550986292209963,0.045654565456545525,0.5,-0.12773421378456468,-0.1076970825574176,-0.3421449116559377,-0.20270480335768692,-0.2796396396396396,-0.19239559526282984,Bumps
-0.5986078886310905,-0.6128654970760234,-0.04607295919521157,-0.046079338085810176,-0.3860759493670886,-0.4166666666666667,-0.3684210526315789,-0.3943815393435574,0.15384615384615385,-0.18181818181818182,-0.03058103975535168,0.0,-0.04229549168509087,-0.2902921771913288,0.4233814625058223,-0.28571428571428575,0.42092945503176193,0.045654565456545525,1.0,-0.5800660338423443,-0.49565487274984427,-0.4456923709080945,0.07990051297994716,0.045405405405405504,-0.30292956575940155,Bumps
0.5197215777262181,0.5239766081871345,0.2611228771775185,0.2611241380996947,0.35443037974683544,0.875,0.21052631578947367,0.4746452630070231,0.7692307692307693,0.7272727272727273,0.7767584097859327,1.0,0.1855234067096029,0.0655042412818097,0.7172799254774106,0.20779220779220764,-0.961216984286192,-0.9543454345434544,1.0,0.32521667354519174,0.361887026691496,0.14025475962197,-0.11627545468677132,0.6493693693693694,0.32287554539788066,Bumps
-0.1728538283062645,-0.1567251461988304,0.5093359222769942,0.5093377518447645,-0.15822784810126583,1.25,0.10526315789473684,-0.0442597104772825,1.1153846153846154,1.2727272727272727,-0.04892966360856269,-0.6,1.000096126117466,1.7323279924599428,-0.5358639962738705,1.9220779220779216,-0.21698428619190926,-1.87953795379538,0.0,-0.19479983491539463,1.2141527001862202,-0.24708943980276699,-1.1257578112855589,1.166126126126126,0.6858508206939539,Other_Faults
0.013921113689095127,0.16257309941520467,1.900675758473014,1.9006986714224745,5.39873417721519,6.916666666666667,4.578947368421052,5.547771248387559,0.07692307692307693,0.6363636363636364,-0.04281345565749235,0.6,0.48582139767374793,1.2092365692742693,-1.1748952026082906,12.610389610389607,0.25977933801404207,-4.45929592959296,0.0,1.8252166735451907,3.24177529484792,0.20435556773044794,-1.5521529612933311,0.08216216216216221,1.3486391024309161,Other_Faults
-0.8897911832946636,-0.9076023391812865,-0.30738148719456365,-0.3073786108038074,0.3860759493670886,-0.125,0.8947368421052632,0.39850938798910707,0.15384615384615385,0.0,0.9571865443425076,2.6,-0.7497837162357011,-0.28180961357210155,-0.9496972519795063,-0.5324675324675324,-0.8288197927114677,0.045654565456545525,1.0,0.34936029715229,-0.6542520173805085,0.9313792631146424,0.9964246852168507,0.06990990990991,0.2329108664034906,Other_Faults
0.3375870069605568,0.34619883040935673,-0.15623699984064532,-0.15624059078744573,0.03164556962025317,0.5833333333333334,0.10526315789473684,0.15227175003583202,0.6538461538461539,1.3636363636363635,0.8685015290519877,1.46,0.5905988657118139,1.3996229971724783,0.5291103865859341,0.5844155844155842,-0.212972250083584,-0.22937293729372982,0.0,0.03446141147337951,0.7091868404717571,0.20435556773044794,-0.41473651484532875,0.9333333333333332,0.6918761687097442,Other_Faults
0.4756380510440835,0.4807017543859649,1.089353267217799,1.08936099268195,-0.13291139240506328,0.25,-0.3684210526315789,-0.24612297549089868,-0.5384615384615384,-0.09090909090909091,-0.03058103975535168,0.2,-0.2733826780736326,0.09802073515551384,-0.18816953889147647,0.5714285714285713,-0.08559010364426635,-0.4543454345434545,0.0,-0.16054477919934027,0.43885785226567403,-0.5591014929461718,-0.8935177988496813,-0.11747747747747733,-0.09162684396426339,Bumps
0.31786542923433875,0.3216374269005848,1.5423707241802043,1.5423895461988557,-0.08860759493670886,0.4166666666666667,0.3157894736842105,-0.06518560986097176,0.34615384615384615,0.45454545454545453,-0.03058103975535168,0.2,0.1099682783812361,1.4066918001885012,0.6138798323241734,0.5714285714285713,-0.3734536944165831,-0.8712871287128714,1.0,-0.10379694593479158,0.43885785226567403,0.26544308998767296,-0.0472563345251049,0.2652252252252253,0.5073758570538125,Bumps
-0.6496519721577726,-0.6538011695906433,0.009497117678954507,0.009488299245632614,-0.4620253164556962,-0.08333333333333333,-0.631578947368421,-0.3981654006019779,1.0384615384615385,2.090909090909091,-0.0061162079510703364,-0.02,-0.16956647121022778,0.019321394910462048,-0.8351187703772707,0.5584415584415584,0.8528920093614175,-0.8712871287128714,0.0,-0.7569129178704088,0.43885785226567403,-1.3836460758800169,-1.325353645266594,1.362162162162162,-0.32308331601911483,Other_Faults
-0.5092807424593968,-0.5251461988304094,-0.3821772055501707,-0.3821900189571391,-0.6012658227848101,-0.5416666666666666,-0.5789473684210527,-0.6090296689121399,0.2692307692307692,0.6363636363636364,0.9602446483180428,1.6,-0.0026915312890512582,-0.2747408105560789,0.8467629250116443,-0.6103896103896104,0.6108324974924773,0.045654565456545525,0.5,-1.2148163433759802,-0.8342644320297948,-0.9834269278181074,-0.20270480335768692,0.19387387387387392,-0.40494494078537285,Other_Faults
-0.617169373549884,-0.623391812865497,-0.49703510904224685,-0.49703204674253554,1.0696202531645569,1.125,1.263157894736842,0.8157660885767521,-0.23076923076923078,-1.7272727272727273,0.9724770642201835,4.6,-0.21570700759396327,0.7120640904806788,-0.5505356311131812,0.0909090909090908,-1.2002674690738884,-0.21617161716171623,1.0,0.7544366487825002,0.2799503414028555,1.090261607998905,0.7299860096378051,-0.8670270270270268,1.1508414710159982,Other_Faults
0.5185614849187935,0.5181286549707602,-0.3596045900456449,-0.359609223651378,0.5189873417721519,-0.041666666666666664,0.21052631578947367,0.40808370359753476,-0.9615384615384616,0.0,-0.2018348623853211,-0.6,-0.5115831971546668,-0.5612629594721958,-0.10596180717279924,0.14285714285714288,-0.14142427281845538,0.045654565456545525,1.0,0.44366487825010276,0.0,0.37885221202575026,0.43323488263640614,-0.5225225225225223,0.2534801579056721,Bumps
0.5626450116009281,0.5614035087719298,0.09500010255498656,0.09500500816637474,0.8924050632911392,0.041666666666666664,0.5789473684210527,0.7060914433137452,-0.9230769230769231,-0.18181818181818182,-0.06422018348623854,0.0,-0.4967797750648851,-0.7436380772855793,-0.5183977643223102,0.012987012987012906,-0.49114008692744904,0.045654565456545525,1.0,0.6654973173751542,-0.1076970825574176,0.7075743048897413,0.7085341209389089,-0.7019819819819818,0.467068356534386,Other_Faults
-0.7935034802784223,-0.8093567251461988,0.7736222263477961,0.7736264094589523,-0.4620253164556962,-0.3333333333333333,-0.3157894736842105,-0.43841192489608716,0.7307692307692307,0.7272727272727273,-0.06116207951070336,0.0,-0.5140824762087859,0.2808671065032989,0.4233814625058223,-0.28571428571428575,0.0,-0.412541254125413,1.0,-0.7569129178704088,-0.49565487274984427,-0.4456923709080945,0.07990051297994716,0.6436036036036037,-0.30292956575940155,Other_Faults
0.41183294663573083,0.408187134502924,-0.11573461714645746,-0.11574241957678956,-0.379746835443038,-0.2916666666666667,-0.42105263157894735,-0.4804357173570302,-0.6923076923076923,-2.3636363636363638,-0.04281345565749235,4.6,-0.1080457560319139,-0.014137606032045249,0.6350721937587334,-0.09090909090909102,0.3122701437646269,0.045654565456545525,0.0,-0.5668592653735041,-0.22501551831160702,-0.5591014929461718,-0.34400746152650397,-1.2908108108108105,-0.2775815499688344,Other_Faults
-0.04988399071925754,-0.05964912280701754,1.19443426199065,1.1944422895932432,-0.45569620253164556,-0.2916666666666667,-0.5263157894736842,-0.4914433137451627,-0.3076923076923077,-0.2727272727272727,0.01834862385321101,-0.6,1.0529654907238293,-0.7662582469368516,0.5880298090358642,-0.29870129870129875,-0.1651621531260448,0.045654565456545525,0.0,-0.7408171687990097,-0.49565487274984427,-0.8245445829338448,-0.3754080522306855,-0.4108108108108107,-0.3606897984624973,Bumps
-0.8004640371229699,-0.783625730994152,0.11069837842158935,0.11069980480116041,1.6139240506329113,2.5,2.1578947368421053,1.420266590225025,0.038461538461538464,-1.4545454545454546,0.0061162079510703364,-0.6,-0.5346534653465346,0.6819038642789819,-0.09734513274336272,2.35064935064935,-0.7873620862587764,-3.4037403740374046,0.0,0.9822534048699956,1.4099937926753572,0.37885221202575026,-0.8328928960049743,-0.5369369369369368,1.2823602742572198,Other_Faults
-0.8317865429234339,-0.8456140350877193,-0.41533402159124316,-0.41534673630327634,-0.4873417721518987,-0.25,-0.2631578947368421,-0.464038985237208,0.8461538461538461,0.6363636363636364,-0.04892966360856269,2.6,-0.6082860713255791,0.16823751178133836,0.21169073125291102,-0.09090909090909102,0.1370779003677697,-2.069856985698571,0.0,-0.8245976062732151,-0.22501551831160702,-0.8245445829338448,-0.626612777864138,0.6940540540540541,-0.32723872844379803,Other_Faults
-0.43039443155452434,-0.4280701754385965,1.6134734111734448,1.6134905197211835,0.6518987341772152,0.20833333333333334,-0.10526315789473684,0.6115522430844202,-1.5,1.2727272727272727,-0.05504587155963303,2.6,0.37316158800346033,-0.3996229971724786,0.10572892408011178,0.9610389610389607,0.5142092945503174,-0.2981298129812983,0.0,0.5290961617829131,0.7091868404717571,-0.07670182166826471,-0.6973418311829629,-0.18234234234234226,0.4055682526490755,Bumps
-0.07888631090487239,-0.08888888888888889,-0.5062950354445811,-0.5063073444253678,-0.44936708860759494,-0.4166666666666667,-0.3157894736842105,-0.21883330944532034,3.230769230769231,6.363636363636363,-0.06422018348623854,2.6,1.0831490916081898,0.18567389255419434,0.4233814625058223,-0.28571428571428575,0.42092945503176193,-0.412541254125413,1.0,-0.7249277754849361,-0.49565487274984427,-0.4456923709080945,0.07990051297994716,4.183063063063063,-0.30292956575940155,Other_Faults
0.9605568445475638,0.9801169590643275,1.0931188759552735,1.0932107987058972,8.183544303797468,9.083333333333334,9.789473684210526,8.514261143758063,0.34615384615384615,0.0,0.9724770642201835,0.0,-0.590791117946746,1.4401508011310082,-1.112249650675361,0.9350649350649349,-1.9368104312938816,-0.8712871287128714,1.0,2.157243087082129,0.985412787088765,2.811395699219286,1.1049277164619928,0.15639639639639646,1.3486391024309161,Other_Faults
0.9373549883990719,0.9426900584795321,1.2382194561009436,1.2382375146241351,0.8037974683544303,0.16666666666666666,0.42105263157894735,0.5363336677655153,-0.6923076923076923,-1.6363636363636365,0.9480122324159022,0.0,-0.5352302220513312,-0.1819038642789819,-0.13856544014904518,0.012987012987012906,-0.30859244399866276,0.045654565456545525,1.0,0.6176227816756079,0.19304779639975178,0.5777290782084651,0.45499766827296745,-1.0479279279279277,0.6052358196551006,Bumps
-0.46983758700696054,-0.4631578947368421,0.94171984186547,0.9417503837315192,5.613924050632911,1.1666666666666667,2.1578947368421053,5.224652429410922,-0.7307692307692307,0.45454545454545453,-0.03058103975535168,-0.6,0.2706911467845814,-0.3284637134778509,-0.41988821611550997,1.3376623376623373,-0.5406218655967905,-0.14081408140814122,1.0,1.855757325629384,0.9345127250155186,1.511573757019587,0.6427794186227267,-0.4439639639639638,1.3478080199459797,Bumps
-0.314385150812065,-0.30058479532163745,1.493823297232225,1.4938593753163796,6.632911392405063,1.9166666666666667,2.210526315789474,5.889293392575605,-1.5,-0.2727272727272727,0.8990825688073395,-0.6,0.39354032490627694,-0.4114043355325163,-0.14508616674429417,1.2727272727272723,-0.7676362420595119,0.045654565456545525,1.0,1.9876186545604608,1.17163252638113,1.4471990138337218,0.4593502254002798,-0.6904504504504504,1.3484313318096819,Bumps
0.3805104408352668,0.3719298245614035,1.0411071941534191,1.0411148238832078,-0.5506329113924051,-0.5416666666666666,-0.3684210526315789,-0.567349863838326,0.19230769230769232,-0.36363636363636365,0.28440366972477066,1.0,0.20686340478708054,0.38972667295004726,0.0,-0.5194805194805195,0.6108324974924773,0.045654565456545525,1.0,-1.0202228642179116,-0.8342644320297948,-0.4456923709080945,0.36250582931758124,-0.07423423423423406,-0.3505090380220236,Bumps
0.3990719257540603,0.39415204678362575,1.569003991229708,1.5690242082850245,-0.11392405063291139,-0.041666666666666664,0.21052631578947367,-0.11913429840905833,0.19230769230769232,0.0,-0.06116207951070336,2.6,-0.08805152359896183,0.5428840716305372,-0.42361434559850947,-0.18181818181818182,-0.6429287863590772,0.045654565456545525,1.0,-0.13578208832026473,-0.35350713842333914,0.37885221202575026,0.6451111456552153,0.02234234234234238,0.0319966756700603,Bumps
-0.18909512761020883,-0.19064327485380117,-0.10426476226439306,-0.10426084644717337,0.9746835443037974,0.6666666666666666,0.7894736842105263,1.0977784147914575,-1.3076923076923077,2.909090909090909,0.9602446483180428,0.0,0.6259732769393442,0.45617342130065963,-0.24476013041453187,0.1688311688311687,-0.778335005015045,-0.12101210121012114,1.0,0.7078002476269085,0.361887026691496,0.8245445829338454,0.5260376185294575,0.40432432432432436,1.002908788697278,Bumps
0.5823665893271461,0.591812865497076,-0.37261276972618873,-0.37261441536724754,0.6455696202531646,0.8333333333333334,1.263157894736842,0.35207109072667336,-0.5,-2.3636363636363638,-0.06422018348623854,0.0,-0.5707968855137939,1.0556079170593777,0.26455519329296706,0.87012987012987,-0.6021397525911067,-1.7876787678767885,1.0,0.5251754023937261,0.6464928615766609,0.6659361731269694,0.1859163687237681,-1.264144144144144,1.0795761479326824,Other_Faults
-0.1136890951276102,-0.10760233918128655,-0.3789448827428357,-0.37894976555365023,1.2721518987341771,0.20833333333333334,0.2631578947368421,1.0771391715637093,-1.4230769230769231,0.0,0.9663608562691132,-0.2,0.772277227722772,-0.16493873704052764,0.7454587796925946,0.6233766233766231,0.6429287863590772,-0.19361936193619372,0.0,0.8460586050350796,0.7690875232774673,0.37885221202575026,-0.2703248872998601,-0.6147747747747746,0.9237481820070641,Bumps
0.3433874709976798,0.3368421052631579,0.4555802797805218,0.4555782611130936,-0.5,-0.5,-0.5789473684210527,-0.46082843629066933,0.8846153846153846,1.2727272727272727,-0.04892966360856269,-0.4,0.059982697298856094,-0.7662582469368516,0.3292966930600841,-0.28571428571428575,1.0287529254429955,0.045654565456545525,0.0,-0.8605035080478748,-0.49565487274984427,-0.9834269278181074,-0.5481113011036842,1.0443243243243243,-0.3785580718886349,Other_Faults
-0.41647331786542924,-0.43157894736842106,-0.44911773785788406,-0.449121421146427,-0.10759493670886076,-0.2916666666666667,0.47368421052631576,0.13180450050164827,1.8846153846153846,2.8181818181818183,-0.06422018348623854,0.6,0.4096895126405843,0.024976437323280046,-0.8551467163483931,-0.4675324675324676,-0.6429287863590772,-0.1578657865786582,1.0,-0.12773421378456468,-0.8342644320297948,0.5777290782084651,0.9333126068708224,2.185945945945946,-0.08560149594847291,Other_Faults
-0.771461716937355,-0.7777777777777778,0.20922479474539804,0.20924063891002104,1.7784810126582278,1.8333333333333333,1.8421052631578947,1.8967464526300701,0.3076923076923077,0.45454545454545453,0.8562691131498471,0.0,-0.5127367105642602,0.48680490103675766,-0.6397298556124825,0.19480519480519473,-1.440320962888666,-0.5770077007700771,1.0,1.0410647957077994,0.361887026691496,1.2820161621695663,0.789522773200684,0.24144144144144153,1.2755038437564927,Other_Faults
-0.4779582366589327,-0.37777777777777777,0.6071044835462357,0.6071065210296969,2.5253164556962027,4.041666666666667,1.368421052631579,2.7493191916296404,0.5769230769230769,0.6363636363636364,-0.04892966360856269,-0.6,0.25531096799000286,0.7690857681432612,-1.24033535165347,8.999999999999998,0.6887328652624538,-4.07975797579758,0.0,1.2682624845233175,2.8286778398510246,-0.4456923709080945,-1.5958339810352868,0.36540540540540545,1.3421982131726573,Other_Faults
0.6264501160092807,0.6222222222222222,0.8333265839880637,0.8333346919852771,-0.20253164556962025,0.0,0.0,-0.17096173140318188,0.5,0.6363636363636364,-0.03669724770642202,0.6,-0.619821205421513,-0.057492931196983905,-0.24918490917559386,-0.28571428571428575,-0.8816449348044133,-0.2601760176017603,1.0,-0.2577383408997115,-0.49565487274984427,0.07231886043007804,0.5288356909684441,0.41441441441441446,-0.1682942031996676,Bumps
-0.7111368909512761,-0.7228070175438597,1.4234174582246206,1.4234321178482425,-0.0379746835443038,-0.3333333333333333,-0.15789473684210525,-0.202723233481439,-1.1538461538461537,-1.4545454545454546,-0.03058103975535168,2.6,0.1045852158031337,-0.2950047125353439,0.3809967396367026,0.0,0.7716482781678368,0.045654565456545525,1.0,-0.04292199752373167,-0.1076970825574176,-0.07670182166826471,0.10819213430747711,-1.2727927927927924,-0.09162684396426339,Bumps
0.6566125290023201,0.6538011695906433,0.3101283830654895,0.3101313272968866,0.12025316455696203,0.041666666666666664,0.10526315789473684,0.06214705460799771,-0.15384615384615385,0.0,0.9663608562691132,0.0,0.03979621263097182,-0.5645617342130063,-0.31765253842571023,-0.37662337662337664,-0.7950518221330658,0.045654565456545525,1.0,0.12401981015270286,-0.35350713842333914,0.26544308998767296,0.5745375408052231,-0.35747747747747727,-0.031165593185123647,Other_Faults
0.351508120649652,0.34502923976608185,-0.09753031814660525,-0.09753736007966785,-0.34177215189873417,-0.3333333333333333,-0.3684210526315789,-0.37764081983660597,-0.6538461538461539,0.45454545454545453,0.8501529051987767,0.6,0.5838700374891856,-0.6234684260131949,0.4233814625058223,-0.4285714285714286,0.0,0.045654565456545525,1.0,-0.49112670243499823,-0.49565487274984427,-0.4456923709080945,0.07990051297994716,-0.3329729729729729,-0.30292956575940155,Other_Faults
0.8004640371229699,0.7976608187134503,0.4626949662331133,0.46270618748502745,0.4050632911392405,0.125,0.7368421052631579,0.2621757202235918,-0.5,-0.18181818181818182,0.9602446483180428,0.0,-0.24416033836393344,-0.2426955702167765,-0.8269678621332092,-0.45454545454545453,-1.0608492143095953,0.045654565456545525,1.0,0.3633924886504331,-0.49565487274984427,0.8245445829338454,0.9146587906109126,-0.7272072072072071,0.2605443590276335,Bumps
0.44547563805104406,0.4432748538011696,2.626099770750161,2.6261283494824457,-0.11392405063291139,-0.2916666666666667,-0.3157894736842105,-0.1579475419234628,-0.8461538461538461,0.5454545454545454,0.8379204892966361,-0.02,0.3818129385754109,-0.7007540056550421,0.8467629250116443,-0.19480519480519484,0.550986292209963,0.045654565456545525,0.5,-0.13578208832026473,-0.1076970825574176,-0.3421449116559377,-0.20270480335768692,-0.3243243243243242,-0.19239559526282984,Other_Faults
1.0556844547563806,1.0573099415204679,0.5456419652901333,0.5456437367416388,-0.2974683544303797,-0.2916666666666667,-0.3157894736842105,-0.55708757345564,-3.1153846153846154,-3.6363636363636362,0.9724770642201835,0.0,-0.7407478611938862,0.007540056550424342,0.652771308802981,-0.29870129870129875,0.3122701437646269,0.045654565456545525,1.0,-0.4100288898060257,-0.22501551831160702,-0.3421449116559377,-0.07321622882014611,-3.024144144144144,-0.22376895906918756,Other_Faults
-0.14501160092807425,-0.14736842105263157,-0.5010531608235744,-0.5010622466826321,0.4177215189873418,-0.16666666666666666,-0.05263157894736842,0.37723950121828864,-0.6923076923076923,0.6363636363636364,0.9785932721712538,0.2,0.7074882245506102,-0.46182846371347763,0.7098276665114115,0.07792207792207789,0.8321631561350719,0.045654565456545525,1.0,0.3726784977300858,0.2799503414028555,0.07231886043007804,-0.11130110368412871,-0.2025225225225224,0.20548514440058172,Other_Faults
0.3689095127610209,0.3672514619883041,2.3223035007013184,2.322328690863469,0.006329113924050633,-0.25,-0.2631578947368421,0.03967321198222732,0.23076923076923078,0.6363636363636364,-0.03669724770642202,-0.6,-0.0044218014034413606,-0.6979264844486331,0.8467629250116443,0.0909090909090908,0.583082581076563,0.045654565456545525,0.5,0.007016095749070624,0.0,-0.24708943980276699,-0.20270480335768692,0.30054054054054063,-0.12362351963432369,Bumps
-0.2633410672853828,-0.2584795321637427,0.22135678669456862,0.22136279451739235,1.5506329113924051,1.6666666666666667,1.263157894736842,1.6140461516411064,0.46153846153846156,0.0,0.7033639143730887,-0.6,0.5446505815630105,0.169651272384543,0.4308337214718213,0.7142857142857142,-1.0538281511200267,-1.7876787678767885,1.0,0.9585224927775475,0.7690875232774673,0.6659361731269694,0.07492616197730456,0.12828828828828834,1.1556201953043839,Other_Faults
0.45011600928074247,0.47134502923976607,0.8025585102494506,0.8025656958616426,0.21518987341772153,0.6666666666666666,0.8421052631578947,0.23173283646266304,0.34615384615384615,0.0,0.7614678899082569,0.6,0.2831875420551763,1.4081055607917057,-0.31765253842571023,1.415584415584415,0.5770645269140754,-2.866336633663367,0.0,0.211101939744118,1.2141527001862202,0.0,-0.9799471475205969,0.1203603603603604,0.9370455017660501,Other_Faults
0.6264501160092807,0.632748538011696,-0.040726951818615464,-0.040725372877643225,0.37341772151898733,0.4583333333333333,0.5263157894736842,0.371907696717787,0.23076923076923078,-0.09090909090909091,-0.04892966360856269,0.6,-0.6563491300586368,1.0160226201696514,0.13018164881229638,0.5714285714285713,-0.43396857238381814,-0.3470847084708474,1.0,0.3396615765579851,0.43885785226567403,0.5777290782084651,0.27561013524016786,-0.002162162162162124,0.8317057968003323,Bumps
-0.4953596287703016,-0.5052631578947369,-0.24990967272337133,-0.24991867810704196,-0.15822784810126583,-0.2916666666666667,-0.3684210526315789,-0.1659165830586212,-0.38461538461538464,0.5454545454545454,0.9785932721712538,0.2,0.021916754782274273,-0.7780395852968893,0.652771308802981,-0.22077922077922077,0.550986292209963,0.045654565456545525,0.0,-0.19479983491539463,-0.1076970825574176,-0.4456923709080945,-0.33219337789522774,0.005765765765765931,-0.22376895906918756,Other_Faults
-0.7784222737819025,-0.7625730994152047,-0.5477666942425631,-0.5477705967909342,2.4367088607594938,0.875,0.5789473684210527,2.7402035258707182,0.38461538461538464,1.0909090909090908,-0.06422018348623854,-0.4,-0.47697779486686526,0.500942507068803,0.3292966930600841,2.311688311688311,0.550986292209963,-0.14411441144114415,0.0,1.2441188609162193,1.373060211049038,0.6659361731269694,-0.5481113011036842,0.5297297297297298,1.329939746519842,Bumps
-0.5220417633410673,-0.5228070175438596,2.1213272824138185,2.1213577718879484,0.4936708860759494,0.25,0.5263157894736842,0.46180306722086856,0.0,0.0,0.7339449541284404,2.6,0.00538306257810241,1.1654099905749291,0.18141592920354002,0.46753246753246736,0.16181878970244062,0.045654565456545525,1.0,0.42653735039207513,0.5806952203600249,0.6659361731269694,0.2414114720969999,-0.15423423423423405,1.0326199875337625,Other_Faults
-0.3422273781902552,-0.35789473684210527,4.9391491302022335,4.9392069872927475,-0.5443037974683544,-0.4583333333333333,-0.3157894736842105,-0.5406908413358177,0.6538461538461539,-0.18181818181818182,-0.04281345565749235,-0.6,0.5846390464289147,-0.09990574929311966,-0.21192361434559848,-0.5714285714285714,-0.30859244399866276,-0.412541254125413,1.0,-0.9985555096987208,-1.0418994413407816,-0.4456923709080945,0.5038084874863984,0.40072072072072074,-0.3727404944940784,Other_Faults
-0.8631090487238979,-0.87953216374269,-0.0816895171448271,-0.08169635496473772,-0.41139240506329117,-0.4583333333333333,-0.3684210526315789,-0.38182599971334386,0.6153846153846154,1.1818181818181819,-0.07339449541284404,-0.6,-0.6842257041238102,-0.09990574929311966,0.4233814625058223,-0.2727272727272727,0.694416583082581,0.045654565456545525,1.0,-0.6353693768056132,-0.49565487274984427,-0.4456923709080945,0.07990051297994716,0.6436036036036037,-0.30292956575940155,Other_Faults
-0.531322505800464,-0.5169590643274854,1.4176612309017633,1.4176784460037093,0.9240506329113924,1.0416666666666667,0.5789473684210527,0.9816253404041851,0.23076923076923078,0.5454545454545454,-0.03058103975535168,0.2,0.12131116024223777,0.9429783223374173,-0.07056357708430368,1.9999999999999996,0.08391842193246409,-1.6611661166116618,0.0,0.6822121337185305,1.2557417752948479,0.26544308998767296,-0.8150163220892275,0.18378378378378382,1.1734884687305214,Bumps
0.4280742459396752,0.4280701754385965,1.5956125398978342,1.5956309960926047,0.3987341772151899,-0.16666666666666666,0.0,0.46851082126988675,0.23076923076923078,0.7272727272727273,0.8929663608562691,-0.6,0.4410266269345379,-0.6724787935909516,0.3292966930600841,-0.051948051948052076,0.4386492811768638,0.045654565456545525,1.0,0.35864630623194366,0.09993792675356922,0.14025475962197,0.14270169438831032,0.3632432432432433,0.13733638063577808,Other_Faults
-0.6508120649651972,-0.6596491228070176,-0.4790080460960998,-0.4790178997572571,-0.1518987341772152,0.3333333333333333,0.0,-0.14034685394868854,0.5,-0.18181818181818182,-0.03669724770642202,2.6,-0.1682207055657022,0.5655042412818098,0.6914299021891013,0.19480519480519473,-0.7004346372450685,-0.8712871287128714,1.0,-0.18613289310771822,0.09993792675356922,-0.07670182166826471,-0.09902067464635472,0.1866666666666667,0.0,Other_Faults
-0.4385150812064965,-0.4421052631578947,-0.28007346092576124,-0.2800839068378498,-0.3860759493670886,0.041666666666666664,-0.10526315789473684,-0.3344130715207109,0.9615384615384616,1.4545454545454546,-0.03669724770642202,-0.6,0.3483610496972027,0.8355325164938738,-0.24918490917559386,0.48051948051948046,0.2688064192577734,-2.3608360836083615,0.0,-0.5800660338423443,0.361887026691496,-0.6845637583892618,-0.9342452976838178,0.923963963963964,-0.1682942031996676,Other_Faults
0.38979118329466356,0.3953216374269006,1.8017754108904982,1.8018007309898076,1.018987341772152,1.5,0.7894736842105263,1.1037981940662176,0.15384615384615385,0.6363636363636364,-0.024464831804281346,0.2,-0.06286648082283956,0.1423185673892554,0.21984163949697264,0.6623376623376621,-1.2002674690738884,-1.121012101210121,1.0,0.7298803136607507,0.511483550589696,0.5777290782084651,0.21576247473962384,0.26234234234234244,0.8961146893829212,Bumps
0.4060324825986079,0.4327485380116959,0.07646657575210934,0.07648491672822237,5.867088607594937,2.0,2.0,5.49422387845779,-0.8846153846153846,-0.18181818181818182,0.9571865443425076,0.2,0.4650581563010669,0.45617342130065963,0.08453656264555194,1.7012987012987009,-0.5218990304246072,-0.052805280528053104,1.0,1.8904250928600896,1.4099937926753572,1.4691138200246547,0.30607803513135395,-0.415135135135135,1.3486391024309161,Other_Faults
-0.6879350348027842,-0.6771929824561403,0.3822645087695032,0.38226101947807256,-0.11392405063291139,0.4583333333333333,-0.05263157894736842,-0.030098896373799627,0.6153846153846154,2.0,-0.01834862385321101,0.2,-0.2606940305681053,0.11215834118755909,-1.0312063344201212,1.805194805194805,0.9244399866265461,-3.513751375137515,0.0,-0.13578208832026473,1.17163252638113,-1.1666894945897825,-1.4563967044924606,0.8172972972972973,-0.07375857053812584,Bumps
-0.15893271461716937,-0.15789473684210525,-0.5010778792049516,-0.5010853875931586,0.7974683544303798,0.20833333333333334,0.10526315789473684,0.8327934642396445,-0.23076923076923078,0.7272727272727273,0.9480122324159022,0.0,0.6886475055272515,-0.25070688030160204,0.7303213786679088,0.32467532467532445,0.12871949180875952,0.045654565456545525,1.0,0.6141147338010722,0.511483550589696,0.26544308998767296,-0.1249805689413959,0.11891891891891901,0.5732391439850405,Bumps
-0.6125290023201856,-0.6035087719298246,-0.4559074038915147,-0.4558927671243395,3.6392405063291138,4.25,3.6315789473684212,3.250738139601548,-1.2307692307692308,-1.4545454545454546,0.9724770642201835,4.6,-0.20667115255214846,1.0263901979264844,-0.37494177922682814,1.0779220779220777,-1.5262454028752925,-1.5979097909790982,1.0,1.5266198926950054,1.0816263190564865,1.5921106697712653,0.6127778641380383,-0.6025225225225224,1.3484313318096819,Other_Faults
0.9976798143851509,0.9976608187134502,0.8353550690300244,0.8353595216563422,-0.379746835443038,-0.4583333333333333,-0.42105263157894735,-0.45073813960154796,-0.46153846153846156,-1.6363636363636365,0.9663608562691132,-0.2,-0.6292415649331923,-0.30537229029217694,0.8467629250116443,-0.37662337662337664,1.0287529254429955,0.045654565456545525,0.5,-0.5668592653735041,-0.35350713842333914,-0.5591014929461718,-0.20270480335768692,-0.8619819819819818,-0.30085185954705995,Bumps
0.08816705336426914,0.07953216374269007,-0.5481443069623265,-0.5481566292528983,-0.189873417721519,-0.2916666666666667,-0.3157894736842105,-0.3103339544216712,-0.5,-2.272727272727273,-0.05504587155963303,-0.6,0.6794193982505043,-1.3770028275212058,0.26455519329296706,-0.28571428571428575,-0.1651621531260448,0.045654565456545525,1.0,-0.23937267849773022,-0.49565487274984427,-0.3421449116559377,0.1859163687237681,-1.1199999999999999,-0.28236027425722,Other_Faults
0.7262180974477959,0.7228070175438597,-0.502827625052658,-0.502836207846399,-0.012658227848101266,-0.25,0.0,-0.10497348430557546,-0.4230769230769231,-0.2727272727272727,0.9602446483180428,-0.2,-0.09824089205037013,-0.7662582469368516,-0.31765253842571023,-0.45454545454545453,-0.30859244399866276,0.045654565456545525,1.0,-0.014032191498143082,-0.49565487274984427,0.14025475962197,0.5745375408052231,-0.6702702702702702,-0.14336172865156865,Bumps
-0.015081206496519721,-0.014035087719298246,-0.16283996320642635,-0.1628473207427496,-0.24050632911392406,0.2916666666666667,0.10526315789473684,-0.30798337394295544,-0.15384615384615385,-1.4545454545454546,-0.06422018348623854,-0.4,0.9012784773622992,0.9354382657869935,0.07056357708430368,0.5844155844155842,-0.1651621531260448,-2.1545654565456553,0.0,-0.3157243087082134,0.43885785226567403,-0.3421449116559377,-0.7208145499766827,-0.6335135135135133,0.01911489715354246,Other_Faults
-0.7737819025522041,-0.7812865497076024,-0.024403879418476413,-0.024402616079935015,0.5253164556962026,0.20833333333333334,0.5263157894736842,0.5426401031962161,0.2692307692307692,0.6363636363636364,0.0,-0.6,-0.46986446217437267,0.41328934967012243,0.008383791336749064,0.3636363636363634,-0.257104647275159,-0.5434543454345435,1.0,0.44799834915394093,0.2799503414028555,0.5308861799753459,0.3569096844396083,0.07639639639639648,0.6368169540826926,Other_Faults
-0.6392111368909513,-0.6502923976608187,0.5792915711897273,0.5792937762258175,-0.13924050632911392,-0.375,-0.2631578947368421,-0.12578472122688836,0.46153846153846156,-0.2727272727272727,0.039755351681957186,-0.6,-0.1509180044218014,-0.5697455230914228,0.8467629250116443,-0.012987012987013132,1.0287529254429955,-0.37733773377337737,0.5,-0.1690053652496906,-0.1076970825574176,-0.3421449116559377,-0.20270480335768692,0.198918918918919,-0.19239559526282984,Other_Faults
-0.5603248259860789,-0.4994152046783626,0.6507397895992414,0.6507392337571188,0.46835443037974683,2.1666666666666665,-0.05263157894736842,0.5954994983517271,0.8076923076923077,0.6363636363636364,-0.04281345565749235,-0.6,0.053253869076228005,0.291234684260132,-1.3225430833721472,5.83116883116883,1.0287529254429955,-3.837183718371838,0.0,0.4089971110193972,2.3258845437616387,-1.3836460758800169,-1.6507072905331883,0.6176576576576577,0.5239975067525451,Other_Faults
0.45591647331786544,0.44912280701754387,0.09278438892216813,0.09278400668561942,-0.41139240506329117,0.0,0.05263157894736842,-0.41026229038268597,0.46153846153846156,-0.09090909090909091,-0.1651376146788991,-0.6,-0.307026819186773,0.9458058435438266,-0.5013972985561249,-0.3506493506493506,-1.0407890337679706,0.045654565456545525,1.0,-0.6353693768056132,-0.6542520173805085,0.20435556773044794,0.6971863827141302,0.20036036036036037,-0.17099522127571157,Bumps
0.3677494199535963,0.3649122807017544,0.3086552727200054,0.3086566201806095,0.10126582278481013,-0.20833333333333334,-0.05263157894736842,0.062376379532750464,-0.4230769230769231,0.6363636363636364,0.9785932721712538,-0.2,0.60751706238585,-0.42742695570216765,0.1618537494177923,-0.22077922077922077,0.1929120695419591,0.045654565456545525,1.0,0.10565414775072157,-0.1076970825574176,0.07231886043007804,0.25446914347893673,-0.23279279279279275,-0.01869935591107419,Bumps
0.5638051044083526,0.560233918128655,0.9525485966007492,0.9525545592984518,-0.3291139240506329,-0.3333333333333333,-0.42105263157894735,-0.37185036548659883,-0.6153846153846154,-0.18181818181818182,0.9602446483180428,0.0,0.21820628664808212,-0.6823751178133833,0.8467629250116443,-0.37662337662337664,0.2571046472751587,0.045654565456545525,0.5,-0.4671894345852251,-0.35350713842333914,-0.5591014929461718,-0.20270480335768692,-0.415135135135135,-0.30085185954705995,Other_Faults
-0.8317865429234339,-0.8327485380116959,0.678806722768627,0.6788054767172199,-0.4873417721518987,0.041666666666666664,-0.6842105263157895,-0.4661029095599828,0.15384615384615385,1.9090909090909092,0.9663608562691132,0.0,-0.6359703931558203,-0.7422243166823748,-1.1644154634373547,0.5454545454545452,1.0287529254429955,-2.1545654565456553,0.0,-0.8245976062732151,0.7091868404717571,-1.9915080126010138,-1.5451577801958651,0.6544144144144145,-0.3727404944940784,Other_Faults
-0.09976798143851508,-0.10760233918128655,-0.2546834758672339,-0.2546893871839852,0.12025316455696203,-0.16666666666666666,-0.05263157894736842,0.02178586785151211,-0.6538461538461539,-0.8181818181818182,-0.04892966360856269,-0.4,1.135826203979621,-0.8053722902921768,0.024918490917559488,-0.09090909090909102,-0.15112002674690744,0.045654565456545525,1.0,0.12401981015270286,-0.22501551831160702,0.07231886043007804,0.34587284315249495,-0.6277477477477476,-0.07084978184084761,Bumps
-0.4408352668213457,-0.4456140350877193,0.15780425040456628,0.15780523189690515,0.6518987341772152,0.16666666666666666,0.10526315789473684,0.5193636233338111,-1.1538461538461537,-0.09090909090909091,0.9785932721712538,0.2,0.12861674516966248,-0.5028275212064087,0.3809967396367026,0.07792207792207789,-0.17485790705449686,0.045654565456545525,1.0,0.5290961617829131,0.2799503414028555,0.26544308998767296,0.10819213430747711,-0.5744144144144143,0.37128610014543934,Bumps
-0.31206496519721577,-0.3216374269005848,-0.414033413992392,-0.41404032671810087,0.10126582278481013,-0.16666666666666666,0.05263157894736842,0.07774114949118532,-0.2692307692307692,0.45454545454545453,-0.05504587155963303,-0.6,0.6623089493415361,-0.3477851083883127,-0.13390777829529577,-0.09090909090909102,-0.15112002674690744,0.045654565456545525,1.0,0.10565414775072157,-0.22501551831160702,0.20435556773044794,0.45188869889631583,-0.1275675675675675,-0.0031165593185123646,Bumps
0.16357308584686775,0.15204678362573099,-0.3334588536245825,-0.33346840963303515,-0.4810126582278481,-0.4166666666666667,-0.3157894736842105,-0.5263007023075821,-0.34615384615384615,-0.8181818181818182,0.9724770642201835,-0.2,1.0181678362010955,-0.5042412818096134,-0.31765253842571023,-0.6753246753246753,-0.49114008692744904,0.045654565456545525,1.0,-0.8072637226578624,-1.0418994413407816,-0.3421449116559377,0.5745375408052231,-0.6162162162162161,-0.3606897984624973,Bumps
-0.6879350348027842,-0.6795321637426901,-0.021294622595019824,-0.021291741403480446,1.2658227848101267,2.0,1.2105263157894737,1.3054894653862692,0.23076923076923078,-0.09090909090909091,0.9724770642201835,0.2,-0.35432086898010184,0.9957587181903861,0.766418258034467,1.0779220779220777,-0.9093948512203276,-1.6985698569856993,0.0,0.8433759801898463,1.0816263190564865,0.6659361731269694,-0.2563345251049277,0.08648648648648656,1.281321421151049,Bumps
0.41067285382830626,0.4105263157894737,-0.2847489164671227,-0.28475837076419436,-0.08860759493670886,-0.16666666666666666,-0.3684210526315789,-0.14046151641106494,-1.0769230769230769,0.45454545454545453,0.9602446483180428,0.0,0.5098529270402767,-0.5895381715362863,0.3476944573823941,-0.06493506493506498,0.4386492811768638,0.045654565456545525,0.0,-0.10379694593479158,0.09993792675356922,-0.4456923709080945,-0.5358308720659102,-0.3834234234234234,-0.16559318512362348,Bumps
-0.3329466357308585,-0.34152046783625734,0.11289410698010276,0.11289135421397295,-0.08860759493670886,-0.25,-0.21052631578947367,-0.126587358463523,-0.5769230769230769,-0.18181818181818182,0.9571865443425076,0.0,0.34432375276362587,-0.2987747408105558,0.5139729855612484,-0.22077922077922077,0.36008024072216654,0.045654565456545525,1.0,-0.10379694593479158,-0.1076970825574176,-0.15888234488426262,0.01943105860407277,-0.11747747747747733,-0.12632453771036767,Bumps
0.6844547563805105,0.6853801169590643,1.2251376471992759,1.2251471222831454,-0.2974683544303797,-0.25,-0.42105263157894735,-0.311480579045435,-0.15384615384615385,0.5454545454545454,0.9724770642201835,-0.2,-0.018071710083629757,-0.037229029217718944,0.30926874708896146,-0.14285714285714288,0.583082581076563,0.045654565456545525,0.0,-0.4100288898060257,0.0,-0.5591014929461718,-0.5614798694232861,-0.046126126126126044,-0.22875545397880737,Bumps
0.5243619489559165,0.5228070175438596,-0.18294705164932085,-0.1829499349030409,0.34810126582278483,-0.08333333333333333,0.15789473684210525,0.29944102049591514,-0.15384615384615385,-0.09090909090909091,-0.04892966360856269,-0.6,-0.39027203691242907,-0.5230914231856737,-0.15137401024685598,0.0,-0.20294215981277156,0.045654565456545525,1.0,0.32026413536937626,-0.1076970825574176,0.32351732639364505,0.4635473340587596,-0.2529729729729729,0.13733638063577808,Other_Faults
-0.12529002320185614,-0.11461988304093568,1.6543991618890943,1.6544162718467945,0.25949367088607594,1.0833333333333333,0.47368421052631576,0.3344130715207109,0.46153846153846156,0.7272727272727273,-0.05504587155963303,0.6,1.1189080073055846,0.7921771913289346,-0.27456916627852823,1.4415584415584415,-0.3938482113005684,-2.6028602860286036,0.0,0.24907139909203418,0.985412787088765,-0.15888234488426262,-0.9511891807865692,0.4511711711711712,0.5665904841055475,Bumps
-0.30162412993039445,-0.30760233918128654,-0.11201318594165725,-0.11201936263095323,-0.04430379746835443,-0.125,-0.05263157894736842,0.06289236061344418,0.9230769230769231,1.2727272727272727,-0.04281345565749235,2.2,0.6836489474190136,-0.23374175306314782,0.68048439683279,0.19480519480519473,0.2858575727181545,-1.2486248624862488,0.0,-0.05035080478745351,0.09993792675356922,-0.24708943980276699,-0.31369501010415046,0.9254054054054054,-0.08560149594847291,Other_Faults
-0.4466357308584687,-0.4584795321637427,-0.4608090063263279,-0.4608133661899201,0.056962025316455694,-0.125,0.42105263157894735,0.49551383115952413,2.5384615384615383,4.363636363636363,-0.06422018348623854,0.6,0.33586465442660757,0.3166823751178135,-0.5505356311131812,-0.18181818181818182,-0.4570377800066868,-0.16611661166116617,1.0,0.0608749484110599,-0.35350713842333914,0.5308861799753459,0.7299860096378051,3.182702702702702,0.13068772075628507,Other_Faults
0.45011600928074247,0.44678362573099417,-0.30087424181624356,-0.300883903892643,-0.2911392405063291,-0.3333333333333333,-0.3684210526315789,-0.32587071807367063,-0.6923076923076923,0.5454545454545454,0.9847094801223242,0.6,0.45179275209074293,-0.2945334590009424,0.8467629250116443,-0.29870129870129875,0.5142092945503174,0.045654565456545525,0.5,-0.3990920346677676,-0.22501551831160702,-0.4456923709080945,-0.20270480335768692,-0.2947747747747747,-0.2511946810720963,Other_Faults
-0.0765661252900232,-0.0783625730994152,3.212065830834761,3.212102485833424,0.12025316455696203,-0.041666666666666664,-0.2631578947368421,0.14596531460513115,0.34615384615384615,0.45454545454545453,-0.04281345565749235,-0.6,1.0681534172834757,-0.4311969839773796,0.41010712622263634,0.38961038961038946,0.36008024072216654,0.045654565456545525,0.0,0.12401981015270286,0.2799503414028555,-0.24708943980276699,-0.49417068241877815,0.2025225225225226,-0.006233118637024729,Bumps
-0.029002320185614848,-0.03625730994152047,-0.38789346272441794,-0.3879079275763131,-0.5886075949367089,-0.3333333333333333,-0.5789473684210527,-0.5670632076823849,0.8846153846153846,1.1818181818181819,0.8685015290519877,1.46,0.9708737864077668,-0.8496701225259187,-0.6353050768514207,-0.28571428571428575,0.5142092945503174,-2.3118811881188126,0.0,-1.161989269500619,-0.22501551831160702,-1.6490891658676898,-1.1919788590082387,1.001081081081081,-0.41387907749844166,Other_Faults
-0.14501160092807425,-0.04678362573099415,-0.055981348666443324,-0.05598732929962719,2.5822784810126582,4.041666666666667,1.7894736842105263,2.681954994983517,0.4230769230769231,0.0,0.9051987767584098,-0.6,0.7284437181582235,0.8355325164938738,-1.2079646017699115,6.792207792207791,0.5753928452022732,-4.185368536853686,0.0,1.2835328105654142,2.7768466790813155,-0.3421449116559377,-1.5743820923363905,0.13045045045045048,1.344275919384999,Other_Faults
0.8816705336426914,0.9134502923976608,2.252152208429599,2.252201213372606,7.3164556962025316,1.9583333333333333,2.263157894736842,5.858907840045865,-2.0384615384615383,-0.9090909090909091,0.8379204892966361,0.2,-0.5561857156589444,0.24505183788878432,-0.007219375873311579,1.8571428571428568,-0.44633901705115364,-0.044554455445544545,1.0,2.0664465538588517,1.4459962756052145,1.5723873441994254,0.3673247318513913,-1.1855855855855852,1.3486391024309161,Other_Faults
1.0046403712296983,1.0035087719298246,0.5512225343283096,0.5512238517572234,-0.37341772151898733,-0.375,-0.3684210526315789,-0.46977210835602695,-0.6923076923076923,-1.6363636363636365,0.9724770642201835,-0.2,-0.6361626453907526,-0.3854853911404334,0.4233814625058223,-0.45454545454545453,0.1929120695419591,0.045654565456545525,1.0,-0.5536524969046639,-0.49565487274984427,-0.4456923709080945,0.07990051297994716,-1.2115315315315311,-0.30292956575940155,Bumps
0.29350348027842227,0.29239766081871343,-0.17263896069198845,-0.17264486670178125,-0.15822784810126583,0.125,-0.05263157894736842,-0.04884620897233768,1.1538461538461537,1.3636363636363635,-0.0061162079510703364,-0.6,0.1974430452754013,0.5876531573986802,0.6914299021891013,0.18181818181818182,-0.3644266131728518,-0.6012101210121017,1.0,-0.19479983491539463,0.09993792675356922,-0.07670182166826471,-0.09902067464635472,1.122162162162162,0.0,Other_Faults
-0.18793503480278423,-0.056140350877192984,0.5351708382003125,0.5352376900217183,11.727848101265822,8.25,9.894736842105264,12.398681381682671,0.34615384615384615,0.0,0.039755351681957186,-0.6,0.9274247813130825,2.3751178133836,0.7610619469026549,11.116883116883114,-0.31461049816115033,-1.823432343234324,1.0,2.4550144449030116,3.114214773432651,2.545952609231614,-0.14549976682729673,0.25729729729729733,1.3486391024309161,Other_Faults
-0.8897911832946636,-0.9122807017543859,-0.43386491877908023,-0.43386630181164404,-0.2848101265822785,-0.125,0.6842105263157895,-0.4003439873871291,-0.9230769230769231,-1.7272727272727273,-0.04281345565749235,0.0,-0.7497837162357011,-0.3605089538171533,-1.1716348393106661,-0.7662337662337663,-1.5717151454363087,-0.13201320132013217,1.0,-0.38815517952950906,-1.588454376163873,0.7478427612655807,1.1445670760143014,-1.248288288288288,-0.25368792852690625,Other_Faults
-0.740139211136891,-0.7274853801169591,-0.3311106073937412,-0.33111539977632204,1.018987341772152,1.7916666666666667,1.0,1.1314891787301131,0.5384615384615384,0.5454545454545454,-0.04892966360856269,2.1,-0.38450446986446213,0.9340245051837885,0.0,2.0129870129870127,-0.5907723169508527,-2.3327832783278333,0.0,0.7298803136607507,1.2557417752948479,0.32351732639364505,-0.7679154360329551,0.35675675675675683,1.2056929150218159,Other_Faults
0.9083526682134571,0.9087719298245615,-0.11060686781819262,-0.11061513010582497,-0.379746835443038,-0.3333333333333333,-0.47368421052631576,-0.4708614017486025,-0.5769230769230769,-2.1818181818181817,0.9571865443425076,0.2,-0.4625588772469479,-0.3378887841658811,0.4233814625058223,-0.29870129870129875,0.5142092945503174,0.045654565456545525,0.0,-0.5668592653735041,-0.22501551831160702,-0.6845637583892618,-0.48531011969532095,-1.1524324324324322,-0.30292956575940155,Other_Faults
0.14269141531322505,0.1871345029239766,0.5046904443470902,0.5047001030033483,1.3734177215189873,2.7083333333333335,2.0,1.7912569872438011,1.0769230769230769,1.4545454545454546,0.9785932721712538,0.0,0.9526098240892047,1.8237511781338358,-0.27456916627852823,2.999999999999999,-0.215312604480107,-2.7046204620462055,0.0,0.8885678910441591,1.9196151458721291,0.6659361731269694,-0.9511891807865692,1.1545945945945946,1.3480157905672137,Other_Faults
-0.015081206496519721,-0.016374269005847954,0.009327770470369761,0.009327890661301482,0.5316455696202531,-0.041666666666666664,0.21052631578947367,0.37850078830442885,-0.6923076923076923,-0.8181818181818182,-0.03669724770642202,0.0,0.9214649620301834,0.06079170593779462,0.21169073125291102,0.3766233766233765,0.36008024072216654,0.045654565456545525,1.0,0.4521254643004531,0.2799503414028555,0.37885221202575026,0.2212031711487642,-0.7142342342342342,0.48057344691460635,Other_Faults
-0.882830626450116,-0.8970760233918129,-0.3603955782497177,-0.36040285169647857,0.0759493670886076,-0.4166666666666667,-0.05263157894736842,0.005962448043571736,-0.7307692307692307,-0.18181818181818182,0.9571865443425076,2.6,-0.7361338075555127,-0.6291234684260129,0.024918490917559488,-0.29870129870129875,1.0287529254429955,0.045654565456545525,1.0,0.08027238959966967,-0.22501551831160702,0.07231886043007804,0.34587284315249495,0.05117117117117123,-0.07084978184084761,Other_Faults
-0.8294663573085846,-0.8140350877192982,0.017633146613134715,0.017637055329654105,3.3797468354430378,1.4166666666666667,0.7894736842105263,2.7131431847498924,-1.9615384615384615,-0.09090909090909091,0.9663608562691132,-0.2,-0.631548591752379,-0.08906691800188486,0.3940381928272008,1.623376623376623,-0.1260448010698765,-0.6210121012101212,0.0,1.472761040033016,1.373060211049038,0.7075743048897413,-0.5048966267682263,-1.047207207207207,1.333887388323291,Bumps
-0.22621809744779584,-0.23391812865497075,-0.4316097609206598,-0.43160427780768273,1.3481012658227849,0.75,1.3157894736842106,1.7230901533610434,1.0,1.1818181818181819,-0.03669724770642202,-0.6,0.8649428049601074,-0.21489161168708748,-0.8320912901723335,0.0,0.0999665663657637,0.045654565456545525,1.0,0.8780437474205528,-0.1076970825574176,1.1762772222983158,0.9179232084563967,1.0457657657657657,0.9457718678578849,Bumps
-0.7529002320185615,-0.7590643274853801,0.7490495256437429,0.7490539180585618,-0.3037974683544304,0.08333333333333333,-0.2631578947368421,-0.2522000859968468,0.6923076923076923,1.1818181818181819,-0.04892966360856269,0.0,-0.4156493319234835,1.0508953817153628,0.1618537494177923,0.48051948051948046,0.15646940822467384,-0.37733773377337737,0.0,-0.4211721007016098,0.361887026691496,-0.3421449116559377,-0.6598787501943106,0.7596396396396397,-0.01869935591107419,Other_Faults
0.41299303944315546,0.41637426900584795,-0.5337024611619007,-0.5337167010843883,-0.3291139240506329,-0.125,-0.5263157894736842,-0.21493478572452343,1.3461538461538463,2.090909090909091,0.9908256880733946,0.3,0.5136979717389213,0.2657869934024505,-0.3861201676758267,0.15584415584415579,0.842861919090605,0.045654565456545525,0.0,-0.4671894345852251,0.361887026691496,-0.8245445829338448,-1.025648997357376,1.612972972972973,-0.2133804280074797,Bumps
-0.6624129930394431,-0.672514619883041,-0.46908598262665935,-0.4690988640179616,-0.43037974683544306,-0.041666666666666664,-0.21052631578947367,-0.39678945105346136,0.8461538461538461,0.7272727272727273,-0.03058103975535168,-0.6,-0.1972507930404691,0.4825636192271443,0.13018164881229638,0.0909090909090908,-0.14142427281845538,-1.918591859185919,0.0,-0.6791167973586465,0.0,-0.6845637583892618,-0.6810197419555416,0.745945945945946,-0.26095990027010174,Other_Faults
0.04524361948955916,0.05146198830409357,-0.3937380451126238,-0.39374785190553563,-0.0189873417721519,0.5833333333333334,0.0,0.10485882184319908,0.8846153846153846,1.1818181818181819,-0.0061162079510703364,-0.6,0.7747765067768911,0.8393025447690855,-0.10596180717279924,0.9350649350649349,-0.212972250083584,-1.4823982398239832,0.0,-0.02125464300453977,0.7091868404717571,-0.24708943980276699,-0.8386444893517798,1.0234234234234234,0.2534801579056721,Other_Faults
-0.8897911832946636,-0.9029239766081871,-0.3250288337289151,-0.32502776251850946,1.1139240506329113,-0.125,0.7368421052631579,1.130170560412785,-0.19230769230769232,0.5454545454545454,0.9571865443425076,2.6,-0.7497837162357011,-0.8317624882186613,-0.6087564042850488,-0.22077922077922077,-0.08559010364426635,0.045654565456545525,1.0,0.7752785802723887,-0.1076970825574176,0.8245445829338454,0.7688481268459506,0.023783783783783864,0.5861209225015582,Other_Faults
-0.11136890951276102,-0.11929824561403508,-0.37549640557920166,-0.3755065032532702,-0.17088607594936708,-0.375,-0.3157894736842105,-0.16958578185466533,-0.5384615384615384,1.1818181818181819,0.9663608562691132,0.0,0.7768912813611457,-0.7064090480678602,0.652771308802981,-0.29870129870129875,0.75025075225677,0.045654565456545525,1.0,-0.21234007428807256,-0.22501551831160702,-0.3421449116559377,-0.07321622882014611,0.09513513513513525,-0.22376895906918756,Bumps
-0.6635730858468677,-0.6538011695906433,-0.06726187126561795,-0.06724327855161041,4.189873417721519,3.4166666666666665,3.4210526315789473,5.167321198222732,0.9230769230769231,2.0,0.9724770642201835,0.2,-0.3066423147169085,0.7959472196041468,-0.2978574755472753,1.1558441558441557,-1.3406887328652624,-1.5451045104510457,1.0,1.6310359059017743,1.1272501551831164,1.5523900835501991,0.5613244209544536,1.1524324324324324,1.3484313318096819,Bumps
0.5452436194895591,0.5578947368421052,-0.4669964905157674,-0.4669819966345753,3.0949367088607596,4.333333333333333,3.4210526315789473,3.4795470832736135,0.6923076923076923,0.5454545454545454,-0.06116207951070336,-0.6,-0.4856291454388157,0.912818096135721,-0.5659059152305542,1.1558441558441557,-1.6726847208291538,-1.412541254125413,1.0,1.409616178291373,0.8265052762259472,1.5921106697712653,0.7402456085807556,0.5556756756756757,1.3478080199459797,Other_Faults
-0.10904872389791183,-0.10409356725146199,-0.08311897588064493,-0.08312109875146899,1.0253164556962024,0.2916666666666667,0.21052631578947367,0.6755912283216282,-2.0,-0.2727272727272727,1.0275229357798166,0.6,0.7634336249158895,-0.20688030160226195,0.6350721937587334,0.5324675324675323,0.3122701437646269,-0.4543454345434545,0.0,0.7329756500206352,0.7091868404717571,0.26544308998767296,-0.34400746152650397,-1.21009009009009,0.7558695200498649,Bumps
-0.0382830626450116,-0.04327485380116959,1.5417674904899972,1.5417852528762443,0.310126582278481,-0.125,0.0,0.287000143328078,-0.15384615384615385,-0.09090909090909091,0.8929663608562691,-0.6,0.9443429779871189,-0.665409990574929,0.19981369352585002,-0.12987012987012997,0.0999665663657637,0.045654565456545525,1.0,0.29054890631448616,0.0,0.14025475962197,0.22913104305922588,-0.11747747747747733,0.07749844172034073,Bumps
0.14965197215777262,0.14035087719298245,-0.1695049854871546,-0.16951085111480022,-0.33544303797468356,-0.20833333333333334,-0.15789473684210525,-0.30769671778701446,0.34615384615384615,0.45454545454545453,-0.05504587155963303,-0.6,0.5319619340574832,-0.04618284637134766,-0.24010246856078243,-0.37662337662337664,-0.6429287863590772,0.045654565456545525,1.0,-0.4789517127527861,-0.6542520173805085,-0.07670182166826471,0.5227732006839734,0.5037837837837839,-0.25368792852690625,Bumps
-0.8549883990719258,-0.8725146198830409,0.7569630891455277,0.7569686353883952,-0.31645569620253167,-0.4583333333333333,-0.21052631578947367,-0.40372653002723236,-0.6153846153846154,-1.5454545454545454,0.9724770642201835,-0.2,-0.6815341728347591,-0.3826578699340244,-0.15137401024685598,-0.5324675324675324,0.36008024072216654,0.045654565456545525,1.0,-0.4438712340074293,-0.6542520173805085,-0.15888234488426262,0.4635473340587596,-0.967207207207207,-0.2730105963016829,Bumps
-0.09860788863109049,-0.1064327485380117,0.3006622948440086,0.30066406524264166,-0.012658227848101266,-0.25,0.0,-0.005675791887630787,0.34615384615384615,0.5454545454545454,-0.06116207951070336,-0.6,1.127367105642603,-0.09990574929311966,-0.05891942244993012,-0.09090909090909102,0.1370779003677697,0.045654565456545525,1.0,-0.014032191498143082,-0.22501551831160702,0.14025475962197,0.4018342919322246,0.10378378378378385,-0.03739871182214838,Bumps
-0.7296983758700696,-0.7403508771929824,0.3599911434565448,0.35999104867506454,-0.16455696202531644,-0.25,-0.2631578947368421,-0.20490182026659023,0.0,-0.8181818181818182,0.8440366972477065,0.0,-0.42814572719407856,0.05513666352497663,0.8467629250116443,-0.11688311688311684,0.583082581076563,0.045654565456545525,0.5,-0.203466776723071,0.0,-0.24708943980276699,-0.20270480335768692,-0.30774774774774766,-0.12362351963432369,Other_Faults
0.5301624129930395,0.5426900584795321,-0.48158454291242486,-0.48157549630021546,2.107594936708861,1.7916666666666667,2.210526315789474,2.3074100616310735,0.6538461538461539,0.45454545454545453,0.0672782874617737,1.0,-0.3422089781793713,1.1244109330819978,-0.3861201676758267,1.0909090909090906,-1.0608492143095953,-0.7794279427942798,1.0,1.1483697895171268,0.8265052762259472,1.3792631146418306,0.6202393906420022,0.3783783783783784,1.344275919384999,Other_Faults
-0.33642691415313225,-0.34619883040935673,0.04519940107887846,0.045195776047527225,-0.0759493670886076,-0.125,-0.21052631578947367,-0.1506664755625627,-1.1923076923076923,0.6363636363636364,0.9724770642201835,1.46,0.3341343843122175,-0.6508011310084822,0.3476944573823941,-0.29870129870129875,-0.27148110999665676,0.045654565456545525,1.0,-0.08811390837804456,-0.22501551831160702,-0.15888234488426262,0.1304212653505363,-0.5715315315315314,-0.16559318512362348,Bumps
-0.6786542923433875,-0.6701754385964912,-0.34012860921238297,-0.3401293103561623,0.8860759493670886,3.2083333333333335,1.9473684210526316,1.211752902393579,1.1538461538461537,1.4545454545454546,-0.03058103975535168,-0.6,-0.2366625012015764,1.397266729500471,0.8467629250116443,1.623376623376623,-1.3253092611166832,-2.5544554455445554,0.5,0.6621956252579444,1.0816263190564865,0.7075743048897413,-0.20270480335768692,1.1726126126126126,1.2929565759401618,Other_Faults
-0.6148491879350348,-0.6105263157894737,-0.5016532389757334,-0.501634984218162,3.7088607594936707,2.4166666666666665,3.1578947368421053,2.915465099613014,-0.5769230769230769,-2.1818181818181817,0.9724770642201835,4.6,-0.2112852061905219,0.9486333647502353,-0.6383325570563577,0.7792207792207791,-1.2564359745904379,-0.5891089108910891,1.0,1.5404457284358224,0.8814400993171942,1.7389398712505144,0.7885900823876887,-1.1517117117117115,1.3484313318096819,Other_Faults
0.37935034802784223,0.37894736842105264,-0.5121659139831883,-0.512175143033179,0.43670886075949367,-0.2916666666666667,-0.05263157894736842,0.4396732119822273,-0.23076923076923078,0.45454545454545453,-0.06422018348623854,2.3,-0.053446121311160215,-1.001413760603204,0.4357242664182582,0.20779220779220764,1.0287529254429955,0.045654565456545525,1.0,0.3865043334709038,0.09993792675356922,0.07231886043007804,0.0716617441318203,0.01657657657657665,0.09058799085809272,Other_Faults
1.0522041763341068,1.0502923976608187,-0.25177512163284366,-0.25178467698313,-0.5886075949367089,-0.2916666666666667,-0.42105263157894735,-0.690325354736993,-1.6923076923076923,-3.6363636363636362,0.9541284403669725,1.6,-0.7407478611938862,0.8374175306314796,0.3809967396367026,-0.5324675324675324,-0.4042126379137412,0.045654565456545525,1.0,-1.161989269500619,-0.6542520173805085,-0.5591014929461718,0.10819213430747711,-2.458378378378378,-0.3442759193849989,Other_Faults
0.3271461716937355,0.32046783625730996,1.329613304589888,1.329624651801612,-0.3860759493670886,-0.375,-0.3684210526315789,-0.3754049018202666,0.4230769230769231,0.45454545454545453,0.0061162079510703364,-0.6,0.1388061136210708,-0.2902921771913288,0.4233814625058223,-0.29870129870129875,0.1929120695419591,0.045654565456545525,1.0,-0.5800660338423443,-0.49565487274984427,-0.4456923709080945,0.07990051297994716,0.32360360360360363,-0.30292956575940155,Bumps
0.16821345707656613,0.1672514619883041,1.3403379265695778,1.3403483601114865,-0.45569620253164556,-0.08333333333333333,-0.3684210526315789,-0.4035545363336678,0.9615384615384616,1.4545454545454546,0.8685015290519877,0.6,0.9454964913967123,0.9443920829406222,-0.08476944573823939,0.038961038961038946,0.32497492477432277,-0.9543454345434544,0.0,-0.7408171687990097,0.19304779639975178,-0.6845637583892618,-0.824498678688015,1.1308108108108108,-0.21608144608352373,Bumps
-0.26218097447795824,-0.24678362573099416,1.0149998501119426,1.015016610177425,2.537974683544304,1.0833333333333333,0.7368421052631579,2.503024222445177,-0.15384615384615385,0.5454545454545454,-0.06116207951070336,0.0,0.7865038931077573,0.21300659754948165,0.6285514671634841,1.9220779220779216,-0.03811434302908751,-0.46974697469747,0.0,1.2717705323978532,1.2141527001862202,0.7075743048897413,-0.3485154671226488,-0.11675675675675669,1.3170579680033243,Other_Faults
0.2122969837587007,0.2023391812865497,-0.103566336509733,-0.10357293028879594,-0.41139240506329117,-0.5,-0.3157894736842105,-0.38245664325641393,0.7692307692307693,1.2727272727272727,-0.04281345565749235,2.1,0.3895030279727001,-0.6352497643732326,-0.12366092221704689,-0.4675324675324676,0.2858575727181545,0.045654565456545525,1.0,-0.6353693768056132,-0.8342644320297948,-0.3421449116559377,0.44504896626768226,0.6335135135135135,-0.33596509453563256,Bumps
-0.10556844547563805,-0.1111111111111111,0.4865902781028274,0.4866007553929498,0.5569620253164557,0.25,0.631578947368421,0.45801920596244805,-0.07692307692307693,-0.7272727272727273,-0.03058103975535168,0.0,1.1529366528885896,0.2893496701225259,-0.4729855612482533,0.0909090909090908,-0.704781009695754,0.045654565456545525,1.0,0.4690466364011547,0.0,0.7478427612655807,0.6782216695165553,-0.45621621621621616,0.6052358196551006,Other_Faults
0.24245939675174014,0.23508771929824562,-0.16582142073893236,-0.16583144634109334,-0.5253164556962026,-0.4583333333333333,-0.5789473684210527,-0.5598394725526731,-0.34615384615384615,-0.09090909090909091,0.9785932721712538,0.6,0.8595597423820049,-0.46701225259189416,0.3292966930600841,-0.45454545454545453,0.694416583082581,0.045654565456545525,0.0,-0.9368551382583575,-0.49565487274984427,-0.9834269278181074,-0.5481113011036842,-0.464144144144144,-0.3785580718886349,Bumps
0.42923433874709976,0.4327485380116959,0.6399005164038016,0.6399019246137506,-0.3227848101265823,0.16666666666666666,-0.10526315789473684,-0.3588361760068797,0.0,-0.7272727272727273,-0.05504587155963303,0.2,-0.17706430837258483,0.5273327049952873,-0.24918490917559386,0.48051948051948046,-0.04112337011033091,-2.3608360836083615,0.0,-0.4554271564176642,0.361887026691496,-0.6845637583892618,-0.9342452976838178,-0.32576576576576566,-0.1682942031996676,Other_Faults
0.4582366589327146,0.45614035087719296,0.44503079016250496,0.44503179114066016,-0.36075949367088606,0.0,-0.15789473684210525,-0.2571305718790311,1.3846153846153846,2.1818181818181817,-0.03058103975535168,1.0,-0.21416898971450538,0.7544769085768145,0.6676758267349793,0.0,-0.4042126379137412,-0.6875687568756877,1.0,-0.5280643829962859,-0.1076970825574176,-0.24708943980276699,-0.08316493082543136,1.5863063063063063,-0.15998337835030127,Other_Faults
-0.46635730858468677,-0.47953216374269003,0.018527215726780892,0.018540076769970673,0.8670886075949367,0.75,1.4736842105263157,0.7120538913573169,-0.2692307692307692,-0.7272727272727273,-0.0061162079510703364,-0.6,0.27319042583870035,-0.11734213006597535,-1.0265486725663717,-0.28571428571428575,-1.542962219993313,0.045654565456545525,1.0,0.6520841931489884,-0.49565487274984427,1.2565401999726071,1.0477226799316028,-0.5953153153153151,0.6798254726781633,Other_Faults
-0.23201856148491878,-0.23859649122807017,-0.2715966338823794,-0.27160591870861095,-0.11392405063291139,-0.20833333333333334,-0.3684210526315789,-0.14556399598681383,-0.7692307692307693,1.1818181818181819,0.9663608562691132,0.0,0.5402287801595693,-0.725730442978322,0.4883558453656265,-0.14285714285714288,0.4018722835172182,0.045654565456545525,0.0,-0.13578208832026473,0.0,-0.4456923709080945,-0.44193999689103064,-0.21333333333333324,-0.19509661333887382,Bumps
0.14617169373549885,0.13801169590643275,0.3236961448265743,0.32369347865474524,-0.4240506329113924,-0.4166666666666667,-0.47368421052631576,-0.4441450480149061,-0.11538461538461539,0.5454545454545454,-0.05504587155963303,0.2,0.5375372488705179,-0.6498586239396792,0.8467629250116443,-0.28571428571428575,0.42092945503176193,0.045654565456545525,0.5,-0.664259182831201,-0.49565487274984427,-0.6845637583892618,-0.20270480335768692,-0.13189189189189177,-0.3421982131726573,Bumps
-0.44547563805104406,-0.45380116959064326,-0.4816276685990831,-0.4816375560148091,-0.006329113924050633,-0.08333333333333333,-0.15789473684210525,-0.028149634513401176,-0.19230769230769232,0.7272727272727273,0.9602446483180428,-0.2,0.12265692588676334,-0.1701225259189442,0.5363297624592457,-0.14285714285714288,-0.027081243731193565,0.045654565456545525,1.0,-0.007016095749071541,0.0,-0.07670182166826471,0.0045080055961449,-0.1203603603603603,-0.04654061915645122,Bumps
-0.8654292343387471,-0.8304093567251462,2.271124880944179,2.271170448846886,4.151898734177215,1.875,1.894736842105263,3.9063207682384977,-1.0769230769230769,0.5454545454545454,0.8379204892966361,0.2,-0.7007593963279821,1.583883129123468,0.8467629250116443,3.038961038961038,0.37011033099297896,-0.05610561056105604,0.5,1.6242261659100277,1.8944754810676598,1.4250102725654026,-0.20270480335768692,-0.36972972972972956,1.3486391024309161,Other_Faults
-0.5928074245939675,-0.5894736842105263,-0.43324538147562425,-0.43322571933388887,4.462025316455696,2.9166666666666665,3.263157894736842,4.122115522430844,-0.38461538461538464,-0.9090909090909091,0.9724770642201835,4.6,-0.16802845333077,0.5626767200754005,-0.6835118770377271,0.7012987012987012,-1.4329655633567369,-0.6419141914191422,1.0,1.6787040858439943,0.8265052762259472,1.7559238460484872,0.8187470853412095,-0.464144144144144,1.3484313318096819,Other_Faults
0.37470997679814383,0.40350877192982454,0.6642770478258606,0.6642771923448816,-0.10759493670886076,1.0,0.05263157894736842,-0.08846208972337681,0.5384615384615384,-0.09090909090909091,-0.04892966360856269,-0.6,-0.14851485148514856,0.663524976437323,-1.123660922217047,2.5844155844155843,0.583082581076563,-3.7178217821782185,0.0,-0.12773421378456468,1.4810676598386097,-1.1666894945897825,-1.5179542981501633,0.23639639639639645,0.07749844172034073,Other_Faults
-0.5951276102088167,-0.5672514619883041,-0.5174861511323912,-0.5174549521417044,9.917721518987342,5.166666666666667,6.052631578947368,8.341063494338542,-0.5769230769230769,-1.7272727272727273,0.9724770642201835,4.6,-0.17264250696914346,1.0108388312912349,-0.3672566371681415,2.311688311688311,-1.2771648278167835,-1.5671067106710677,1.0,2.3153115971935607,1.6738050900062074,2.1065607451034114,0.6076480646665631,-0.9873873873873874,1.3486391024309161,Other_Faults
-0.2923433874709977,-0.28888888888888886,-0.11306029865063934,-0.11307017034076831,-0.34177215189873417,0.20833333333333334,-0.42105263157894735,-0.22663035688691416,1.3076923076923077,2.1818181818181817,-0.03058103975535168,0.0,0.7019129097375755,0.2573044297832235,-0.8469958081043316,0.9480519480519478,0.5142092945503174,-2.1545654565456553,0.0,-0.49112670243499823,0.7091868404717571,-1.1666894945897825,-1.3332815171770558,1.6713513513513512,-0.22376895906918756,Other_Faults
0.9721577726218097,0.9730994152046784,0.035374107442915005,0.03536667430141404,-0.44936708860759494,-0.4166666666666667,-0.5789473684210527,-0.5139744876021213,-0.5,-1.7272727272727273,0.9571865443425076,0.6,-0.5879073344227626,-0.5895381715362863,0.0,-0.29870129870129875,1.0287529254429955,0.045654565456545525,0.0,-0.7249277754849361,-0.22501551831160702,-0.9834269278181074,-0.7679154360329551,-0.9023423423423421,-0.3505090380220236,Other_Faults
0.665893271461717,0.7309941520467836,0.917828211456812,0.9178300452641469,0.2848101265822785,1.9583333333333333,-0.3684210526315789,0.4118102336247671,-1.1538461538461537,4.2727272727272725,0.9724770642201835,0.0,-0.10669999038738821,-1.0970782280867102,-1.3793665579878902,4.077922077922077,1.0287529254429955,-3.954895489548956,0.0,0.26991333058192274,2.2302917442582246,-1.9915080126010138,-1.6886367169283383,0.7344144144144145,-0.01869935591107419,Other_Faults
-0.18909512761020883,-0.16140350877192983,1.784347900173502,1.7843877217484325,5.7405063291139244,1.9166666666666667,1.9473684210526316,4.789279059767808,-1.8846153846153846,-0.18181818181818182,-0.05504587155963303,2.6,0.9629914447755453,0.7483506126295945,0.3292966930600841,2.8831168831168825,-0.21865596790371117,-0.05445544554455457,1.0,1.873091209244737,1.5810055865921788,1.4471990138337218,0.14270169438831032,-0.97009009009009,1.3486391024309161,Bumps
-0.8874709976798144,-0.9052631578947369,-0.33015342751913174,-0.33015400012990465,0.2088607594936709,-0.3333333333333333,0.5789473684210527,0.24549233194782857,0.3076923076923077,0.5454545454545454,0.9571865443425076,2.6,-0.7451696625973275,-0.3713477851083881,-0.8395435491383326,-0.5324675324675324,-0.257104647275159,0.045654565456545525,1.0,0.20553033429632617,-0.6542520173805085,0.7075743048897413,0.9228975594590394,0.24360360360360367,0.07084978184084774,Other_Faults
0.35962877030162416,0.35789473684210527,-0.18386794283637642,-0.18387609725388393,-0.08860759493670886,-0.25,-0.3684210526315789,-0.15198509387989106,-0.9230769230769231,0.45454545454545453,0.9663608562691132,0.0,0.6153994040180715,-0.8576814326107443,0.4883558453656265,-0.14285714285714288,0.583082581076563,0.045654565456545525,0.0,-0.10379694593479158,0.0,-0.4456923709080945,-0.44193999689103064,-0.482162162162162,-0.19509661333887382,Bumps
-0.8897911832946636,-0.8923976608187134,0.18425028886321215,0.18424267031381442,-0.4810126582278481,0.0,-0.7368421052631579,-0.503654865988247,-1.5,2.1818181818181817,0.9663608562691132,0.0,-0.7497837162357011,-0.9905749293119694,-1.1492780624126688,0.46753246753246736,1.0287529254429955,-1.3294829482948298,0.0,-0.8072637226578624,0.6464928615766609,-1.9915080126010138,-1.5350536297217472,-0.188108108108108,-0.3785580718886349,Other_Faults
-0.27262180974477956,-0.2807017543859649,1.3317848406900321,1.3318020011102378,0.12658227848101267,0.16666666666666666,0.2631578947368421,0.0935645692991257,-0.15384615384615385,0.0,0.9541284403669725,-0.2,0.463520138421609,0.2573044297832235,-0.21192361434559848,-0.22077922077922077,-0.7097960548311603,-0.19361936193619372,1.0,0.13021048287247197,-0.1076970825574176,0.37885221202575026,0.5038084874863984,-0.18954954954954947,0.17805942239767295,Bumps
0.2111368909512761,0.21754385964912282,-0.006058107129464889,-0.006060814838793317,0.17721518987341772,0.75,0.3157894736842105,0.19074100616310735,0.23076923076923078,0.0,-0.012232415902140673,-0.02,0.3727770835335959,0.8397737983034869,0.4031206334420122,0.8441558441558439,-0.5142092945503177,-1.558855885588559,0.0,0.17725959554271487,0.6464928615766609,0.07231886043007804,-0.4988341364837556,0.10882882882882894,0.4974028672345731,Other_Faults
0.10788863109048724,0.11578947368421053,-0.5192700819756193,-0.519270461758462,2.7531645569620253,0.625,0.8421052631578947,2.5499211695571162,-0.46153846153846156,0.5454545454545454,-0.20795107033639143,-0.6,0.49562626165529167,-0.49340245051837855,0.09338612016767589,1.1428571428571428,-0.17853560682046138,0.045654565456545525,1.0,1.3274865868757735,0.7690875232774673,0.8968634433639234,0.3001709933157159,-0.11747747747747733,1.2671930189071263,Bumps
0.6937354988399071,0.6994152046783626,0.01341524408875687,0.013410683579867303,0.03164556962025317,-0.125,-0.21052631578947367,-0.01702737566289236,-0.6923076923076923,-0.7272727272727273,0.039755351681957186,-0.6,-0.7359415553205805,0.06314797360980216,0.2987890079180254,0.4545454545454544,0.842861919090605,-0.3470847084708474,0.0,0.03446141147337951,0.361887026691496,-0.24708943980276699,-0.5684750505207524,-0.317117117117117,0.03511323498857267,Other_Faults
1.0591647331786542,1.0584795321637428,-0.030687607518384955,-0.030694314094208225,-0.379746835443038,-0.4583333333333333,-0.42105263157894735,-0.6261717070374087,-2.8461538461538463,-4.090909090909091,0.9724770642201835,0.0,-0.7428626357781408,-0.6616399622997169,0.6138798323241734,-0.45454545454545453,0.694416583082581,0.045654565456545525,1.0,-0.5668592653735041,-0.49565487274984427,-0.5591014929461718,-0.0472563345251049,-3.3960360360360355,-0.32308331601911483,Bumps
-0.7529002320185615,-0.7614035087719299,-0.4855063507832834,-0.48551681410669906,0.0,-0.16666666666666666,-0.15789473684210525,-0.011179590081697005,-0.3076923076923077,0.5454545454545454,0.9724770642201835,0.2,-0.4815918485052388,0.02686145146088613,0.6914299021891013,0.012987012987012906,0.6355733868271478,-0.32123212321232136,0.0,0.0,0.19304779639975178,-0.15888234488426262,-0.3063889320690191,-0.03819819819819819,0.0,Bumps
0.12296983758700696,0.13567251461988303,0.026581200671708865,0.026575232020498638,0.13924050632911392,0.25,-0.3157894736842105,0.1401175290239358,0.038461538461538464,0.18181818181818182,-0.06422018348623854,-0.4,0.5375372488705179,0.2808671065032989,-0.6194690265486725,1.4545454545454544,1.0287529254429955,-0.8712871287128714,0.0,0.14217911679735806,0.985412787088765,-0.5591014929461718,-1.1814083631276233,0.033873873873873944,0.19862871389985456,Bumps
-0.8607888631090487,-0.8783625730994152,1.1721982372112616,1.1722107116645177,-0.23417721518987342,-0.25,-0.05263157894736842,-0.19905403468539487,0.38461538461538464,1.2727272727272727,0.8685015290519877,0.6,-0.6917235412861673,-0.2540056550424125,-0.3861201676758267,-0.5194805194805195,-0.5315947843530592,0.045654565456545525,1.0,-0.30581923235658287,-0.6542520173805085,0.07231886043007804,0.6202393906420022,0.4800000000000001,-0.2133804280074797,Other_Faults
-0.2842227378190255,-0.2994152046783626,-0.40339346561699446,-0.4034028708929157,-0.44936708860759494,-0.5416666666666666,-0.21052631578947367,-0.4453490038698581,0.5769230769230769,-0.18181818181818182,-0.03669724770642202,-0.6,0.7238296645198498,-0.2987747408105558,-0.48393106660456453,-0.5714285714285714,0.1929120695419591,0.045654565456545525,1.0,-0.7249277754849361,-1.0418994413407816,-0.15888234488426262,0.6855277475516868,0.28036036036036044,-0.33596509453563256,Bumps
-0.15893271461716937,-0.15789473684210525,2.086001559887642,2.0860326460395253,0.7658227848101266,0.4583333333333333,0.6842105263157895,0.16173140318188334,-1.7692307692307692,-3.6363636363636362,-0.05504587155963303,2.6,1.0366240507545899,0.8407163053722904,-0.007219375873311579,0.6753246753246752,-0.3293212972250084,-0.13201320132013217,1.0,0.5963681386710681,0.511483550589696,0.7478427612655807,0.3673247318513913,-2.3992792792792788,1.0500727197174318,Other_Faults
-0.8422273781902552,-0.8467836257309942,1.4598686559879752,1.4598869408741848,1.0063291139240507,0.25,0.2631578947368421,0.41129425254407337,-2.6153846153846154,-1.5454545454545454,-0.03669724770642202,2.6,-0.634047870806498,-0.49057492931196955,0.6250582207731722,0.6623376623376621,0.038114343029087144,-0.43289328932893295,1.0,0.7236896409409816,0.511483550589696,0.32351732639364505,-0.05471786102906884,-2.061261261261261,0.6337003947641804,Bumps
0.05916473317865429,0.05263157894736842,-0.2058452134958155,-0.20585207330724897,-0.10126582278481013,-0.3333333333333333,-0.21052631578947367,-0.10560412784864555,-0.34615384615384615,0.5454545454545454,-0.20795107033639143,-0.6,0.6546188599442467,-0.5282752120640902,0.3476944573823941,-0.051948051948052076,0.5142092945503174,0.045654565456545525,1.0,-0.11968633924886557,-0.22501551831160702,-0.15888234488426262,0.1304212653505363,0.02810810810810821,-0.16559318512362348,Bumps
0.4593967517401392,0.49239766081871345,1.888284486480886,1.888306713835556,1.4620253164556962,2.4166666666666665,1.631578947368421,2.0823276479862405,1.3461538461538463,2.8181818181818183,-0.04281345565749235,0.6,-0.3116408728251466,0.6611687087653157,-0.48393106660456453,2.87012987012987,-0.536944165830826,-3.433993399339935,0.0,0.9242674370614932,1.5810055865921788,0.14025475962197,-1.0909373542670604,1.6598198198198197,1.252441304799501,Other_Faults
-0.38167053364269143,-0.39415204678362575,1.3306725135280546,1.3306833484581975,-0.379746835443038,-0.4166666666666667,-0.42105263157894735,-0.3927189336390999,-0.038461538461538464,0.45454545454545453,0.9602446483180428,-0.2,0.24800538306257805,-0.6616399622997169,0.6138798323241734,-0.45454545454545453,0.42092945503176193,0.045654565456545525,1.0,-0.5668592653735041,-0.49565487274984427,-0.5591014929461718,-0.0472563345251049,-0.024504504504504403,-0.32308331601911483,Bumps
-0.7354988399071926,-0.7426900584795322,1.4352701850565288,1.4352913085632677,0.6518987341772152,0.16666666666666666,0.47368421052631576,0.3939228894940519,-1.0769230769230769,-0.2727272727272727,-0.03058103975535168,2.6,-0.37489185811785053,0.3793590951932139,-0.10200279459711215,0.3766233766233765,-0.17485790705449686,0.045654565456545525,1.0,0.5290961617829131,0.2799503414028555,0.6226544308998772,0.43059225866625217,-1.1077477477477478,0.7330147517141076,Bumps
-0.7470997679814385,-0.7532163742690059,0.22562833336576527,0.22562387763296884,-0.37341772151898733,-0.08333333333333333,-0.3157894736842105,-0.328393292245951,0.6923076923076923,1.3636363636363635,0.8501529051987767,0.6,-0.46352013842160905,0.5084825636192273,-0.3861201676758267,0.19480519480519473,0.6766967569374791,-1.7876787678767885,0.0,-0.5536524969046639,0.361887026691496,-0.8245445829338448,-1.025648997357376,0.8007207207207206,-0.2133804280074797,Other_Faults
-0.8074245939675174,-0.8245614035087719,-0.3034623089387452,-0.3034514931015105,0.6455696202531646,0.041666666666666664,1.6842105263157894,0.5313458506521428,-0.07692307692307693,-0.8181818181818182,-0.06422018348623854,2.3,-0.5479188695568585,0.18944392082940623,-1.1094550535631114,-0.37662337662337664,-1.0989635573386827,0.045654565456545525,1.0,0.5251754023937261,-0.6542520173805085,1.355704697986578,1.1030623348360018,-0.4987387387387386,0.6368169540826926,Other_Faults
0.7099767981438515,0.7157894736842105,0.5679842265171432,0.5679883895740732,-0.012658227848101266,0.5,0.21052631578947367,0.11861831732836463,0.8076923076923077,1.9090909090909092,0.8929663608562691,0.6,-0.1266942228203403,0.7163053722902923,0.7098276665114115,0.18181818181818182,-0.5921096623202943,-1.454345434543455,0.0,-0.014032191498143082,0.361887026691496,0.0,-0.29410850303124514,1.0724324324324324,0.20548514440058172,Other_Faults
0.3503480278422274,0.36023391812865496,0.8607166542461183,0.8607251151720487,0.33544303797468356,0.7083333333333334,0.3684210526315789,0.18110935932349148,-0.5,-0.2727272727272727,-0.03669724770642202,0.2,0.01249639527059503,0.7177191328934968,0.23917093619003266,1.0519480519480515,-0.2908726178535609,-1.7145214521452148,0.0,0.3105654147750714,0.7690875232774673,0.07231886043007804,-0.6082698585418933,-0.8288288288288287,0.6085601495948473,Bumps
-0.8874709976798144,-0.9052631578947369,0.39439387110363366,0.3943994789087693,0.0189873417721519,-0.20833333333333334,0.2631578947368421,-0.08714347140604844,-0.5384615384615384,-0.9090909090909091,0.9908256880733946,0.4,-0.7451696625973275,-0.45617342130065963,-0.672100605496041,-0.5324675324675324,-0.6429287863590772,0.045654565456545525,1.0,0.020841931489888558,-0.6542520173805085,0.4317216819613752,0.811130110368413,-0.7509909909909909,-0.07978391855391645,Other_Faults
0.025522041763341066,0.0152046783625731,-0.5228032327435458,-0.5228168062966417,-0.4620253164556962,-0.4583333333333333,-0.47368421052631576,-0.4708614017486025,0.19230769230769232,0.45454545454545453,-0.03669724770642202,2.1,0.8453330769970199,-0.7007540056550421,0.5880298090358642,-0.37662337662337664,0.36008024072216654,0.045654565456545525,1.0,-0.7569129178704088,-0.6542520173805085,-0.6845637583892618,-0.030001554484688303,0.06414414414414417,-0.3606897984624973,Other_Faults
-0.7981438515081206,-0.816374269005848,0.9667153846679769,0.9667262632767687,-0.26582278481012656,-0.16666666666666666,0.05263157894736842,-0.2716927046008313,0.2692307692307692,-0.36363636363636365,-0.07339449541284404,0.0,-0.5248486013649908,-0.14797360980207339,-0.6241266884024219,-0.4675324675324676,-0.9378134403209629,0.045654565456545525,1.0,-0.356376392901362,-0.8342644320297948,0.20435556773044794,0.7791077257889011,0.04468468468468476,-0.22106794099314353,Other_Faults
0.9187935034802784,0.9228070175438596,0.3208030423594168,0.3208029685580767,-0.08227848101265822,-0.08333333333333333,-0.21052631578947367,-0.20100329654579333,-0.9230769230769231,-0.8181818181818182,0.9785932721712538,-0.2,-0.4750552725175429,0.13430725730442986,0.8467629250116443,-0.06493506493506498,0.14877967235038442,0.045654565456545525,0.5,-0.09595542715641761,0.09993792675356922,-0.15888234488426262,-0.20270480335768692,-0.952072072072072,-0.04342405983793886,Bumps
-0.1554524361948956,-0.1672514619883041,-0.37226513461788274,-0.3722678276391354,0.06962025316455696,-0.3333333333333333,0.42105263157894735,-0.21464812956858248,-1.3076923076923077,-3.0,-0.03669724770642202,2.6,1.0372008074593864,-0.25023562676720057,-0.7654867256637169,-0.37662337662337664,-0.257104647275159,0.045654565456545525,1.0,0.07387536112257449,-0.6542520173805085,0.5777290782084651,0.8734649463702784,-1.9718918918918917,-0.006233118637024729,Other_Faults
0.5870069605568445,0.583625730994152,-0.4636979014094211,-0.46368652060369375,1.1708860759493671,0.5,2.1052631578947367,0.8575032248817543,-0.34615384615384615,-2.1818181818181817,-0.06422018348623854,2.3,-0.550802653080842,0.2172478793590953,-1.0586865393572429,-0.18181818181818182,-1.3015713808090938,-0.23872387238723874,1.0,0.8012794056954179,-0.35350713842333914,1.4691138200246547,1.0691745686304992,-1.0133333333333332,1.0143361728651568,Other_Faults
-0.5986078886310905,-0.5953216374269006,-0.41688654631093935,-0.416881925344793,1.9113924050632911,2.1666666666666665,2.1578947368421053,1.9873871291385983,-0.07692307692307693,0.0,0.9724770642201835,4.6,-0.17937133519177156,0.8397737983034869,-0.11877037727061002,0.7012987012987012,-1.215312604480107,-1.6325632563256331,1.0,1.0860503508047872,0.8265052762259472,1.1195726612792773,0.44178454842219805,0.12900900900900908,1.3268231872013296,Other_Faults
-0.8747099767981439,-0.8842105263157894,-0.012911935770074877,-0.01291105028440968,0.6455696202531646,-0.16666666666666666,0.3157894736842105,0.6653289379389422,-0.07692307692307693,0.0,0.039755351681957186,-0.6,-0.7136402960684417,-0.11168708765315737,-0.026548672566371605,0.2597402597402597,0.6355733868271478,0.045654565456545525,1.0,0.5251754023937261,0.19304779639975178,0.4823996712779077,0.3802269547644956,0.07351351351351361,0.5073758570538125,Other_Faults
-0.5962877030162413,-0.5906432748538012,1.447897070556253,1.4479152011852354,1.4050632911392404,0.4166666666666667,0.3684210526315789,1.3320911566575893,-0.6538461538461539,0.6363636363636364,0.8379204892966361,0.2,-0.1595693549937518,-0.12158341187558899,0.3989287377736377,0.9090909090909091,0.48946840521564683,-0.8344334433443349,0.0,0.9015683037556738,0.9345127250155186,0.32351732639364505,-0.5016322089227421,-0.2407207207207206,1.006856430500727,Bumps
0.027842227378190254,0.05730994152046784,1.6067978704325558,1.6068085818066686,-0.43670886075949367,0.875,-0.5263157894736842,-0.40980364053318047,0.07692307692307693,2.090909090909091,0.9663608562691132,0.0,1.0498894549649138,0.692742695570217,-1.3157894736842106,2.0779220779220777,1.0287529254429955,-3.392189218921893,0.0,-0.6941807676434175,1.5810055865921788,-1.9915080126010138,-1.6461992849370433,0.6486486486486487,-0.23893621441928106,Other_Faults
-0.58584686774942,-0.5964912280701754,-0.10505049123838565,-0.10505500042205865,0.06962025316455696,-0.25,-0.10526315789473684,0.010376952845062348,-0.9230769230769231,-0.09090909090909091,0.9663608562691132,1.0,-0.15360953571085265,-0.5127238454288403,0.26455519329296706,-0.22077922077922077,0.36008024072216654,0.045654565456545525,1.0,0.07387536112257449,-0.1076970825574176,0.0,0.1859163687237681,-0.38126126126126103,-0.05568252649075418,Bumps
-0.6067285382830626,-0.6116959064327485,-0.4546651737465546,-0.45465998770902094,2.1012658227848102,1.1666666666666667,1.368421052631579,1.8657302565572595,-0.34615384615384615,-1.4545454545454546,0.9724770642201835,4.6,-0.19532827069114678,-0.06644674835061262,-0.5612482533768048,0.15584415584415579,-1.154797726512872,-0.07920792079207967,1.0,1.146512587701196,0.361887026691496,1.1762772222983158,0.7372920876729365,-0.5499099099099097,1.2358196551007685,Other_Faults
0.345707656612529,0.3497076023391813,1.0416709836180242,1.0416807243315367,0.17088607594936708,0.25,-0.05263157894736842,0.026773684964884623,-0.46153846153846156,-0.09090909090909091,-0.03058103975535168,0.2,0.04229549168509076,0.19368520263901987,0.4585468095016304,0.5714285714285713,-0.08559010364426635,-0.6012101210121017,0.0,0.17148163433759786,0.43885785226567403,-0.07670182166826471,-0.4618374009016011,-0.8886486486486486,0.19862871389985456,Bumps
0.5556844547563805,0.5649122807017544,-0.4147207953638835,-0.4147277169466936,0.6772151898734177,0.625,0.2631578947368421,0.5362190053031389,-0.3076923076923077,-0.7272727272727273,-0.05504587155963303,-0.6,-0.4973565317696818,0.12346842601319508,0.6250582207731722,0.87012987012987,-0.3644266131728518,-0.9108910891089115,0.0,0.5445728435823358,0.6464928615766609,0.20435556773044794,-0.350691745686305,-0.6018018018018017,0.6337003947641804,Other_Faults
-0.8665893271461717,-0.8807017543859649,0.0,0.0,0.189873417721519,-0.125,0.21052631578947367,0.20031532177153505,0.4230769230769231,-0.18181818181818182,-0.0030581039755351682,-0.6,-0.6938383158704219,-0.17766258246936825,-0.31765253842571023,-0.10389610389610393,-0.27148110999665676,0.045654565456545525,1.0,0.18881551795295065,-0.22501551831160702,0.37885221202575026,0.5745375408052231,0.0872072072072073,0.1038853106170787,Other_Faults
0.3213457076566125,0.3157894736842105,-0.051990118958525185,-0.05198184805941113,0.5506329113924051,0.2916666666666667,1.105263157894737,0.6214705460799771,0.38461538461538464,0.6363636363636364,-0.04281345565749235,2.1,0.11535134095933862,0.3011310084825636,-0.8849557522123893,-0.18181818181818182,-1.1206954195921097,0.045654565456545525,1.0,0.46471316549731645,-0.35350713842333914,1.060128749486372,0.953210010881393,0.3178378378378379,0.6052358196551006,Bumps
0.9269141531322506,0.927485380116959,0.8226272063127591,0.8226341245859289,-0.13924050632911392,-0.08333333333333333,-0.15789473684210525,-0.3340690841335818,-1.2307692307692308,-2.909090909090909,0.8562691131498471,0.6,-0.5707968855137939,-0.12818096135721016,0.22566371681415928,-0.28571428571428575,-0.37913741223671027,0.045654565456545525,1.0,-0.1690053652496906,-0.22501551831160702,-0.07670182166826471,0.21187626301880927,-1.73045045045045,-0.13484313318096822,Other_Faults
-0.8793503480278422,-0.8947368421052632,0.044080762840804685,0.04407764932527153,-0.06962025316455696,-0.4166666666666667,-0.15789473684210525,-0.12108356026945678,-0.34615384615384615,-0.2727272727272727,-0.0030581039755351682,-0.6,-0.7245986734595788,-0.7766258246936849,0.07056357708430368,-0.19480519480519484,0.7248411902373787,0.045654565456545525,1.0,-0.08047874535699574,-0.35350713842333914,-0.07670182166826471,0.31540494326130886,-0.3726126126126125,-0.17639725742779963,Other_Faults
-0.26218097447795824,-0.26666666666666666,0.258577409818667,0.25857337864393737,-0.27848101265822783,-0.16666666666666666,-0.5263157894736842,-0.27851512111222587,0.15384615384615385,0.5454545454545454,0.9663608562691132,-0.2,0.48101509180044205,-0.3996229971724786,-0.24010246856078243,0.012987012987012906,0.6355733868271478,0.045654565456545525,0.0,-0.3774246801485766,0.19304779639975178,-0.8245445829338448,-0.9281828073993471,0.11603603603603616,-0.25368792852690625,Bumps
0.016241299303944315,0.019883040935672516,-0.0015903911762741405,-0.0015914635284787035,0.31645569620253167,1.625,1.105263157894737,0.4776838182599971,0.9615384615384616,0.7272727272727273,-0.06422018348623854,0.0,0.8189945208113041,0.8020735155513667,0.8467629250116443,0.7792207792207791,-1.2002674690738884,-2.634213421342135,0.5,0.29550144449030075,0.5806952203600249,0.26544308998767296,-0.20270480335768692,0.9001801801801802,0.6368169540826926,Other_Faults
0.9721577726218097,0.9695906432748538,0.5833369709674722,0.5833434355679477,-0.25316455696202533,0.0,0.10526315789473684,-0.41547943242081126,-1.0769230769230769,-3.0,0.8623853211009175,0.2,-0.6500048063058732,0.30725730442978333,-0.5505356311131812,-0.5194805194805195,-1.0407890337679706,0.045654565456545525,1.0,-0.3357408171687995,-0.6542520173805085,0.26544308998767296,0.7299860096378051,-1.7045045045045042,-0.14897153542489086,Bumps
0.894431554524362,0.8947368421052632,-0.13654223503604412,-0.13654925371878376,-0.17721518987341772,-0.3333333333333333,-0.3157894736842105,-0.2849935502364913,-0.6923076923076923,-1.5454545454545454,0.8501529051987767,0.2,-0.5100451792752089,-0.6710650329877471,0.652771308802981,-0.2727272727272727,0.5142092945503174,0.045654565456545525,1.0,-0.22121337185307502,-0.22501551831160702,-0.3421449116559377,-0.07321622882014611,-0.9744144144144142,-0.22376895906918756,Other_Faults
-0.8897911832946636,-0.9017543859649123,-0.42768427158874506,-0.4275740778675861,11.430379746835444,2.5416666666666665,12.0,9.420209258993838,-3.230769230769231,0.0,-0.06422018348623854,0.0,-0.7497837162357011,0.0023562676720075416,-1.3570097810898931,0.10389610389610371,-1.784687395519893,-0.044004400440044056,1.0,2.4335534461411465,0.0,3.2316121079304216,1.2683040572050366,-1.0962162162162161,1.3486391024309161,Other_Faults
-0.7424593967517401,-0.7578947368421053,-0.28672323143925665,-0.28673165931635963,-0.379746835443038,-0.3333333333333333,-0.2631578947368421,-0.3758635516697721,0.2692307692307692,0.6363636363636364,-0.06116207951070336,-0.6,-0.38911852350283566,0.16022620169651283,0.13018164881229638,-0.28571428571428575,0.0,0.045654565456545525,1.0,-0.5668592653735041,-0.49565487274984427,-0.24708943980276699,0.27561013524016786,0.21909909909909916,-0.26095990027010174,Other_Faults
0.2877030162412993,0.2795321637426901,-0.2153517977889145,-0.21535720230599173,-0.2974683544303797,-0.16666666666666666,-0.05263157894736842,-0.24847355596961446,0.6923076923076923,1.4545454545454546,-0.03669724770642202,2.1,0.20724790925694508,0.09236569274269557,-0.3861201676758267,-0.37662337662337664,-0.7412236710130391,0.045654565456545525,1.0,-0.4100288898060257,-0.6542520173805085,0.07231886043007804,0.6202393906420022,0.7178378378378378,-0.2133804280074797,Bumps
1.051044083526682,1.056140350877193,0.44317217825213695,0.44317578493048126,-0.26582278481012656,0.08333333333333333,0.0,-0.45790454350007165,-2.576923076923077,-2.3636363636363638,0.9724770642201835,0.0,-0.7384408343746994,1.29076343072573,0.3292966930600841,-0.06493506493506498,-0.27950518221330656,0.045654565456545525,1.0,-0.356376392901362,0.09993792675356922,0.14025475962197,0.14270169438831032,-2.0821621621621618,0.13733638063577808,Other_Faults
-0.3538283062645012,-0.3649122807017544,4.901934818154231,4.901999032815126,0.13924050632911392,-0.16666666666666666,0.3157894736842105,0.19142898093736563,0.38461538461538464,0.45454545454545453,-0.04281345565749235,-0.6,0.5563779678938766,-0.04618284637134766,-0.5116441546343735,-0.18181818181818182,-0.3480441323971918,0.045654565456545525,1.0,0.14217911679735806,-0.35350713842333914,0.4823996712779077,0.704026115342764,0.3697297297297298,0.09723665073758571,Other_Faults
-0.07540603248259861,-0.06900584795321638,0.35071806897900987,0.3507225880794333,1.2974683544303798,0.2916666666666667,0.47368421052631576,1.221785867851512,-0.15384615384615385,-0.36363636363636365,0.7614678899082569,0.6,0.9133903681630297,-0.20216776625824687,0.7454587796925946,0.7012987012987012,0.43162821798729517,-0.9730473047304735,0.0,0.856789104416013,0.7690875232774673,0.37885221202575026,-0.2703248872998601,-0.2565765765765765,0.9237481820070641,Other_Faults
0.5197215777262181,0.5134502923976608,0.4689771165639977,0.46897842609726703,-0.3924050632911392,-0.4583333333333333,-0.2631578947368421,-0.39914003153217714,0.23076923076923078,-0.36363636363636365,0.764525993883792,0.0,0.19955781985965584,-0.0914231856738924,-0.048905449464368936,-0.5064935064935066,0.36008024072216654,0.045654565456545525,1.0,-0.5936855138258361,-0.6542520173805085,-0.24708943980276699,0.39515000777242343,0.07063063063063074,-0.2917099522127571,Bumps
0.9338747099767981,0.9660818713450292,-0.3741442575255638,-0.3741154189727592,9.126582278481013,6.458333333333333,5.7894736842105265,6.555310305288806,-2.5384615384615383,-1.4545454545454546,0.9724770642201835,4.6,-0.5634913005863692,0.6352497643732326,-0.4529576152771308,1.7792207792207788,-1.592778335005015,-1.7590759075907594,1.0,2.246595130004126,1.4459962756052145,2.000821805232161,0.6648531011969534,-1.6814414414414414,1.3486391024309161,Other_Faults
0.32018561484918795,0.32397660818713453,1.5621959178907963,1.5622123657136906,-0.06962025316455696,0.08333333333333333,-0.05263157894736842,-0.14613730829869573,-0.23076923076923078,-0.8181818181818182,-0.03669724770642202,0.2,0.09997116216476012,0.8572101790763429,0.4585468095016304,0.5714285714285713,0.3019057171514541,-0.6012101210121017,0.0,-0.08047874535699574,0.43885785226567403,-0.07670182166826471,-0.4618374009016011,-0.11747747747747733,0.19862871389985456,Bumps
-0.7482598607888631,-0.7461988304093568,-0.44477939896466795,-0.4447919671588405,-0.2088607594936709,0.5,0.21052631578947367,-0.10680808370359754,1.1153846153846154,1.4545454545454546,-0.03669724770642202,-0.6,-0.40526771123714306,0.8265786993402451,-0.6087564042850488,1.1428571428571428,0.11701771982614483,-3.2046204620462055,0.0,-0.26723070573669033,0.8265052762259472,-0.6845637583892618,-1.1742577335613245,1.148108108108108,0.01911489715354246,Other_Faults
-0.23897911832946636,-0.24912280701754386,1.0224921492842978,1.0224990132242415,-0.33544303797468356,-0.3333333333333333,-0.42105263157894735,-0.34238211265586926,-0.07692307692307693,0.7272727272727273,0.9724770642201835,-0.2,0.525040853599923,-0.6352497643732326,0.8467629250116443,-0.37662337662337664,0.2571046472751587,0.045654565456545525,0.5,-0.4789517127527861,-0.35350713842333914,-0.5591014929461718,-0.20270480335768692,0.049009009009009105,-0.30085185954705995,Bumps
-0.8897911832946636,-0.9005847953216374,-0.003702497976511227,-0.003655212003611034,4.6455696202531644,0.6666666666666666,5.0,3.150121828866275,-1.2307692307692308,-2.3636363636363638,0.9571865443425076,0.2,-0.7497837162357011,0.3086710650329877,-1.1909641360037262,-0.06493506493506498,-1.0494817786693413,-0.002750275027503059,1.0,1.7092447379281879,0.09993792675356922,2.315025338994659,1.1574692989274056,-1.7679279279279274,1.3482235611884479,Other_Faults
0.47447795823665895,0.495906432748538,-0.36187920705536236,-0.36186598835749234,8.474683544303797,0.6666666666666666,2.6315789473684212,7.571047728249964,-0.46153846153846156,-0.2727272727272727,-0.06422018348623854,0.0,-0.33778717677593,-0.9585296889726669,-0.15137401024685598,1.9220779220779216,0.5770645269140754,-0.9251925192519255,1.0,2.1857201815930654,1.2141527001862202,1.4904807560608142,0.4635473340587596,-0.6774774774774774,1.3484313318096819,Other_Faults
0.425754060324826,0.43508771929824563,-0.16865456798317466,-0.16865621521467533,1.5632911392405062,0.4583333333333333,0.2631578947368421,1.149835172710334,-1.8076923076923077,0.45454545454545453,-0.03058103975535168,0.0,-0.16341439969239643,-0.5933081998114982,0.7454587796925946,0.9480519480519478,-0.016048144433299986,0.045654565456545525,1.0,0.963268675196037,0.7091868404717571,0.4317216819613752,-0.13508471941551375,-1.122162162162162,0.9237481820070641,Bumps
-0.37819025522041766,-0.37660818713450295,-0.4387560027537329,-0.4387169522158605,7.2594936708860756,3.125,4.947368421052632,6.365658592518274,-0.4230769230769231,-0.9090909090909091,0.06116207951070336,3.0,0.4665961741805248,0.22525918944392082,-1.0249184909175593,0.8181818181818181,-1.583082581076563,-0.1996699669966997,1.0,2.0600495253817575,0.6464928615766609,2.2607861936721,1.0466345406497746,-0.7589189189189187,1.3486391024309161,Other_Faults
0.6252900232018561,0.6292397660818714,1.3589792675891006,1.3590041414340897,1.139240506329114,0.9583333333333334,1.368421052631579,0.8704600831302852,-0.5,-0.18181818181818182,-0.03058103975535168,0.2,-0.6313563395174469,0.3793590951932139,-0.44713553795994404,0.3766233766233765,-1.0989635573386827,-0.9543454345434544,1.0,0.7868345026826246,0.2799503414028555,0.9647993425558148,0.6609668894761387,-0.8864864864864864,1.0602534801579055,Bumps
0.37354988399071926,0.3672514619883041,-0.07719287542619485,-0.07719755158648034,-0.34810126582278483,-0.375,-0.10526315789473684,-0.42614304142181453,-0.5769230769230769,-0.2727272727272727,-0.04281345565749235,4.6,-0.14851485148514856,0.3510838831291234,-0.08476944573823939,-0.28571428571428575,0.1929120695419591,-0.2981298129812983,1.0,-0.5033016921172104,-0.49565487274984427,-0.07670182166826471,0.41908907197264117,-0.9037837837837838,-0.21608144608352373,Other_Faults
0.5011600928074246,0.49473684210526314,-0.24351813040681722,-0.24352442378475378,-0.24050632911392406,-0.3333333333333333,-0.10526315789473684,-0.17239501218288664,0.7307692307692307,1.2727272727272727,-0.06116207951070336,-0.6,-0.3324041141978275,-0.4142318567389253,-0.31765253842571023,-0.37662337662337664,-0.257104647275159,0.045654565456545525,1.0,-0.3157243087082134,-0.6542520173805085,0.0,0.5745375408052231,0.846126126126126,-0.23374194888842711,Other_Faults
0.5243619489559165,0.5263157894736842,1.0966883154107538,1.0967019206166841,-0.06329113924050633,0.4583333333333333,0.15789473684210525,-0.1193062921026229,-0.6538461538461539,0.45454545454545453,-0.03058103975535168,0.2,-0.3833509564548688,1.133836003770028,0.18141592920354002,0.28571428571428553,-0.7472417251755266,0.045654565456545525,1.0,-0.07284358233594783,0.19304779639975178,0.32351732639364505,0.2414114720969999,-0.40792792792792776,0.3538333679617702,Bumps
-0.45707656612529,-0.4654970760233918,0.004878461822459963,0.00488746548914494,1.139240506329114,0.3333333333333333,1.105263157894737,1.3091586641823134,0.6923076923076923,0.45454545454545453,0.0,-0.6,0.29395366721138133,0.0362865221489163,-0.7058686539357243,0.0909090909090908,-0.8157806753594117,0.045654565456545525,1.0,0.7868345026826246,0.0,1.060128749486372,0.8336701383491373,0.5124324324324324,0.9260336588406398,Other_Faults
-0.12993039443155452,-0.13099415204678364,1.6639583384829961,1.6639771494027147,0.5189873417721519,-0.125,-0.05263157894736842,0.3445033682098323,-1.8076923076923077,-0.09090909090909091,0.8440366972477065,-0.02,0.7765067768912812,-0.5249764373232798,0.8467629250116443,0.19480519480519473,0.842861919090605,0.045654565456545525,0.5,0.44366487825010276,0.361887026691496,0.07231886043007804,-0.20270480335768692,-0.82018018018018,0.26386868896737997,Other_Faults
0.5823665893271461,0.5988304093567252,-0.3545951733941861,-0.3545087565994327,14.778481012658228,6.958333333333333,10.210526315789474,16.181396015479432,-2.0384615384615383,1.4545454545454546,-0.06422018348623854,0.0,-0.5877150821878303,0.6946277097078227,-1.1595249184909175,1.4545454545454544,-1.8345035105315946,-0.39548954895489596,1.0,2.6502269913330574,0.985412787088765,2.9746610053417353,1.1364837556350071,0.48216216216216223,1.3486391024309161,Other_Faults
0.2122969837587007,0.22573099415204678,0.6603373585727291,0.6603385041873214,-0.056962025316455694,0.375,-0.3157894736842105,-0.022932492475275908,0.5769230769230769,0.0,-0.05504587155963303,-0.6,0.32490627703547054,0.3030160226201697,-0.7920353982300885,1.4415584415584415,0.694416583082581,-1.7876787678767885,0.0,-0.06520841931489901,0.985412787088765,-0.8245445829338448,-1.2965956785325665,0.33801801801801806,0.01911489715354246,Other_Faults
-0.5591647331786543,-0.5578947368421052,-0.5326926889864885,-0.5326716786022049,5.1265822784810124,3.375,4.947368421052632,3.8024939085566865,-0.7692307692307693,-2.909090909090909,0.05504587155963303,3.0,0.03748918581178498,0.2200754005655043,-0.7990218910107126,0.9090909090909091,-1.5934470076897358,-1.7717271727172723,1.0,1.7849773008666932,0.7091868404717571,1.838104369264485,0.8958495258821702,-1.4522522522522523,1.3484313318096819,Other_Faults
0.5730858468677494,0.5812865497076023,-0.5054188477132079,-0.505428515755147,-0.15822784810126583,0.20833333333333334,0.21052631578947367,-0.15748889207395728,0.23076923076923078,0.5454545454545454,-0.04281345565749235,0.2,-0.5263866192444487,1.3821866163996228,0.3809967396367026,0.766233766233766,0.2571046472751587,-1.454345434543455,0.0,-0.19479983491539463,0.5806952203600249,0.0,-0.5136017410228509,0.08648648648648656,0.37128610014543934,Other_Faults
-0.48839907192575405,-0.4994152046783626,-0.07830783220321244,-0.0783046337832575,0.34177215189873417,0.3333333333333333,0.631578947368421,0.4473555969614447,0.7692307692307693,0.5454545454545454,-0.012232415902140673,-0.6,0.22128232240699788,0.3001885014137607,-0.6280857009781089,-0.10389610389610393,-1.0464727515880976,0.045654565456545525,1.0,0.31551795295088686,-0.22501551831160702,0.7478427612655807,0.7817503497590549,0.5780180180180181,0.4055682526490755,Other_Faults
-0.05336426914153132,-0.0608187134502924,2.1669837105866723,2.167014262426866,0.620253164556962,-0.375,0.47368421052631576,0.5545649992833596,-0.4230769230769231,0.5454545454545454,-0.0030581039755351682,-0.6,1.0452754013265402,-0.6866163996229968,-0.5333022822543083,-0.10389610389610393,0.75025075225677,0.045654565456545525,1.0,0.5094923648369781,-0.22501551831160702,0.6226544308998772,0.7184828229441941,-0.2947747747747747,0.29170995221275714,Other_Faults
0.11252900232018562,0.12748538011695906,-0.17978257291002142,-0.17978857096725587,0.6962025316455697,1.4583333333333333,0.6842105263157895,0.9134011752902393,0.8846153846153846,1.1818181818181819,-0.03058103975535168,-0.4,0.5779102182062865,0.3209236569274271,-0.27759664648346527,1.623376623376623,-0.583082581076563,-2.793179317931794,0.0,0.5559224102352447,1.0816263190564865,-0.07670182166826471,-0.9532100108813928,0.8828828828828829,0.7417411178059421,Other_Faults
-0.4733178654292343,-0.4842105263157895,-0.20825078533453173,-0.20825872800200063,-0.27848101265822783,-0.3333333333333333,-0.3157894736842105,-0.2813243514404472,-0.3076923076923077,0.6363636363636364,0.7767584097859327,0.0,0.09804863981543781,-0.09990574929311966,0.652771308802981,-0.2597402597402598,0.5142092945503174,0.045654565456545525,1.0,-0.3774246801485766,-0.22501551831160702,-0.3421449116559377,-0.07321622882014611,0.08288288288288295,-0.22376895906918756,Bumps
-0.7853828306264501,-0.7637426900584795,-0.07492509541558173,-0.07491974968897827,2.8037974683544302,1.5416666666666667,1.3157894736842106,2.7744876021212557,-0.8461538461538461,11.363636363636363,0.9724770642201835,0.2,-0.5452273382678072,0.9688972667295005,0.4492314857941316,1.9999999999999996,0.048813105984620346,-1.1056105610561062,0.0,1.3400742880726368,1.5484171322160152,0.8968634433639234,-0.46805533965490437,-0.10522522522522523,1.347184708082277,Bumps
0.30974477958236657,0.30760233918128654,-0.14226953659345995,-0.14227505128472814,0.02531645569620253,-0.20833333333333334,-0.15789473684210525,-0.03606134441737136,-1.0384615384615385,1.1818181818181819,0.9602446483180428,0.0,0.7103720080745936,-0.29076343072573024,0.5363297624592457,-0.14285714285714288,0.4018722835172182,0.045654565456545525,1.0,0.027651671481634034,0.0,-0.07670182166826471,0.0045080055961449,-0.41297297297297286,-0.04654061915645122,Bumps
0.580046403712297,0.6070175438596491,-0.43909259347887025,-0.4391045624671787,0.20253164556962025,0.7916666666666666,0.0,0.33080120395585494,0.8461538461538461,1.1818181818181819,0.9663608562691132,0.0,0.1307315197539171,0.8049010367577755,-0.8351187703772707,1.623376623376623,-0.1651621531260448,-2.3987898789878996,0.0,0.19995872884853433,1.373060211049038,-0.5591014929461718,-1.325353645266594,0.8086486486486486,0.5073758570538125,Other_Faults
-0.17865429234338748,-0.19181286549707602,-0.5468210846741303,-0.5468302343359045,-0.2721518987341772,-0.375,0.0,-0.34020352587071806,-0.2692307692307692,-0.2727272727272727,-0.024464831804281346,2.1,0.9756800922810724,-0.2799245994344955,-0.5763856544014904,-0.48051948051948046,-0.3644266131728518,0.045654565456545525,1.0,-0.3669005365249693,-0.8342644320297948,0.14025475962197,0.7472407896782217,-0.6724324324324323,-0.23893621441928106,Other_Faults
0.9002320185614849,0.9099415204678363,0.13883262973600244,0.13882547782693175,-0.4873417721518987,0.0,-0.47368421052631576,-0.49224595098179735,0.2692307692307692,0.0,0.8501529051987767,-0.02,-0.5402287801595693,0.3694627709707823,-0.8691197019096414,0.3506493506493505,0.710464727515881,-2.3987898789878996,0.0,-0.8245976062732151,0.511483550589696,-1.3836460758800169,-1.348049121716151,0.15135135135135147,-0.31207147309370453,Other_Faults
0.505800464037123,0.5076023391812865,-0.5121122698363696,-0.5121251797036334,-0.12025316455696203,-0.125,-0.3684210526315789,-0.17222301848932206,-0.9230769230769231,0.5454545454545454,0.9480122324159022,0.0,0.31414015187926553,-0.5254476908576813,0.07056357708430368,0.012987012987012906,0.47141424272818455,-0.4543454345434545,0.0,-0.1440363186132899,0.19304779639975178,-0.5591014929461718,-0.7208145499766827,-0.39783783783783777,-0.17639725742779963,Bumps
-0.6206496519721578,-0.6350877192982456,0.1765970572504009,0.17659985868266687,0.06962025316455696,-0.08333333333333333,0.2631578947368421,0.03732263150351154,-0.23076923076923078,-0.09090909090909091,0.9847094801223242,-0.2,-0.22378160146111695,-0.26531573986804874,-0.5707964601769911,-0.45454545454545453,-0.7308592443998663,0.045654565456545525,1.0,0.07387536112257449,-0.49565487274984427,0.4317216819613752,0.7435100264262399,-0.19099099099099096,-0.009349677955537095,Other_Faults
-0.6728538283062645,-0.6795321637426901,-0.2388805413220337,-0.23888519715398357,0.05063291139240506,1.2083333333333333,0.47368421052631576,0.17222301848932206,0.9230769230769231,1.4545454545454546,-0.03058103975535168,0.6,-0.22262808805152356,0.7907634307257303,0.47904052165812766,0.3766233766233765,-1.2447342026078234,-1.5841584158415847,1.0,0.054271564176640495,0.2799503414028555,0.20435556773044794,0.04274832892896009,0.9174774774774775,0.3158113442759194,Bumps
-0.5220417633410673,-0.5403508771929825,-0.4639229964568567,-0.46393844097056136,-0.7151898734177216,-0.6666666666666666,-0.7368421052631579,-0.7225455066647556,0.5769230769230769,0.7272727272727273,0.9785932721712538,1.46,-0.030183600884360257,-0.6352497643732326,0.3809967396367026,-0.7532467532467532,1.0287529254429955,0.045654565456545525,0.0,-1.9213784564589351,-1.2877094972067036,-1.6490891658676898,-0.5136017410228509,0.5542342342342342,-0.45439434863910233,Other_Faults
0.2853828306264501,0.29005847953216374,1.3167839387320732,1.3167951206338295,0.25316455696202533,-0.08333333333333333,-0.3684210526315789,0.07613587501791601,-1.3076923076923077,-0.2727272727272727,-0.04281345565749235,2.6,0.17744881284244923,-0.8887841658812436,-0.13390777829529577,0.6753246753246752,1.0287529254429955,0.045654565456545525,0.0,0.2437061494015675,0.511483550589696,-0.4456923709080945,-0.8572983056116897,-1.019099099099099,-0.0031165593185123646,Other_Faults
0.08120649651972157,0.07719298245614035,-0.4299604663674866,-0.429970213966644,0.17088607594936708,-0.3333333333333333,-0.21052631578947367,0.09539916869714778,-1.5384615384615385,0.6363636363636364,0.9571865443425076,2.6,1.1579352109968275,-1.1140433553251645,0.68048439683279,-0.14285714285714288,1.0287529254429955,0.045654565456545525,1.0,0.17148163433759786,0.0,-0.15888234488426262,-0.09171459661122336,-0.454054054054054,-0.08560149594847291,Bumps
-0.8897911832946636,-0.904093567251462,-0.31808665002295655,-0.3180912745882036,0.2088607594936709,-0.375,0.15789473684210525,0.20742439443887056,0.038461538461538464,0.5454545454545454,0.9571865443425076,2.6,-0.7497837162357011,-0.3854853911404334,-0.2622263623660921,-0.29870129870129875,0.75025075225677,0.045654565456545525,1.0,0.20553033429632617,-0.22501551831160702,0.32351732639364505,0.5375408052230686,0.01153153153153166,0.06752545190110124,Other_Faults
-0.8897911832946636,-0.9017543859649123,-0.320864049428348,-0.32085240595783776,0.8354430379746836,0.08333333333333333,2.0,0.7404328507954708,-1.8846153846153846,0.0,-0.06422018348623854,0.0,-0.7497837162357011,1.0867106503298771,-0.8998602701443875,0.10389610389610371,-0.42494149114008684,-0.3470847084708474,1.0,0.6351630210482867,0.0,1.40227366114231,0.9631587128866782,-0.3783783783783783,1.1899023478080197,Other_Faults
-0.02088167053364269,-0.01871345029239766,-0.3743893376473045,-0.37439573954800015,0.8481012658227848,0.0,0.05263157894736842,0.8553819693277913,-0.2692307692307692,0.5454545454545454,-0.04281345565749235,-0.6,0.9239642410843024,-0.5212064090480676,0.8467629250116443,0.6753246753246752,0.710464727515881,0.045654565456545525,0.5,0.6419727610400322,0.511483550589696,0.20435556773044794,-0.20270480335768692,0.007927927927928055,0.5107001869935591,Bumps
-0.008120649651972157,-0.014035087719298246,0.052016415108926545,0.052011300127353895,-0.18354430379746836,-0.125,-0.3684210526315789,-0.2913573168983804,-1.3076923076923077,-0.7272727272727273,-0.03669724770642202,0.0,0.9158896472171486,-0.6352497643732326,0.652771308802981,0.0,-0.08559010364426635,0.045654565456545525,0.0,-0.23029302517540262,-0.1076970825574176,-0.4456923709080945,-0.33219337789522774,-0.9837837837837837,-0.22376895906918756,Other_Faults
-0.07192575406032482,-0.06666666666666667,2.115706217304024,2.1157340047002346,0.9746835443037974,0.7083333333333334,0.47368421052631576,0.9354736992976924,-0.6923076923076923,-0.09090909090909091,-0.05504587155963303,2.6,1.0337402672306062,0.2728557964184731,0.7454587796925946,0.9610389610389607,-0.37913741223671027,-0.2981298129812983,1.0,0.7078002476269085,0.7091868404717571,0.4317216819613752,-0.13508471941551375,-0.1607207207207206,0.9237481820070641,Other_Faults
-0.12877030162412992,-0.13801169590643275,-0.37489212004297845,-0.3749006321413047,-0.08860759493670886,-0.4583333333333333,-0.15789473684210525,-0.16115809087000144,-0.6923076923076923,-0.45454545454545453,0.9571865443425076,0.2,0.7453619148322597,-0.6823751178133833,0.07056357708430368,-0.37662337662337664,1.0287529254429955,0.045654565456545525,1.0,-0.10379694593479158,-0.35350713842333914,-0.07670182166826471,0.31540494326130886,-0.5614414414414414,-0.17639725742779963,Other_Faults
-0.505800464037123,-0.5111111111111111,0.5407014445527262,0.5407021004846706,-0.25316455696202533,-0.16666666666666666,-0.3684210526315789,-0.22439443887057475,0.6153846153846154,0.45454545454545453,0.9724770642201835,0.0,0.0024992790541189416,0.30725730442978333,-0.026548672566371605,0.0909090909090908,0.8321631561350719,-0.4543454345434545,0.0,-0.3357408171687995,0.2799503414028555,-0.5591014929461718,-0.7856365614798694,0.4281081081081081,-0.14897153542489086,Other_Faults
0.605568445475638,0.6093567251461989,-0.2707967049871701,-0.27079651276996963,0.5632911392405063,1.625,1.105263157894737,0.6652142754765659,0.5,0.5454545454545454,-0.04281345565749235,2.1,-0.5942516581755263,0.6950989632422242,-0.19725197950628787,0.38961038961038946,-1.4229354730859245,-1.364686468646865,1.0,0.4731737515476677,0.2799503414028555,0.7075743048897413,0.49417068241877815,0.45477477477477485,0.8213172657386244,Bumps
0.1345707656612529,0.15555555555555556,-0.15954610740715225,-0.15955237064165276,0.7974683544303798,0.875,0.3684210526315789,0.9882757632220152,0.8076923076923077,0.7272727272727273,-0.03669724770642202,-0.4,0.5065846390464287,0.38454288407163045,-0.5230554261760596,2.1038961038961035,0.39184219324640573,-2.374587458745875,0.0,0.6141147338010722,1.2960893854748607,-0.15888234488426262,-1.1170526970309342,0.7200000000000001,0.8520673176812797,Other_Faults
0.654292343387471,0.6549707602339181,-0.3423674634575546,-0.3423145486115585,4.177215189873418,1.9166666666666667,6.2631578947368425,2.910763938655583,-1.3076923076923077,-2.8181818181818183,-0.06422018348623854,0.0,-0.7242141689897145,0.7186616399622996,-1.2510479739170939,0.10389610389610371,-1.6659979939819458,-0.19526952695269517,1.0,1.6287659925711921,0.0,2.501575126694975,1.1975750038862119,-1.641081081081081,1.3484313318096819,Other_Faults
-0.19953596287703015,-0.20701754385964913,-0.47765379435042987,-0.47766520835102866,-0.17721518987341772,-0.25,-0.3157894736842105,-0.18242797764081983,-0.38461538461538464,0.45454545454545453,0.9724770642201835,-0.2,0.6023262520426799,-0.37323279924599423,0.8467629250116443,-0.22077922077922077,0.36008024072216654,0.045654565456545525,0.5,-0.22121337185307502,-0.1076970825574176,-0.3421449116559377,-0.20270480335768692,0.0331531531531532,-0.19239559526282984,Bumps
0.6740139211136891,0.6736842105263158,-0.2030572956302635,-0.20306464544838013,-0.13924050632911392,-0.20833333333333334,-0.21052631578947367,-0.24520567579188762,-0.8461538461538461,-0.2727272727272727,0.9847094801223242,0.2,0.011919638565798293,-0.3030160226201694,0.6676758267349793,-0.22077922077922077,0.1929120695419591,-0.3470847084708474,1.0,-0.1690053652496906,-0.1076970825574176,-0.24708943980276699,-0.08316493082543136,-0.9073873873873874,-0.15998337835030127,Bumps
0.9303944315545244,0.9368421052631579,-0.49057414488863316,-0.4905778364247924,0.569620253164557,0.625,0.7368421052631579,0.5409774974917586,-0.07692307692307693,-0.2727272727272727,0.9724770642201835,4.6,-0.5065846390464288,0.5212064090480679,-0.10200279459711215,0.0909090909090908,-0.8288197927114677,-0.8135313531353139,1.0,0.4773008666941798,0.2799503414028555,0.6226544308998772,0.43059225866625217,-0.13549549549549536,0.7330147517141076,Other_Faults
-0.8897911832946636,-0.9111111111111111,-0.4007575395007623,-0.4007437699015118,0.12658227848101267,-0.5416666666666666,2.1052631578947367,-0.00751039128565286,-1.3076923076923077,-0.5454545454545454,-0.06422018348623854,0.0,-0.7497837162357011,0.494344957587182,-1.281322775966465,-0.6623376623376623,-0.22500835840855907,0.045654565456545525,1.0,0.13021048287247197,-1.2877094972067036,1.5321188878235867,1.2177833048344473,-0.8605405405405403,0.2674007895283607,Other_Faults
-0.7238979118329466,-0.7228070175438597,-0.2790000520663778,-0.2790073285685848,0.4936708860759494,0.5416666666666666,0.0,0.5281926329367923,0.23076923076923078,0.0,-0.04892966360856269,2.1,-0.3449005094684225,0.08529688972667294,0.03679552864462049,1.0519480519480515,-0.05282514209294562,-0.8712871287128714,0.0,0.42653735039207513,0.7690875232774673,-0.07670182166826471,-0.7433545779574071,0.1621621621621622,0.4568875960939122,Other_Faults
0.2923433874709977,0.2935672514619883,0.6184070949117475,0.6184061224538095,-0.5,-0.16666666666666666,-0.6842105263157895,-0.4923032822129855,0.5,1.1818181818181819,-0.024464831804281346,0.2,0.1818706142458905,0.01272384542884088,-0.7543083372147182,0.3766233766233765,0.8321631561350719,0.045654565456545525,0.0,-0.8605035080478748,0.2799503414028555,-1.3836460758800169,-1.271413026581688,0.4129729729729731,-0.3442759193849989,Other_Faults
-0.7540603248259861,-0.7719298245614035,-0.13086962947146316,-0.13087657506109332,-0.45569620253164556,-0.4583333333333333,-0.3157894736842105,-0.4569299125698724,0.34615384615384615,0.45454545454545453,0.9663608562691132,-0.2,-0.48351437085456106,-0.2426955702167765,-0.12366092221704689,-0.6103896103896104,0.025743898361751682,0.045654565456545525,1.0,-0.7408171687990097,-0.8342644320297948,-0.3421449116559377,0.44504896626768226,0.19459459459459466,-0.33596509453563256,Bumps
0.1531322505800464,0.14385964912280702,1.1750087697661589,1.1750202285743436,-0.379746835443038,-0.375,-0.15789473684210525,-0.3779848072237351,0.46153846153846156,0.0,0.9724770642201835,0.0,1.0341247717004707,0.22855796418473154,-0.24010246856078243,-0.5324675324675324,-0.08559010364426635,0.045654565456545525,1.0,-0.5668592653735041,-0.6542520173805085,-0.07670182166826471,0.5227732006839734,0.18882882882882893,-0.25368792852690625,Other_Faults
-0.6705336426914154,-0.6795321637426901,-0.42610860625669567,-0.42611883015334273,-0.41139240506329117,-0.041666666666666664,-0.21052631578947367,-0.36055611294252543,0.8846153846153846,1.2727272727272727,-0.03058103975535168,-0.6,-0.21705277323848884,1.268143261074458,0.68048439683279,0.19480519480519473,0.025743898361751682,-0.3470847084708474,0.0,-0.6353693768056132,0.09993792675356922,-0.24708943980276699,-0.31369501010415046,0.9751351351351351,-0.08560149594847291,Other_Faults
-0.6415313225058005,-0.6280701754385964,0.25745509011953704,0.257454725991897,0.5126582278481012,1.875,1.4736842105263157,0.7228321628206966,0.8846153846153846,1.4545454545454546,-0.03669724770642202,-0.6,-0.1457271940786312,0.9095193213949102,-0.42361434559850947,1.9999999999999996,-0.6429287863590772,-3.661166116611662,0.0,0.4393314073462646,1.2557417752948479,-0.07670182166826471,-1.050520752370589,0.9837837837837837,0.8984001662164969,Other_Faults
0.0,0.004678362573099415,-0.25356168209111196,-0.25356968267237545,-0.2848101265822785,0.2916666666666667,0.10526315789473684,-0.234140748172567,0.7692307692307693,1.2727272727272727,-0.03669724770642202,-0.6,0.8707103720080743,1.4665409990574925,-0.040288775034932424,0.857142857142857,0.1929120695419591,-1.87953795379538,0.0,-0.38815517952950906,0.6464928615766609,-0.24708943980276699,-0.7949634696098243,0.7178378378378378,0.20880947434032832,Other_Faults
-0.49071925754060325,-0.504093567251462,0.6463846211697685,0.6463855869994365,-0.5189873417721519,-0.4583333333333333,-0.5263157894736842,-0.5404041851798768,0.0,0.0,-0.06116207951070336,0.2,0.22704988945496482,-0.11168708765315737,0.5880298090358642,-0.28571428571428575,-0.1651621531260448,0.045654565456545525,0.0,-0.917044985555097,-0.49565487274984427,-0.8245445829338448,-0.3754080522306855,-0.17585585585585567,-0.3606897984624973,Other_Faults
0.010440835266821345,0.03976608187134503,-0.31609077220749343,-0.31608064502132516,6.924050632911392,2.3333333333333335,1.894736842105263,5.60762505374803,-2.269230769230769,-1.0,0.8562691131498471,0.2,1.0541190041334227,0.10084825636192284,0.5139729855612484,2.155844155844155,-0.49114008692744904,-0.2981298129812983,1.0,2.0220800660338414,1.5810055865921788,1.3315984111765515,0.01943105860407277,-1.1279279279279277,1.3486391024309161,Other_Faults
0.14965197215777262,0.14035087719298245,-0.12995136789944772,-0.1299556720080972,-0.3987341772151899,-0.375,-0.05263157894736842,-0.37007309731976495,0.6923076923076923,0.7272727272727273,-0.06116207951070336,-0.6,0.5281168893588386,0.6470311027332705,-0.3861201676758267,-0.37662337662337664,-0.08559010364426635,0.045654565456545525,1.0,-0.6073049938093276,-0.6542520173805085,0.07231886043007804,0.6202393906420022,0.6075675675675676,-0.2133804280074797,Bumps
-0.8039443155452436,-0.8233918128654971,0.823769511086194,0.8237759181484957,-0.4177215189873418,-0.3333333333333333,-0.21052631578947367,-0.43944388705747456,0.07692307692307693,-0.09090909090909091,-0.04892966360856269,0.0,-0.5402287801595693,-0.579170593779453,-0.48393106660456453,-0.5714285714285714,-0.7716482781678368,0.045654565456545525,1.0,-0.6496079240610815,-1.0418994413407816,-0.15888234488426262,0.6855277475516868,-0.157117117117117,-0.33596509453563256,Other_Faults
0.0069605568445475635,0.019883040935672516,0.626608338298923,0.6266116789545778,0.5,0.5416666666666666,0.2631578947368421,0.7072953991686971,0.7307692307692307,1.4545454545454546,0.8990825688073395,0.6,1.0322022493511485,0.21913289349670137,-0.4007918025151374,1.0389610389610386,0.4386492811768638,-2.3459845984598466,0.0,0.4308708212959133,1.034450651769088,-0.24708943980276699,-1.0354422508938286,0.9809009009009008,0.5206731768127987,Other_Faults
0.4988399071925754,0.4982456140350877,-0.5191706825271021,-0.5191768462567868,-0.0379746835443038,0.375,0.5263157894736842,-0.02683101619607281,0.46153846153846156,0.0,0.06116207951070336,1.0,-0.2422378160146111,0.9764373232799243,-0.16581276199347914,0.06493506493506476,-0.8659311267134737,-0.936743674367437,1.0,-0.04292199752373167,0.0,0.4317216819613752,0.4731851391263796,0.1434234234234235,0.2985663827134843,Other_Faults
0.36078886310904873,0.3672514619883041,1.549991874489526,1.5500118465684003,0.1518987341772152,0.6666666666666666,0.8947368421052632,0.17789881037695285,0.19230769230769232,0.45454545454545453,-0.03058103975535168,0.2,0.0,1.2714420358152683,0.6350721937587334,0.766233766233766,-0.5075225677031094,-1.9972497249724976,1.0,0.15394139496491901,0.5806952203600249,0.37885221202575026,-0.06140214518886988,0.19459459459459466,0.7558695200498649,Bumps
-0.4419953596287703,-0.45614035087719296,0.13445379477116826,0.134448690158723,-0.4873417721518987,-0.4583333333333333,-0.47368421052631576,-0.49499785007883046,0.19230769230769232,0.5454545454545454,0.764525993883792,0.0,0.16418340863212527,-0.43873704052780366,0.5880298090358642,-0.5064935064935066,0.36008024072216654,0.045654565456545525,1.0,-0.8245976062732151,-0.6542520173805085,-0.6845637583892618,-0.030001554484688303,0.09801801801801811,-0.3606897984624973,Bumps
0.9292343387470998,0.928654970760234,-0.1843649400789621,-0.18437310090041809,-0.2468354430379747,-0.375,-0.3684210526315789,-0.3575175576895514,-0.6538461538461539,-2.1818181818181817,0.8501529051987767,0.2,-0.577525713736422,-0.9137606032045238,0.6350721937587334,-0.36363636363636365,0.47141424272818455,0.045654565456545525,1.0,-0.3256293850598434,-0.35350713842333914,-0.4456923709080945,-0.06140214518886988,-1.116396396396396,-0.2775815499688344,Other_Faults
-0.12296983758700696,-0.13450292397660818,0.5964540167106777,0.5964559169598944,-0.37341772151898733,-0.4166666666666667,-0.3684210526315789,-0.4367493191916296,-0.6538461538461539,-1.0,-0.03669724770642202,1.0,1.1162164760165334,-0.7959472196041467,0.21169073125291102,-0.37662337662337664,0.11701771982614483,0.045654565456545525,1.0,-0.5536524969046639,-0.6542520173805085,-0.4456923709080945,0.2212031711487642,-0.7416216216216215,-0.32723872844379803,Bumps
0.58584686774942,0.5859649122807018,0.47623432815176453,0.4762357311962352,-0.05063291139240506,-0.16666666666666666,-0.2631578947368421,-0.09069800773971622,-0.46153846153846156,0.45454545454545453,-0.04281345565749235,0.6,-0.5377295011054503,-0.44721960414703094,0.8467629250116443,0.10389610389610371,0.2420595118689402,0.045654565456545525,0.5,-0.057779612051176266,0.0,-0.24708943980276699,-0.20270480335768692,-0.27171171171171155,-0.12362351963432369,Bumps
-0.834106728538283,-0.7812865497076024,-0.26344324948893433,-0.26345716262458946,0.0189873417721519,1.9583333333333333,-0.7894736842105263,0.11896230471549377,-1.5769230769230769,5.7272727272727275,-0.44954128440366975,-0.6,-0.5994424685186964,-1.6399622997172474,-1.4136003726129485,6.051948051948051,1.0287529254429955,-1.7876787678767885,0.0,0.020841931489888558,2.2302917442582246,-2.4739076838789216,-1.7114876418467277,0.7942342342342343,-0.2133804280074797,Other_Faults
-0.8607888631090487,-0.8807017543859649,-0.5223956424123247,-0.5224050032752278,-0.4050632911392405,-0.375,-0.05263157894736842,-0.25414934785724524,2.0,3.5454545454545454,-0.06422018348623854,2.6,-0.6788426415457078,-0.057492931196983905,-0.66022356776898,-0.5714285714285714,-0.6429287863590772,0.045654565456545525,1.0,-0.6211308295501445,-1.0418994413407816,0.07231886043007804,0.8032022384579512,2.4944144144144142,-0.2962809058799085,Other_Faults
0.8433874709976799,0.8444444444444444,-0.2637314552973332,-0.2637406387785386,-0.16455696202531644,-0.25,-0.3684210526315789,-0.2902106922746166,-0.6923076923076923,-1.5454545454545454,0.9847094801223242,0.2,-0.31894645775257136,-0.7422243166823748,0.652771308802981,-0.22077922077922077,0.36008024072216654,0.045654565456545525,0.0,-0.203466776723071,-0.1076970825574176,-0.4456923709080945,-0.33219337789522774,-1.1293693693693694,-0.22376895906918756,Bumps
-0.24129930394431554,-0.24912280701754386,0.48738126630690026,0.48738176112321774,-0.33544303797468356,-0.25,-0.3684210526315789,-0.35906550093163253,-0.23076923076923078,1.1818181818181819,-0.0672782874617737,0.2,0.8399500144189174,0.2214891611687089,0.652771308802981,0.012987012987012906,0.36008024072216654,0.045654565456545525,0.0,-0.4789517127527861,-0.1076970825574176,-0.4456923709080945,-0.33219337789522774,-0.1693693693693693,-0.22376895906918756,Bumps
-0.5498839907192575,-0.5497076023391813,-0.00247657144479991,-0.0024734477774075816,0.5189873417721519,0.8333333333333334,0.5789473684210527,0.764339974200946,0.9230769230769231,1.9090909090909092,0.9785932721712538,0.2,-0.08478323560511394,1.2163053722902921,0.26455519329296706,0.46753246753246736,-0.6021397525911067,-0.14411441144114415,1.0,0.44366487825010276,0.6464928615766609,0.6659361731269694,0.1859163687237681,1.1437837837837836,1.0795761479326824,Bumps
-0.5417633410672854,-0.552046783625731,0.850293912073036,0.8503001349798792,-0.02531645569620253,-0.375,-0.21052631578947367,-0.06180306722086857,-0.38461538461538464,-0.18181818181818182,0.8623853211009175,0.6,-0.053253869076228005,-0.8468426013195095,0.6676758267349793,-0.20779220779220786,1.0287529254429955,-0.3470847084708474,1.0,-0.028477094510937377,-0.1076970825574176,-0.24708943980276699,-0.08316493082543136,-0.237117117117117,-0.15998337835030127,Other_Faults
0.6496519721577726,0.6409356725146199,0.5332990782147439,0.5333017424842662,-0.4620253164556962,-0.4166666666666667,-0.21052631578947367,-0.4790024365773255,0.2692307692307692,-0.2727272727272727,-0.06116207951070336,-0.6,-0.687301739882726,-0.8034872761545708,-0.6504424778761062,-0.6623376623376623,-0.7950518221330658,0.045654565456545525,1.0,-0.7569129178704088,-1.2877094972067036,-0.15888234488426262,0.7966734027669828,-0.08144144144144126,-0.36484521088718047,Bumps
0.5046403712296984,0.5052631578947369,-0.39940433960110844,-0.3994136934760251,0.056962025316455694,-0.25,-0.15789473684210525,0.12974057617887344,0.5384615384615384,0.6363636363636364,0.9724770642201835,-0.2,0.33201960972796296,-0.39491046182846357,0.8467629250116443,-0.06493506493506498,0.805750585088599,-0.32123212321232136,0.5,0.0608749484110599,0.09993792675356922,-0.15888234488426262,-0.20270480335768692,0.5607207207207208,-0.04342405983793886,Other_Faults
1.0464037122969838,1.0467836257309941,-0.3115741454145562,-0.3115807897834984,-0.23417721518987342,-0.2916666666666667,-0.05263157894736842,-0.41083560269456787,-1.1923076923076923,-2.272727272727273,0.9602446483180428,1.6,-0.7292127270979524,0.3765315739868049,-0.11224965067536102,-0.37662337662337664,0.07355399531929127,0.045654565456545525,1.0,-0.30581923235658287,-0.35350713842333914,0.07231886043007804,0.43743199129488575,-1.8061261261261259,-0.12071473093704546,Other_Faults
-0.4037122969837587,-0.41754385964912283,-0.41439104163785045,-0.41439164781427523,0.36075949367088606,-0.25,0.6842105263157895,0.3422674501934929,0.07692307692307693,-0.2727272727272727,0.9571865443425076,2.6,0.20513313467269045,-0.6163996229971722,-0.8809967396367024,-0.5324675324675324,-0.5315947843530592,0.045654565456545525,1.0,0.3301692117210063,-0.6542520173805085,0.7870154773318729,0.950567386911239,-0.09153153153153144,0.12403906087679208,Other_Faults
-0.8897911832946636,-0.9005847953216374,-0.02196464850724643,-0.02191391633877136,5.493670886075949,1.0,5.368421052631579,3.7006736419664614,-1.3846153846153846,-1.9090909090909092,0.9571865443425076,0.2,-0.7497837162357011,0.0819981149858625,-1.2079646017699115,-0.06493506493506498,-1.2744901370779003,0.0,1.0,1.8388361535286826,0.09993792675356922,2.3873441994247377,1.1689724856210166,-1.8349549549549546,1.3484313318096819,Other_Faults
-0.154292343387471,-0.15087719298245614,2.237438986357031,2.237467816384238,1.3164556962025316,0.375,0.3684210526315789,1.2316468396158808,-0.6153846153846154,0.0,-0.03669724770642202,-0.6,1.04008459098337,-0.5282752120640902,0.7410340009315326,0.857142857142857,0.025743898361751682,-0.6144114411441146,1.0,0.8648369789517121,0.6464928615766609,0.37885221202575026,-0.1321311985076947,-0.28180180180180175,0.8159152295865365,Bumps
-0.030162412993039442,-0.03274853801169591,-0.22829476301646298,-0.22828876385200442,1.6708860759493671,-0.08333333333333333,1.105263157894737,1.494567865844919,-0.6923076923076923,0.0,-0.04281345565749235,1.6,0.9578006344323751,-0.25871819038642757,-0.5863996273870516,0.28571428571428553,0.32497492477432277,0.045654565456545525,1.0,1.003095336359884,0.19304779639975178,1.060128749486372,0.7539250738380227,-0.48288288288288267,1.0747974236442965,Other_Faults
-0.8897911832946636,-0.9017543859649123,-0.4680299292265408,-0.4680254413274047,0.7911392405063291,0.625,1.4736842105263157,1.197018775978214,1.2307692307692308,2.1818181818181817,0.9571865443425076,2.6,-0.7497837162357011,0.715362865221489,-0.7612948299953424,-0.14285714285714288,-1.1073219658976932,-0.43289328932893295,1.0,0.6106066859265363,0.0,1.1483358444048766,0.8706668739312918,1.558198198198198,1.006856430500727,Other_Faults
-0.35846867749419953,-0.30994152046783624,0.9586845403354022,0.9586995229027958,2.6265822784810124,2.5,1.4736842105263157,2.506980077397162,-0.07692307692307693,-0.7272727272727273,-0.07339449541284404,0.0,0.5546476977794865,1.345428840716305,-0.45132743362831856,4.727272727272726,0.20327649615513194,-2.226072607260727,0.0,1.295088732975649,2.0837988826815645,0.6226544308998772,-1.069174568630499,-0.26954954954954946,1.3484313318096819,Other_Faults
0.7064965197215777,0.7017543859649122,1.2719910761384,1.2720037845907306,-0.4050632911392405,-0.2916666666666667,-0.15789473684210525,-0.43961588075103913,-0.15384615384615385,-1.0,0.9663608562691132,-0.2,-0.05363837354609253,0.3859566446748351,-0.24010246856078243,-0.5324675324675324,-0.4042126379137412,0.045654565456545525,1.0,-0.6211308295501445,-0.6542520173805085,-0.07670182166826471,0.5227732006839734,-0.35171171171171156,-0.25368792852690625,Other_Faults
-0.8689095127610209,-0.8701754385964913,0.5705991157130543,0.5705964753763619,-0.46835443037974683,0.041666666666666664,-0.7894736842105263,-0.4557832879461086,-0.3076923076923077,2.8181818181818183,0.9724770642201835,0.0,-0.7088339901951359,-0.956644674835061,-1.1644154634373547,0.5454545454545452,1.0287529254429955,0.045654565456545525,0.0,-0.7734213784564592,0.7091868404717571,-1.9915080126010138,-1.5451577801958651,0.4562162162162162,-0.3727404944940784,Other_Faults
-0.8897911832946636,-0.9005847953216374,-0.009784271641337338,-0.00974179740185427,3.962025316455696,1.4166666666666667,4.631578947368421,2.698466389565716,-1.2307692307692308,-1.9090909090909092,0.9571865443425076,0.2,-0.14851485148514856,0.434967012252592,-1.1655798789007918,-0.06493506493506498,-1.4633901705115346,-0.11001100110011013,1.0,1.589352042921997,0.09993792675356922,2.215312970825915,1.1405254158246543,-1.7073873873873873,1.3476002493247454,Other_Faults
0.3491879350348028,0.34269005847953216,-0.45237109758554006,-0.45238376360087296,-0.43037974683544306,-0.375,-0.3684210526315789,-0.4411064927619321,0.15384615384615385,0.0,0.9571865443425076,0.0,0.6405844467941937,-0.5914231856738924,0.8467629250116443,-0.45454545454545453,0.1929120695419591,-0.9543454345434544,0.5,-0.6791167973586465,-0.49565487274984427,-0.6845637583892618,-0.20270480335768692,0.020900900900900996,-0.3421982131726573,Other_Faults
0.32018561484918795,0.34152046783625734,1.7620035352544599,1.762027816952242,0.5063291139240507,1.7916666666666667,1.631578947368421,0.5066934212412212,0.038461538461538464,0.5454545454545454,-0.03058103975535168,0.2,0.06209747188311062,1.7111215834118754,0.28225430833721493,1.9999999999999996,-0.5907723169508527,-2.648514851485149,0.0,0.4352042921997515,1.2557417752948479,0.5308861799753459,-0.5795118918078658,-0.0014414414414412825,1.2869312279243714,Bumps
0.5962877030162413,0.5906432748538012,-0.4397615675450808,-0.43977354515330724,-0.45569620253164556,-0.5,-0.42105263157894735,-0.4997563422674502,-0.23076923076923078,-0.9090909090909091,-0.024464831804281346,0.6,-0.5331154474670766,-0.3996229971724786,0.3809967396367026,-0.37662337662337664,0.657305249080575,0.045654565456545525,1.0,-0.7408171687990097,-0.6542520173805085,-0.5591014929461718,0.10819213430747711,-0.5563963963963963,-0.3442759193849989,Other_Faults
0.3271461716937355,0.3216374269005848,-0.14982652429580223,-0.14983424008010962,-0.3670886075949367,-0.375,-0.3684210526315789,-0.4099183029955568,-0.5,-0.18181818181818182,0.9571865443425076,0.6,0.6815341728347591,-0.09990574929311966,0.6350721937587334,-0.37662337662337664,0.47141424272818455,0.045654565456545525,1.0,-0.5408584399504749,-0.35350713842333914,-0.4456923709080945,-0.06140214518886988,-0.4446846846846845,-0.2775815499688344,Other_Faults
0.17749419953596288,0.16842105263157894,0.42797247739714395,0.4279711548550288,-0.4810126582278481,-0.5,-0.47368421052631576,-0.4937938942238785,0.23076923076923078,-0.09090909090909091,-0.04892966360856269,-0.6,0.46774968759011804,-0.5042412818096134,0.5880298090358642,-0.37662337662337664,0.657305249080575,0.045654565456545525,1.0,-0.8072637226578624,-0.6542520173805085,-0.6845637583892618,-0.030001554484688303,-0.002162162162162124,-0.3606897984624973,Bumps
-0.35962877030162416,-0.3730994152046784,0.02026486534530264,0.020258815306344897,-0.43037974683544306,-0.5,-0.42105263157894735,-0.4402465242941092,-0.11538461538461539,0.6363636363636364,-0.03058103975535168,0.0,0.5384985100451792,-0.6352497643732326,0.3809967396367026,-0.37662337662337664,0.657305249080575,0.045654565456545525,1.0,-0.6791167973586465,-0.6542520173805085,-0.5591014929461718,0.10819213430747711,0.034594594594594685,-0.3442759193849989,Other_Faults
0.1531322505800464,0.14269005847953217,-0.10731827124899877,-0.10731807628558934,0.06962025316455696,-0.2916666666666667,0.3684210526315789,0.12406478429124265,0.5,0.5454545454545454,-0.05504587155963303,-0.6,0.5261943670095163,-0.8440150801131006,-0.8299953423381462,-0.4675324675324676,-0.6429287863590772,0.045654565456545525,1.0,0.07387536112257449,-0.8342644320297948,0.5308861799753459,0.9165241722369035,0.42162162162162165,-0.10617078745065442,Other_Faults
-0.7621809744779582,-0.7801169590643274,-0.5038626415324555,-0.5038665042946111,-0.0759493670886076,-0.125,0.5263157894736842,0.31566575892217286,2.576923076923077,4.909090909090909,-0.06422018348623854,0.6,-0.43718158223589343,0.006597549481621169,-0.8782021425244528,-0.4675324675324676,-1.0143764627214977,-0.15071507150715063,1.0,-0.08811390837804456,-0.8342644320297948,0.6226544308998772,0.9487020052852481,3.3765765765765763,-0.06482443382505713,Other_Faults
-0.33178654292343385,-0.3286549707602339,0.15461084589982535,0.15461546775274673,0.7278481012658228,0.9166666666666666,0.8421052631578947,0.7394008886340834,0.34615384615384615,-0.09090909090909091,0.6972477064220184,-0.6,0.4046909545323464,0.9712535344015077,0.41546343735444813,0.6363636363636362,-0.604145770645269,-1.086908690869087,1.0,0.574494428394552,0.7091868404717571,0.6226544308998772,0.08518576092025495,0.03171171171171182,1.088718055266985,Other_Faults
-0.7447795823665894,-0.7426900584795322,-0.3641243723766303,-0.3641332716593006,0.26582278481012656,0.75,0.10526315789473684,0.46082843629066933,1.0769230769230769,1.2727272727272727,-0.03669724770642202,0.6,-0.39680861290012487,0.5146088595664468,-0.12366092221704689,1.1428571428571428,-0.257104647275159,-1.6045104510451051,0.0,0.2542302930251748,0.8265052762259472,-0.15888234488426262,-0.8504585729830562,1.1416216216216215,0.4261375441512571,Bumps
-0.4385150812064965,-0.4444444444444444,1.59011138523387,1.590124511246877,-0.2911392405063291,-0.20833333333333334,-0.47368421052631576,-0.28654149347857244,0.19230769230769232,0.0,0.8379204892966361,0.2,0.1578390848793617,-0.32092365692742686,-0.24010246856078243,0.038961038961038946,0.8197927114677364,-0.5654565456545656,0.0,-0.3990920346677676,0.19304779639975178,-0.8245445829338448,-0.9281828073993471,0.17585585585585586,-0.25368792852690625,Bumps
0.9767981438515081,0.9730994152046784,0.06312233126943614,0.06311578160134575,-0.6075949367088608,-0.5,-0.5263157894736842,-0.649849505518131,-0.38461538461538464,-1.5454545454545454,0.9602446483180428,-0.2,-0.5857925598385081,0.20640904806786048,0.5556590591523057,-0.6103896103896104,0.2858575727181545,0.045654565456545525,1.0,-1.2424680148576144,-0.8342644320297948,-0.8245445829338448,-0.008394217316959409,-0.8554954954954954,-0.39206316226885507,Bumps
-0.018561484918793503,-0.02456140350877193,-0.3286398211020296,-0.3286398482797757,0.5316455696202531,0.7083333333333334,0.7368421052631579,0.5439013902823563,-0.19230769230769232,-0.18181818181818182,-0.04892966360856269,2.1,0.9349226184754394,0.12393967954759678,-0.5505356311131812,0.0,-1.2587763289869607,-0.2981298129812983,1.0,0.4521254643004531,-0.1076970825574176,0.7478427612655807,0.7299860096378051,0.05189189189189197,0.5073758570538125,Bumps
-0.4361948955916473,-0.4257309941520468,0.1384413430180302,0.13844102315432175,0.006329113924050633,1.125,0.8947368421052632,0.10772538340260857,0.6538461538461539,2.090909090909091,-0.01834862385321101,0.2,0.34913005863693153,1.7346842601319508,-0.03656264555193279,1.61038961038961,-0.29455031761952544,-2.625962596259627,0.0,0.007016095749070624,1.0816263190564865,0.14025475962197,-0.7923208456396705,0.8180180180180181,0.9586536463744026,Bumps
-0.2900232018561485,-0.1847953216374269,-0.03520107877327407,-0.03520416199794414,5.234177215189874,4.791666666666667,3.263157894736842,5.167034542066791,0.15384615384615385,-0.7272727272727273,0.8929663608562691,-0.6,0.44333365375372485,0.47031102733270486,-1.1187703772706101,7.350649350649349,0.36509528585757256,-4.286028602860287,0.0,1.8010730499380923,2.8662321539416507,0.07231886043007804,-1.5146898803046789,-0.13549549549549536,1.3486391024309161,Other_Faults
-0.1345707656612529,-0.13801169590643275,5.312602850818258,5.312671305192057,0.6962025316455697,0.08333333333333333,0.21052631578947367,0.6356313601834599,-0.6538461538461539,0.0,-0.03058103975535168,-0.6,1.0854561184273765,-0.4995287464655983,0.10572892408011178,0.28571428571428553,-0.1340688732865263,0.045654565456545525,1.0,0.5559224102352447,0.19304779639975178,0.37885221202575026,0.291932224467589,-0.2630630630630629,0.4055682526490755,Bumps
0.5893271461716937,0.6035087719298246,-0.08695032499412281,-0.08696038617972231,-0.34810126582278483,0.2916666666666667,-0.21052631578947367,-0.29709044001719936,0.6153846153846154,1.4545454545454546,0.9724770642201835,1.46,0.14111314044025752,0.1470311027332705,-1.016301816488123,0.7792207792207791,0.6706787027749915,-3.4906490649064916,0.0,-0.5033016921172104,0.8814400993171942,-1.3836460758800169,-1.446292554018343,0.8324324324324325,-0.24122169125285678,Other_Faults
0.382830626450116,0.38596491228070173,1.7693548870606637,1.7693834709209477,0.6962025316455697,1.7083333333333333,1.2105263157894737,0.7227748315895084,0.038461538461538464,0.6363636363636364,-0.03669724770642202,0.2,-0.04960107661251559,0.9000942507068801,-0.2822543083372147,0.48051948051948046,-1.3978602474088933,-1.0275027502750282,1.0,0.5559224102352447,0.361887026691496,0.8612518833036573,0.5509093735426707,0.09657657657657663,1.03448992312487,Bumps
0.4733178654292343,0.495906432748538,-0.5146193448156351,-0.5146265017596295,1.0126582278481013,1.7083333333333333,0.8421052631578947,0.7657159237494625,-0.4230769230769231,0.0,-0.05504587155963303,-0.6,-0.33009708737864074,0.94062205466541,0.0,2.0129870129870127,-0.5349381477766634,-2.057755775577558,0.0,0.7267849773008662,1.2557417752948479,0.32351732639364505,-0.7679154360329551,-0.8677477477477475,1.2056929150218159,Other_Faults
0.14153132250580047,0.16023391812865498,5.989997996233339,5.990079912401135,3.6139240506329116,0.7083333333333334,0.7368421052631579,3.7414934785724525,-0.6538461538461539,0.45454545454545453,-0.04281345565749235,-0.6,0.49139671248678246,-0.42130065975494796,0.7741034000931534,1.9090909090909087,0.5008358408559007,-0.12596259625962616,0.0,1.5214609987618646,1.2141527001862202,0.7870154773318729,-0.25136017410228506,0.11963963963963975,1.3278620403075003,Bumps
0.6519721577726219,0.6502923976608187,-0.5449430136124652,-0.5449589761619695,-0.5632911392405063,-0.4166666666666667,-0.5789473684210527,-0.5611007596388132,0.5769230769230769,0.6363636363636364,-0.06422018348623854,2.6,-0.7128712871287127,-0.4425070688030158,-0.42361434559850947,-0.09090909090909102,1.0287529254429955,-1.525852585258526,0.0,-1.0650020635575734,-0.22501551831160702,-1.3836460758800169,-1.050520752370589,0.4021621621621622,-0.39393309785996256,Other_Faults
-0.3665893271461717,-0.35555555555555557,-0.19230059234708394,-0.1923035961237923,1.0443037974683544,1.2083333333333333,0.5789473684210527,1.5515551096459796,1.4615384615384615,2.1818181818181817,-0.03058103975535168,0.0,0.5215803133711427,0.6319509896324224,0.204238472286912,1.623376623376623,-0.3754597124707458,-1.4719471947194727,0.0,0.7422616591002881,1.0816263190564865,0.32351732639364505,-0.6315871288667807,0.05117117117117123,1.1105339704965715,Other_Faults
0.09976798143851508,0.09005847953216374,4.999708638653553,4.999766750140489,-0.3924050632911392,-0.5416666666666666,-0.42105263157894735,-0.391228321628207,0.07692307692307693,0.6363636363636364,-0.04281345565749235,-0.6,0.6609631836970103,-0.9886899151743634,0.3809967396367026,-0.37662337662337664,1.0287529254429955,0.045654565456545525,1.0,-0.5936855138258361,-0.6542520173805085,-0.5591014929461718,0.10819213430747711,0.18810810810810819,-0.3442759193849989,Other_Faults
0.3062645011600928,0.30526315789473685,-0.22480368608917867,-0.22481184204540405,-0.08227848101265822,-0.25,-0.3157894736842105,-0.16436863981654007,-1.0384615384615385,0.0,0.9602446483180428,0.0,0.7147938094780351,-0.32657869934024486,0.5139729855612484,-0.06493506493506498,0.805750585088599,0.045654565456545525,0.0,-0.09595542715641761,0.09993792675356922,-0.3421449116559377,-0.4248406653194466,-0.6385585585585584,-0.12632453771036767,Bumps
-0.12761020881670534,-0.1239766081871345,0.5711313497971778,0.5711408127035184,1.879746835443038,0.2916666666666667,0.42105263157894735,1.295456499928336,-1.8076923076923077,-0.2727272727272727,-0.05504587155963303,0.6,1.1131404402576177,-0.7690857681432608,0.3989287377736377,0.87012987012987,0.1929120695419591,0.045654565456545525,1.0,1.0755262071811797,0.6464928615766609,0.5777290782084651,0.09622260220736828,-1.3945945945945946,1.006856430500727,Bumps
-0.6334106728538283,-0.6339181286549708,1.524781229176736,1.5248108690753024,2.4746835443037973,0.5,1.2105263157894737,1.9423821126558694,-1.1538461538461537,-0.2727272727272727,-0.04281345565749235,2.6,-0.12496395270595019,0.05843543826578708,-0.28924080111783884,0.857142857142857,-0.18689401537947192,0.045654565456545525,1.0,1.2546430045398256,0.6464928615766609,1.1195726612792773,0.5555728276076481,-1.0587387387387384,1.2998130064408893,Bumps
0.3074245939675174,0.3064327485380117,-0.3388011795401224,-0.33881027845615413,-0.10759493670886076,0.125,-0.05263157894736842,0.015364769958434858,0.8846153846153846,1.4545454545454546,0.9663608562691132,1.6,0.7153705661828317,0.024976437323280046,0.68048439683279,-0.06493506493506498,-0.3644266131728518,-1.2486248624862488,0.0,-0.12773421378456468,0.09993792675356922,-0.24708943980276699,-0.31369501010415046,1.1553153153153153,-0.08560149594847291,Other_Faults
-0.060324825986078884,-0.0608187134502924,2.214807467475606,2.2148291688021606,-0.0759493670886076,-0.125,-0.42105263157894735,-0.10887200802637237,-0.2692307692307692,0.6363636363636364,0.8440366972477065,-0.02,0.9164664039219454,-0.6738925541941563,-0.24918490917559386,0.19480519480519473,0.842861919090605,-0.5044004400440045,0.0,-0.08811390837804456,0.361887026691496,-0.6845637583892618,-0.9342452976838178,-0.21765765765765746,-0.1682942031996676,Bumps
-0.5962877030162413,-0.6,-0.4294419062815718,-0.4294458619713058,0.43037974683544306,0.3333333333333333,0.47368421052631576,0.28694281209688977,-0.19230769230769232,-1.5454545454545454,0.9724770642201835,4.6,-0.1747572815533981,0.8463713477851084,0.19469026548672572,0.23376623376623368,-0.2393848211300568,-0.36193619361936247,1.0,0.38196450680973953,0.43885785226567403,0.5308861799753459,0.23255090937354272,-0.7171171171171169,0.7837107832952419,Other_Faults
0.33642691415313225,0.3298245614035088,-0.054388327875129046,-0.05439639170093318,-0.4810126582278481,-0.4166666666666667,-0.5263157894736842,-0.5385695857818547,-0.5384615384615384,-0.09090909090909091,-0.04281345565749235,4.6,0.08151494761126594,-0.5042412818096134,0.5880298090358642,-0.28571428571428575,0.42092945503176193,0.045654565456545525,0.0,-0.8072637226578624,-0.49565487274984427,-0.8245445829338448,-0.3754080522306855,-0.8475675675675673,-0.3606897984624973,Other_Faults
1.0011600928074247,1.0058479532163742,0.5608201033017972,0.5608220703278567,-0.08227848101265822,-0.16666666666666666,-0.3157894736842105,-0.24732693134585065,-1.0769230769230769,-1.0,0.9663608562691132,0.0,-0.6451985004325674,-0.32657869934024486,0.5139729855612484,-0.06493506493506498,0.4386492811768638,0.045654565456545525,0.0,-0.09595542715641761,0.09993792675356922,-0.3421449116559377,-0.4248406653194466,-1.347027027027027,-0.12632453771036767,Bumps
0.3480278422273782,0.34269005847953216,-0.3146528987035472,-0.31466273832179487,-0.2911392405063291,-0.2916666666666667,-0.3684210526315789,-0.34077683818259996,-0.19230769230769232,-1.0,1.033639143730887,0.6,0.6763433624915888,-0.6135721017907632,0.6350721937587334,-0.3896103896103897,0.07355399531929127,0.045654565456545525,1.0,-0.3990920346677676,-0.35350713842333914,-0.4456923709080945,-0.06140214518886988,-0.47351351351351334,-0.2775815499688344,Other_Faults
-0.2703016241299304,-0.2795321637426901,-0.15359476264831687,-0.1536014751278601,-0.31645569620253167,-0.041666666666666664,-0.2631578947368421,-0.21831732836462664,1.3076923076923077,1.9090909090909092,-0.03058103975535168,0.0,0.755551283283668,0.3284637134778512,0.4883558453656265,-0.09090909090909102,-0.4757606151788698,0.045654565456545525,1.0,-0.4438712340074293,-0.22501551831160702,-0.24708943980276699,0.036530390175656804,1.3672072072072072,-0.19509661333887382,Other_Faults
1.0556844547563806,1.0549707602339182,0.41930421437884025,0.4193054097926548,-0.22151898734177214,-0.3333333333333333,-0.21052631578947367,-0.5058334527733983,-2.0384615384615383,-3.909090909090909,0.9724770642201835,0.0,-0.7361338075555127,-0.579170593779453,0.015137401024685752,-0.45454545454545453,0.0,0.045654565456545525,1.0,-0.2862154354106484,-0.49565487274984427,-0.15888234488426262,0.35240167884346335,-2.9059459459459456,-0.23893621441928106,Other_Faults
0.9535962877030162,0.9555555555555556,1.0531140164266792,1.053124430516655,-0.25949367088607594,0.5,0.05263157894736842,-0.24990683674931918,0.5,0.0,0.9663608562691132,0.0,-0.5473421128520618,0.7639019792648446,0.26455519329296706,-0.22077922077922077,-1.0989635573386827,-0.8228822882288234,1.0,-0.34605860503508074,-0.1076970825574176,0.0,0.1859163687237681,0.21765765765765777,-0.05568252649075418,Other_Faults
0.9849187935034803,0.9836257309941521,0.3556149381067508,0.35562162402384145,0.06329113924050633,0.08333333333333333,0.42105263157894735,-0.32730399885337536,-1.8076923076923077,-3.909090909090909,0.8623853211009175,0.2,-0.6778813803710467,0.12016965127238462,-0.6758267349790406,-0.44155844155844154,-1.006352390504848,0.045654565456545525,1.0,0.06747833264548023,-0.49565487274984427,0.5777290782084651,0.8137727343385669,-2.741621621621621,0.07749844172034073,Other_Faults
0.12064965197215777,0.11578947368421053,-0.5087358441248352,-0.5087213621371052,1.7658227848101267,0.875,2.3684210526315788,1.3641393148917873,-0.4230769230769231,-1.7272727272727273,0.06116207951070336,3.0,0.6596174180524846,0.32139491046182855,-1.0312063344201212,-0.025974025974026038,-1.3594115680374457,-0.0418041804180421,1.0,1.0367313248039611,-0.1076970825574176,1.6115600602657176,1.050987097777087,-1.0118918918918915,1.2447537918138374,Other_Faults
-0.5707656612529002,-0.5672514619883041,0.04457250085331008,0.04457149739309754,1.2025316455696202,0.75,0.7368421052631579,1.4609144331374517,0.8076923076923077,1.1818181818181819,-0.03058103975535168,-0.6,0.025377295011054478,-0.38737040527803945,0.36166744294364234,1.1428571428571428,-0.257104647275159,-2.1886688668866894,0.0,0.8155179529508871,0.8265052762259472,0.20435556773044794,-0.5265039639359552,0.7668468468468468,0.7999168917515063,Other_Faults
0.3677494199535963,0.447953216374269,0.39708659690473275,0.39709276533617827,4.7594936708860756,3.6666666666666665,2.263157894736842,5.115837752615738,0.23076923076923078,0.6363636363636364,-0.04892966360856269,-0.6,-0.20897817937133517,0.817153628652215,-0.808570097810899,6.792207792207791,0.23136074891340663,-3.290979097909792,0.0,1.7278167560874942,2.4990689013035383,0.4823996712779077,-1.3076325198196797,0.33297297297297307,1.3486391024309161,Bumps
-0.41879350348027844,-0.42923976608187137,1.5654555886945487,1.5654710266596437,-0.2468354430379747,-0.2916666666666667,-0.2631578947368421,-0.15307438727246667,1.1538461538461537,1.4545454545454546,-0.012232415902140673,-0.6,0.38969528020763233,-0.03393025447690849,0.4883558453656265,-0.10389610389610393,0.3122701437646269,0.045654565456545525,1.0,-0.3256293850598434,-0.22501551831160702,-0.24708943980276699,0.036530390175656804,1.1394594594594596,-0.19509661333887382,Other_Faults
0.9524361948955916,0.9660818713450292,1.2118223284820442,1.2118405728006472,1.7721518987341771,0.375,0.47368421052631576,1.344990683674932,-1.4615384615384615,-0.18181818181818182,0.9663608562691132,0.0,-0.5677208497548782,-0.3378887841658811,0.41546343735444813,0.5454545454545452,0.1370779003677697,0.045654565456545525,1.0,1.0390012381345433,0.7091868404717571,0.6226544308998772,0.08518576092025495,-1.070990990990991,1.088718055266985,Bumps
0.05104408352668213,0.0456140350877193,1.0769099288478763,1.0769180199059165,-0.26582278481012656,-0.25,-0.3684210526315789,-0.2996130141894797,-0.15384615384615385,-0.2727272727272727,-0.05504587155963303,0.0,0.7615111025665672,-0.17106503298774736,0.652771308802981,0.0,0.36008024072216654,0.045654565456545525,0.0,-0.356376392901362,-0.1076970825574176,-0.4456923709080945,-0.33219337789522774,-0.2745945945945945,-0.22376895906918756,Other_Faults
-0.6345707656612529,-0.6491228070175439,1.0757492167691602,1.075756766941316,-0.46835443037974683,-0.4583333333333333,-0.42105263157894735,-0.47802780564712627,0.34615384615384615,-0.2727272727272727,0.9724770642201835,0.0,-0.24992790541190038,0.07163053722902941,0.6138798323241734,-0.45454545454545453,0.694416583082581,0.045654565456545525,1.0,-0.7734213784564592,-0.49565487274984427,-0.5591014929461718,-0.0472563345251049,0.05117117117117123,-0.32308331601911483,Other_Faults
-0.531322505800464,-0.5403508771929825,0.13985870552466342,0.1398531446262204,-0.4240506329113924,-0.2916666666666667,-0.42105263157894735,-0.4324494768525154,0.2692307692307692,-0.36363636363636365,0.7614678899082569,0.6,-0.01768720561376523,0.13524976437323277,-0.048905449464368936,-0.10389610389610393,0.7900367769976594,-1.0544554455445545,0.0,-0.664259182831201,0.0,-0.8245445829338448,-0.8005596144877973,0.05621621621621632,-0.2917099522127571,Other_Faults
-0.8747099767981439,-0.887719298245614,0.038776303381842715,0.038774699306219726,-0.006329113924050633,-0.25,0.05263157894736842,0.022989823706464095,0.6153846153846154,0.0,-0.0030581039755351682,-0.6,-0.7134480438335093,0.12818096135721016,0.07056357708430368,-0.012987012987013132,0.36008024072216654,-0.24367436743674376,1.0,-0.007016095749071541,-0.1076970825574176,0.14025475962197,0.31540494326130886,0.2753153153153154,0.01911489715354246,Other_Faults
-0.7726218097447796,-0.783625730994152,0.21990523919241367,0.2199038652946561,0.0759493670886076,-0.125,-0.21052631578947367,0.03692131288519421,-0.19230769230769232,0.0,0.764525993883792,0.0,-0.5106219359800057,-0.725730442978322,0.68048439683279,-0.10389610389610393,0.0999665663657637,0.045654565456545525,1.0,0.08027238959966967,0.0,-0.15888234488426262,-0.09171459661122336,-0.23783783783783782,-0.08560149594847291,Bumps
-0.03944315545243619,-0.05146198830409357,1.5638957010527401,1.5639095411288926,-0.4240506329113924,-0.4583333333333333,-0.42105263157894735,-0.449534183746596,-0.15384615384615385,-0.7272727272727273,0.8990825688073395,-0.6,0.9399211765836776,-1.2073515551366631,0.1481136469492315,-0.5974025974025974,0.025743898361751682,0.045654565456545525,1.0,-0.664259182831201,-0.8342644320297948,-0.5591014929461718,0.2636406031400591,-0.21909909909909894,-0.36484521088718047,Bumps
0.001160092807424594,0.1567251461988304,-0.3565847401335529,-0.35659669784466086,3.367088607594937,5.5,2.263157894736842,4.2815536763652,0.6923076923076923,2.6363636363636362,-0.04281345565749235,0.2,0.49985581082380076,0.30725730442978333,-1.3579413134606428,13.18181818181818,0.9632230023403544,-4.733223322332234,0.0,1.4698720594304575,3.296710117939168,-0.8245445829338448,-1.6743354577957408,1.3023423423423424,1.3434448369000622,Other_Faults
-0.3039443155452436,-0.3064327485380117,0.49915142322654815,0.4991483881961371,-0.6265822784810127,-0.125,-0.631578947368421,-0.627203669198796,0.8076923076923077,-0.09090909090909091,-0.04892966360856269,-0.4,0.6799961549553012,0.8892554194156456,-0.9340940847694458,0.48051948051948046,0.842861919090605,-1.7876787678767885,0.0,-1.3305819232356584,0.361887026691496,-1.6490891658676898,-1.3914192445204414,0.4742342342342343,-0.3687928526906295,Other_Faults
0.9524361948955916,0.9567251461988304,0.6783838806701732,0.6783910440468824,0.25949367088607594,-0.041666666666666664,0.05263157894736842,0.01490612010892934,-1.1923076923076923,-2.1818181818181817,0.8562691131498471,0.2,-0.6288570604633278,-0.09472196041470285,0.2338146250582209,-0.038961038961038946,0.025743898361751682,0.045654565456545525,1.0,0.24907139909203418,0.09993792675356922,0.20435556773044794,0.2064355666096689,-1.406126126126126,0.18491585289840018,Bumps
-0.8306264501160093,-0.8421052631578947,-0.20390876498025948,-0.20390402938474894,1.0696202531645569,1.5833333333333333,1.3157894736842106,1.1666905546796618,0.5769230769230769,0.0,-0.06422018348623854,0.0,-0.6048255310967988,-0.0914231856738924,-0.6411271541686074,0.10389610389610371,-1.5780675359411567,-0.8498349834983498,1.0,0.7544366487825002,0.0,0.9647993425558148,0.7904554640136796,0.2933333333333334,0.8317057968003323,Other_Faults
0.46751740139211134,0.4678362573099415,-0.005305511304978019,-0.005309261176468114,-0.0949367088607595,0.25,0.0,0.03170417084706894,1.1538461538461537,1.3636363636363635,-0.03669724770642202,0.0,-0.2472363741228491,0.3633364750235626,0.6914299021891013,0.19480519480519473,-0.5810765630224007,-0.8712871287128714,1.0,-0.11163846471316555,0.09993792675356922,-0.07670182166826471,-0.09902067464635472,1.1654054054054053,0.0,Other_Faults
0.03596287703016241,0.028070175438596492,-0.4329640126663297,-0.43296853966917437,0.26582278481012656,0.08333333333333333,0.3157894736842105,0.40796904113515836,0.8846153846153846,1.2727272727272727,-0.012232415902140673,-0.6,0.8274536191483224,-0.43873704052780366,-0.5116441546343735,-0.19480519480519484,-0.8609160815780674,0.045654565456545525,1.0,0.2542302930251748,-0.35350713842333914,0.4823996712779077,0.704026115342764,0.836036036036036,0.09723665073758571,Other_Faults
0.308584686774942,0.3111111111111111,-0.4562550389998207,-0.4562677550608251,-0.33544303797468356,0.2916666666666667,-0.15789473684210525,-0.2252544073383976,1.5,2.0,0.8868501529051988,-0.6,0.6690377775641639,0.5890669180018852,-0.24918490917559386,0.18181818181818182,-0.28485456369107337,-2.1545654565456553,0.0,-0.4789517127527861,0.361887026691496,-0.6845637583892618,-0.9342452976838178,1.5834234234234232,-0.1682942031996676,Other_Faults
0.27262180974477956,0.2771929824561403,-0.536437260803642,-0.5364494322456492,0.0,0.3333333333333333,-0.10526315789473684,-0.061745735989680375,0.038461538461538464,-1.0,-0.04281345565749235,-0.6,0.20859367490147065,0.2535344015080113,-0.011178388448998407,0.6753246753246752,-0.12403878301571387,-1.3294829482948298,0.0,0.0,0.511483550589696,-0.3421449116559377,-0.775376962536919,-0.42666666666666647,0.05776023270309576,Other_Faults
0.37470997679814383,0.3730994152046784,-0.4174824170790341,-0.4174830630886962,0.25316455696202533,0.6666666666666666,0.7894736842105263,0.4134155080980364,0.9230769230769231,1.4545454545454546,0.0,-0.6,0.008651350571950404,0.93449575871819,-0.5055891942244992,0.0909090909090908,-1.1397525911066533,-0.2876787678767878,1.0,0.2437061494015675,0.0,0.7870154773318729,0.6998290066842843,0.9527927927927928,0.6461666320382298,Other_Faults
0.22041763341067286,0.2128654970760234,0.8114276758568206,0.8114333979613384,-0.3037974683544304,-0.375,-0.2631578947368421,-0.36336534327074677,-0.15384615384615385,-1.3636363636363635,0.8379204892966361,0.2,0.8414880322983752,-0.3232799245994344,0.13018164881229638,-0.4285714285714286,0.0999665663657637,0.045654565456545525,1.0,-0.4211721007016098,-0.49565487274984427,-0.24708943980276699,0.27561013524016786,-0.6054054054054053,-0.26095990027010174,Bumps
0.9095127610208816,0.9263157894736842,0.5378988008429494,0.5378999465918304,0.0949367088607595,0.625,0.3684210526315789,0.14980650709473986,0.5384615384615384,0.7272727272727273,0.8990825688073395,0.6,-0.5377295011054503,0.4486333647502355,-0.4573823940381928,0.8051948051948049,0.007021063189568674,-3.0346534653465356,0.0,0.0992571192736273,0.8814400993171942,-0.4456923709080945,-1.0732162288201461,0.41081081081081083,0.21566590484105547,Other_Faults
0.4095127610208817,0.4222222222222222,0.7793121873716419,0.7793285401845855,2.8227848101265822,0.5833333333333334,0.8947368421052632,2.8584778558119535,-0.23076923076923078,-0.09090909090909091,-0.04892966360856269,-0.6,-0.14668845525329235,-0.2832233741753062,0.23032137866790872,1.2467532467532465,0.07355399531929127,-0.1116611661166116,1.0,1.3448204704911262,0.8814400993171942,0.8968634433639234,0.20876729364215763,0.006486486486486572,1.2960731352586743,Bumps
0.10788863109048724,0.09590643274853801,5.036216636101774,5.0362762698640395,-0.5,-0.5,-0.2631578947368421,-0.4885767521857532,0.7692307692307693,0.45454545454545453,-0.04281345565749235,-0.6,0.6469287705469575,-0.30819981149858594,-0.31765253842571023,-0.5714285714285714,-0.08559010364426635,-0.37733773377337737,1.0,-0.8605035080478748,-1.0418994413407816,-0.3421449116559377,0.5745375408052231,0.48792792792792794,-0.3606897984624973,Other_Faults
-0.1368909512761021,-0.14385964912280702,-0.0721923994658726,-0.07213284775989412,4.291139240506329,1.6666666666666667,6.421052631578948,4.189021069227461,-0.46153846153846156,0.45454545454545453,0.9571865443425076,0.2,0.7294049793328845,0.5885956644674837,-1.2780624126688402,-0.22077922077922077,-1.6569709127382146,-0.07205720572057207,1.0,1.6489888567891033,-0.1076970825574176,2.554718531707986,1.2156070262707912,-0.18738738738738733,1.3484313318096819,Other_Faults
-0.05104408352668213,-0.05847953216374269,1.477094738192897,1.477106407954793,-0.31645569620253167,-0.3333333333333333,-0.5263157894736842,-0.3251827432994124,-0.3076923076923077,0.45454545454545453,0.9602446483180428,0.0,0.8970489281937901,-1.2780395852968893,0.21169073125291102,-0.29870129870129875,0.5142092945503174,0.045654565456545525,0.0,-0.4438712340074293,-0.22501551831160702,-0.8245445829338448,-0.626612777864138,0.021621621621621737,-0.32723872844379803,Bumps
0.7180974477958236,0.7216374269005847,0.1316311659870865,0.13162497314471036,-0.47468354430379744,-0.041666666666666664,-0.3157894736842105,-0.45148344560699444,0.6923076923076923,1.2727272727272727,1.0275229357798166,0.6,-0.054984139190618106,0.5202639019792648,-0.3952026082906381,0.0,0.1929120695419591,-2.246424642464247,0.0,-0.7901361947998352,0.19304779639975178,-0.9834269278181074,-1.0317114876418467,0.6630630630630631,-0.2894244753791813,Other_Faults
0.7911832946635731,0.791812865497076,0.5443287355390894,0.5443315419288317,-0.12658227848101267,-0.16666666666666666,-0.21052631578947367,-0.21355883617600688,-1.0,0.0,0.9663608562691132,0.0,-0.22878015956935494,-0.1305372290292177,0.5139729855612484,-0.22077922077922077,0.04546974256101619,0.045654565456545525,1.0,-0.15229054890631508,-0.1076970825574176,-0.15888234488426262,0.01943105860407277,-0.7192792792792793,-0.12632453771036767,Bumps
0.3294663573085847,0.3263157894736842,-0.46310518617937446,-0.46308170135129767,1.8101265822784811,1.5,3.1578947368421053,1.2710907266733553,-0.6538461538461539,-2.3636363636363638,-0.04281345565749235,2.6,0.08997404594828415,0.8147973609802072,-1.123660922217047,0.0,-1.6108324974924773,0.045654565456545525,1.0,1.052001650846058,-0.1076970825574176,1.884673332420217,1.1125446914347894,-1.3218018018018018,1.3187201329731975,Other_Faults
-0.25754060324825984,-0.23508771929824562,-0.3276705449982355,-0.3276805523524971,0.21518987341772153,1.0416666666666667,0.47368421052631576,0.16230471549376524,0.15384615384615385,-0.09090909090909091,-0.04281345565749235,-0.6,0.7911179467461307,1.0725730442978323,-0.8078714485328365,2.48051948051948,0.44734202607823437,-3.213971397139715,0.0,0.211101939744118,1.4459962756052145,-0.4456923709080945,-1.307166174413182,-0.3005405405405404,0.6918761687097442,Other_Faults
0.3468677494199536,0.3473684210526316,4.534441382988179,4.534509803199704,0.6772151898734177,0.9166666666666666,1.4210526315789473,0.7284506234771392,0.4230769230769231,0.0,-0.03669724770642202,-0.6,0.04344900509468423,1.098491988689915,-0.6299487657196088,0.28571428571428553,-1.148445336008024,-0.44334433443344345,1.0,0.5445728435823358,0.19304779639975178,1.1195726612792773,0.7831493859785482,0.20180180180180185,1.118844795345938,Other_Faults
0.32018561484918795,0.37660818713450295,1.6380960745632605,1.6381203374681057,5.3924050632911396,2.4583333333333335,1.4736842105263157,4.490239357890211,-2.730769230769231,0.5454545454545454,-0.05504587155963303,2.6,-0.04094972604056518,0.2808671065032989,-0.44713553795994404,4.896103896103895,0.3182881979271145,-2.1067106710671073,0.0,1.824184894758563,2.1272501551831158,0.6659361731269694,-1.0663764961915125,-0.9708108108108107,1.3484313318096819,Other_Faults
-0.7424593967517401,-0.7450292397660818,-0.47167247198013695,-0.4716075490909435,8.677215189873417,6.125,8.210526315789474,8.127905976780852,-0.19230769230769232,-0.7272727272727273,0.05504587155963303,3.0,-0.39892338748437944,0.6493873704052777,-1.1853749417792268,0.7272727272727271,-1.9164159144098962,-0.49174917491749204,1.0,2.205117622781675,0.5806952203600249,2.7168880975208887,1.1537385356754237,-0.4324324324324324,1.3486391024309161,Other_Faults
-0.08816705336426914,-0.08654970760233918,-0.20199913853811285,-0.20201120808964157,-0.4620253164556962,-0.08333333333333333,-0.631578947368421,-0.4138168267163537,0.7307692307692307,2.090909090909091,0.9785932721712538,1.46,0.8186100163414397,-0.511310084825636,-0.9918490917559385,0.31168831168831157,1.0287529254429955,-1.7876787678767885,0.0,-0.7569129178704088,0.511483550589696,-1.6490891658676898,-1.4299704647909217,1.0825225225225223,-0.3525867442343652,Other_Faults
-0.7877030162412993,-0.7929824561403509,-0.37956547189230777,-0.37957614792721867,-0.12025316455696203,-0.125,-0.3684210526315789,-0.15381969327791314,0.19230769230769232,-0.7272727272727273,0.9724770642201835,0.0,-0.5498413919061809,0.30490103675777575,-0.05891942244993012,0.23376623376623368,1.0287529254429955,0.045654565456545525,0.0,-0.1440363186132899,0.43885785226567403,-0.4456923709080945,-0.8072438986475983,-0.2320720720720719,-0.03739871182214838,Other_Faults
-0.7633410672853829,-0.752046783625731,1.5654924033051105,1.5655025824467252,-0.47468354430379744,0.4583333333333333,-0.5789473684210527,-0.45010749605847783,-0.4230769230769231,2.909090909090909,0.9663608562691132,0.0,-0.501778333173123,0.2973609802073517,-1.2636236609222171,1.3116883116883113,1.0287529254429955,-3.0973597359735985,0.0,-0.7901361947998352,1.2141527001862202,-1.9915080126010138,-1.6115342763873775,0.6882882882882884,-0.30978599626012876,Other_Faults
0.6009280742459396,0.5953216374269006,0.35043249278565114,0.35043806006591477,-0.11392405063291139,-0.041666666666666664,0.3157894736842105,-0.11557976207539057,0.19230769230769232,0.0,0.8440366972477065,-0.02,0.08209170431606258,0.19934024505183787,-0.7058686539357243,-0.5064935064935066,-0.9772651287194917,0.045654565456545525,1.0,-0.13578208832026473,-0.6542520173805085,0.4823996712779077,0.8336701383491373,0.0540540540540541,-0.05568252649075418,Bumps
0.6032482598607889,0.5988304093567252,0.33999292107631196,0.339993094541927,-0.26582278481012656,-0.20833333333333334,-0.21052631578947367,-0.2626343700730973,0.19230769230769232,0.5454545454545454,0.8501529051987767,-0.02,0.07882341632221469,-0.3171536286522147,0.015137401024685752,-0.4285714285714286,-0.43396857238381814,0.045654565456545525,1.0,-0.356376392901362,-0.49565487274984427,-0.15888234488426262,0.35240167884346335,0.14774774774774788,-0.23893621441928106,Bumps
1.0382830626450117,1.0362573099415204,0.8840744728016287,0.8840806050506615,-0.4620253164556962,-0.4166666666666667,-0.3157894736842105,-0.5562276049878171,-0.5769230769230769,-3.090909090909091,0.9663608562691132,0.0,-0.7042199365567623,0.19934024505183787,0.07056357708430368,-0.5324675324675324,0.11701771982614483,0.045654565456545525,1.0,-0.7569129178704088,-0.6542520173805085,-0.3421449116559377,0.31540494326130886,-1.4609009009009006,-0.30978599626012876,Other_Faults
0.419953596287703,0.4128654970760234,0.08331409331662301,0.08331779649094388,-0.17088607594936708,0.25,0.47368421052631576,-0.15209975634226744,0.34615384615384615,0.5454545454545454,0.9785932721712538,0.0,0.5144669806786502,0.6955702167766257,-0.7920353982300885,-0.5324675324675324,-1.3239719157472416,0.045654565456545525,1.0,-0.21234007428807256,-0.6542520173805085,0.6226544308998772,0.8911860718171927,0.2652252252252253,0.01911489715354246,Other_Faults
-0.8874709976798144,-0.8994152046783626,0.8313159803283758,0.8313277439268916,0.45569620253164556,0.08333333333333333,0.3157894736842105,0.2090296689121399,-0.6923076923076923,-1.5454545454545454,0.9541284403669725,-0.2,-0.7451696625973275,-0.12158341187558899,-0.22054028877503498,-0.14285714285714288,-0.42494149114008684,0.045654565456545525,1.0,0.3999174576970696,0.0,0.4823996712779077,0.5097155293020363,-1.2108108108108107,0.3434448369000623,Other_Faults
0.9791183294663574,0.9766081871345029,0.32764267107881007,0.32764215947821457,-0.37341772151898733,-0.4583333333333333,-0.21052631578947367,-0.5198796044145048,-1.2307692307692308,-3.090909090909091,0.8623853211009175,0.2,-0.6638469672209938,-0.2276154571159281,-0.048905449464368936,-0.5194805194805195,0.36008024072216654,-0.3470847084708474,1.0,-0.5536524969046639,-0.6542520173805085,-0.24708943980276699,0.39515000777242343,-1.925045045045045,-0.2917099522127571,Other_Faults
-0.7122969837587007,-0.7263157894736842,-0.536671296542214,-0.5366818932104831,-0.23417721518987342,-0.20833333333333334,-0.10526315789473684,-0.26194639529883906,0.3076923076923077,-0.8181818181818182,-0.03058103975535168,-0.6,-0.31856195328270687,0.04005655042412821,0.07056357708430368,-0.19480519480519484,-0.22500835840855907,-0.2981298129812983,1.0,-0.30581923235658287,-0.35350713842333914,-0.07670182166826471,0.31540494326130886,-0.1989189189189188,-0.17639725742779963,Other_Faults
0.45707656612529,0.45146198830409356,0.7740455943692579,0.7740560940930459,0.21518987341772153,-0.2916666666666667,0.2631578947368421,0.011294252544073385,-0.8461538461538461,-0.2727272727272727,-0.04281345565749235,0.2,-0.2126309718350476,-0.7888784165881241,-0.5707964601769911,-0.28571428571428575,-0.1651621531260448,0.045654565456545525,1.0,0.211101939744118,-0.49565487274984427,0.4317216819613752,0.7435100264262399,-1.2165765765765766,-0.009349677955537095,Bumps
-0.6032482598607889,-0.5988304093567252,-0.4233238439291918,-0.4233308763646892,0.6772151898734177,0.625,0.21052631578947367,0.8876021212555539,0.9230769230769231,1.3636363636363635,-0.04281345565749235,-0.6,-0.051523598961837905,0.567860508953817,0.28784350256171415,1.2467532467532465,0.007021063189568674,-0.7046204620462048,0.0,0.5445728435823358,0.8814400993171942,0.20435556773044794,-0.5757811285558837,0.867027027027027,0.8495740702264699,Other_Faults
-0.568445475638051,-0.5754385964912281,0.05408855176055356,0.054092930215165765,0.5632911392405063,0.4583333333333333,0.7368421052631579,0.6192919592948258,0.46153846153846156,-0.09090909090909091,0.0061162079510703364,-0.6,0.024223781601461113,0.5485391140433552,-0.27759664648346527,0.2727272727272726,-0.7472417251755266,-0.46974697469747,1.0,0.4731737515476677,0.19304779639975178,0.7075743048897413,0.547800404166019,0.24720720720720726,0.7417411178059421,Other_Faults
0.18793503480278423,0.18128654970760233,0.10503313577912075,0.10502870393282404,-0.25316455696202533,-0.3333333333333333,-0.3684210526315789,-0.30437150637809945,-0.2692307692307692,-0.8181818181818182,0.8623853211009175,0.2,0.9149283860424875,-0.8708765315739864,0.6350721937587334,-0.36363636363636365,0.2571046472751587,0.045654565456545525,1.0,-0.3357408171687995,-0.35350713842333914,-0.4456923709080945,-0.06140214518886988,-0.464144144144144,-0.2775815499688344,Bumps
-0.8167053364269141,-0.8093567251461988,1.137954338312597,1.1379590085066513,-0.4430379746835443,0.3333333333333333,-0.42105263157894735,-0.3904830156227605,0.19230769230769232,3.4545454545454546,0.9663608562691132,0.0,-0.6063635489762568,-0.2426955702167765,-1.2410340009315324,1.0909090909090906,1.0287529254429955,-3.8047304730473055,0.0,-0.7094510936855138,1.0816263190564865,-1.9915080126010138,-1.5963003264417845,1.0954954954954956,-0.3295242052773737,Other_Faults
-0.654292343387471,-0.6573099415204678,2.3523142453083725,2.352337718448223,-0.2468354430379747,0.4583333333333333,-0.21052631578947367,-0.14372939658879175,1.0769230769230769,2.090909090909091,0.8440366972477065,-0.02,-0.27665096606748046,0.446277097078228,-0.37890079180251507,0.3506493506493505,-0.3293212972250084,-1.918591859185919,0.0,-0.3256293850598434,0.511483550589696,-0.6845637583892618,-1.020830094823566,1.2425225225225225,-0.11780594223976723,Bumps
-0.882830626450116,-0.9005847953216374,-0.3447462132228615,-0.3447459220061907,0.43037974683544306,-0.4166666666666667,0.6842105263157895,0.46455496631790166,0.07692307692307693,0.6363636363636364,0.9571865443425076,2.6,-0.7361338075555127,-0.8251649387370402,-0.8809967396367024,-0.5324675324675324,0.11701771982614483,0.045654565456545525,1.0,0.38196450680973953,-0.6542520173805085,0.7870154773318729,0.950567386911239,0.172972972972973,0.12403906087679208,Other_Faults
-0.26450116009280744,-0.2608187134502924,-0.42153728347092356,-0.42154481881587436,0.10759493670886076,1.6666666666666667,0.8947368421052632,0.2878601117959008,1.2692307692307692,1.4545454545454546,0.039755351681957186,-0.6,0.7444006536575986,1.173421300659755,0.4233814625058223,0.922077922077922,-1.1086593112671346,-2.625962596259627,0.0,0.11184482047049069,0.7091868404717571,0.14025475962197,-0.48531011969532095,1.2526126126126125,0.6243507168086432,Other_Faults
0.3839907192575406,0.3871345029239766,0.654372339815685,0.6543734085693421,-0.43670886075949367,0.0,-0.5263157894736842,-0.4650136161674072,0.07692307692307693,-0.8181818181818182,-0.04281345565749235,0.2,-0.057098913774872626,0.8548539114043356,-0.3861201676758267,0.48051948051948046,0.39184219324640573,0.045654565456545525,0.0,-0.6941807676434175,0.361887026691496,-0.8245445829338448,-1.025648997357376,-0.27027027027027006,-0.2133804280074797,Other_Faults
0.154292343387471,0.17543859649122806,-0.20190815385772415,-0.2019081258518419,0.8924050632911392,1.1666666666666667,0.7894736842105263,0.9808800343987387,0.5384615384615384,0.0,-0.03058103975535168,-0.4,0.46236662501201553,1.5183788878416584,0.3672566371681418,2.09090909090909,0.005349381477766414,-0.9543454345434544,0.0,0.6654973173751542,1.2960893854748607,0.6226544308998772,-0.5227732006839733,0.301981981981982,1.3149802617909827,Other_Faults
0.41647331786542924,0.4105263157894737,0.9364895375506398,0.9365058119185682,0.24050632911392406,0.08333333333333333,0.6842105263157895,0.24337107639386557,-0.15384615384615385,0.45454545454545453,0.9724770642201835,-0.2,0.5160049985581081,0.0018850141376060856,-0.7834187238006521,-0.45454545454545453,-1.006352390504848,-0.13201320132013217,1.0,0.23297565002063506,-0.49565487274984427,0.7478427612655807,0.885434478470387,0.034594594594594685,0.19862871389985456,Bumps
0.2296983758700696,0.22339181286549709,0.08945845181940434,0.08945592300808695,-0.310126582278481,-0.16666666666666666,-0.15789473684210525,-0.2431417514691128,0.7692307692307693,2.0,0.9418960244648318,1.46,0.8664808228395653,0.4170593779453346,0.07056357708430368,-0.36363636363636365,-0.3480441323971918,0.045654565456545525,1.0,-0.4325216673545195,-0.35350713842333914,-0.07670182166826471,0.31540494326130886,0.9614414414414415,-0.17639725742779963,Bumps
0.3990719257540603,0.4046783625730994,0.7775009085319964,0.7775366974081391,3.9177215189873418,1.7083333333333333,2.8421052631578947,3.565887917443027,-0.38461538461538464,0.0,-0.2874617737003058,0.6,-0.29914447755455154,0.28982092365692735,-0.8588728458313927,0.7792207792207791,-1.2898696088264794,-0.03080308030803108,1.0,1.580891456871646,0.511483550589696,1.77290782084646,0.9357997823721438,-0.5239639639639638,1.3467691668398087,Other_Faults
-0.7610208816705336,-0.776608187134503,-0.5157753235872787,-0.5157782879881055,-0.04430379746835443,0.25,0.7368421052631579,0.31790167693851223,2.1538461538461537,4.363636363636363,-0.06422018348623854,0.6,-0.43429779871191,0.714420358152686,-0.7594317652538425,-0.28571428571428575,-1.2002674690738884,-0.46974697469747,1.0,-0.05035080478745351,-0.49565487274984427,0.7075743048897413,0.8694232861806311,2.9945945945945946,0.1678786619571992,Other_Faults
0.012761020881670533,0.01871345029239766,-0.2707961790641621,-0.2708049276465247,-0.1518987341772152,0.4166666666666667,-0.05263157894736842,-0.21522144188046438,-0.23076923076923078,-0.2727272727272727,-0.01834862385321101,0.2,0.8466788426415456,1.042884071630537,-0.21192361434559848,0.9480519480519478,0.05817452357071203,-1.5720572057205726,0.0,-0.18613289310771822,0.7091868404717571,-0.3421449116559377,-0.9092180942017721,-0.5203603603603603,0.17805942239767295,Bumps
-0.308584686774942,-0.295906432748538,0.7397874955493765,0.73980333907561,3.0949367088607596,1.3333333333333333,1.3157894736842106,2.9315751755768957,-0.9615384615384616,0.7272727272727273,0.9602446483180428,-0.2,0.3914255503220224,0.04853911404335546,0.5728924080111785,1.1688311688311686,-0.42226680040120385,-1.1056105610561062,1.0,1.409616178291373,1.1272501551831164,0.8968634433639234,-0.019741955541737896,-0.31639639639639633,1.331394140868481,Bumps
-0.8631090487238979,-0.87953216374269,0.3677527152090097,0.36776323903324637,0.26582278481012656,0.2916666666666667,0.7894736842105263,0.10050164827289666,-0.4230769230769231,-1.6363636363636365,-0.12538226299694188,-0.6,-0.6834566951840815,0.2016965127238454,-0.8469958081043316,-0.2597402597402598,-1.2400534938147776,0.045654565456545525,1.0,0.2542302930251748,-0.49565487274984427,0.8612518833036573,0.9278719104616819,-0.9398198198198194,0.29170995221275714,Other_Faults
-0.22273781902552203,-0.2304093567251462,0.12149662962240305,0.12149240991282977,-0.10759493670886076,-0.25,-0.3684210526315789,-0.14722660169127133,-0.4230769230769231,-0.2727272727272727,-0.03669724770642202,-0.6,0.8734019032971257,-1.0636192271442033,0.652771308802981,0.0,0.36008024072216654,0.045654565456545525,0.0,-0.12773421378456468,-0.1076970825574176,-0.4456923709080945,-0.33219337789522774,-0.28324324324324324,-0.22376895906918756,Bumps
0.58584686774942,0.5871345029239766,-0.39882003913919023,-0.3988304373448014,-0.0189873417721519,-0.25,-0.3157894736842105,-0.10715207109072668,-1.3076923076923077,-0.18181818181818182,0.9602446483180428,0.0,0.16591367874651536,-0.606974552309142,0.5139729855612484,-0.06493506493506498,0.805750585088599,0.045654565456545525,0.0,-0.02125464300453977,0.09993792675356922,-0.3421449116559377,-0.4248406653194466,-0.642162162162162,-0.12632453771036767,Bumps
-0.38979118329466356,-0.39766081871345027,0.28305597030428326,0.2830580397702844,0.3037974683544304,0.0,0.05263157894736842,0.29445320338254266,-0.34615384615384615,0.7272727272727273,-0.06422018348623854,-0.4,0.47505527251754287,-0.45900094250706863,0.11131811830461125,0.10389610389610371,-0.24473420260782358,0.045654565456545525,1.0,0.28539001238134465,0.0,0.20435556773044794,0.2882014612156071,-0.040360360360360316,0.12050696031581132,Bumps
1.088167053364269,1.0865497076023392,-0.34658378821290836,-0.3465919355504605,-0.16455696202531644,-0.5,-0.15789473684210525,-0.3480005733123119,-0.9615384615384616,-2.909090909090909,1.0428134556574924,-0.4,-0.7453619148322598,-1.1065032987747405,-0.24010246856078243,-0.5324675324675324,0.657305249080575,-0.2981298129812983,1.0,-0.203466776723071,-0.6542520173805085,-0.07670182166826471,0.5227732006839734,-1.6857657657657656,-0.25368792852690625,Other_Faults
-0.037122969837587005,-0.044444444444444446,0.3739191624781282,0.3739176693737149,-0.4177215189873418,-0.4166666666666667,-0.42105263157894735,-0.4325641393148918,-0.07692307692307693,0.0,-0.04281345565749235,-0.4,0.9860617129674131,0.24316682375117823,0.6350721937587334,-0.09090909090909102,1.0287529254429955,0.045654565456545525,0.0,-0.6496079240610815,-0.22501551831160702,-0.5591014929461718,-0.34400746152650397,-0.04828828828828817,-0.2775815499688344,Bumps
-0.7703016241299304,-0.7859649122807018,-0.4422339316058165,-0.4422406817732985,-0.12658227848101267,-0.041666666666666664,0.21052631578947367,0.11615307438727247,1.9230769230769231,2.909090909090909,-0.06422018348623854,0.6,-0.45698356243391325,0.07163053722902941,-0.43409408476944567,-0.28571428571428575,-0.8100969575392845,-0.4543454345434545,1.0,-0.15229054890631508,-0.49565487274984427,0.26544308998767296,0.6522617752215142,2.278918918918919,-0.09162684396426339,Other_Faults
-0.12180974477958237,-0.13333333333333333,-0.41162941992269986,-0.41162946458507166,0.1518987341772152,0.16666666666666666,0.7368421052631579,0.15318904973484307,0.23076923076923078,-0.18181818181818182,0.7828746177370031,1.0,0.8118811881188117,0.10131950989632428,-0.8998602701443875,-0.5064935064935066,-1.2447342026078234,0.045654565456545525,1.0,0.15394139496491901,-0.6542520173805085,0.8245445829338454,0.9631587128866782,0.035315315315315426,0.15084147101599832,Other_Faults
-0.8793503480278422,-0.8935672514619883,0.0871785755796066,0.08717917297015428,0.0759493670886076,-0.3333333333333333,0.2631578947368421,0.023276479862405046,-0.5,-0.2727272727272727,-0.0030581039755351682,-0.6,-0.7245986734595788,0.0428840716305372,-0.2622263623660921,-0.10389610389610393,0.5142092945503174,-0.43289328932893295,1.0,0.08027238959966967,-0.22501551831160702,0.32351732639364505,0.5375408052230686,-0.3336936936936935,0.06752545190110124,Other_Faults
-0.740139211136891,-0.7146198830409357,-0.3204049186423403,-0.32040852121955754,1.5063291139240507,1.5833333333333333,1.263157894736842,1.6252830729539918,0.46153846153846156,0.6363636363636364,-0.04892966360856269,2.1,-0.38450446986446213,1.1946277097078226,-0.2647880763856542,3.064935064935064,0.17886994316282176,-2.4427942794279436,0.0,0.941601320676846,1.643699565487275,0.4317216819613752,-0.9446603450956008,0.2810810810810811,1.3305630583835444,Other_Faults
-0.6519721577726219,-0.6502923976608187,0.023863230566224487,0.02385722689320917,-0.34177215189873417,0.4583333333333333,-0.3157894736842105,-0.30465816253404043,0.5769230769230769,1.2727272727272727,-0.024464831804281346,-0.02,-0.17264250696914346,1.3831291234684258,-0.46949231485794124,1.0389610389610386,0.08859913072550975,-0.8712871287128714,0.0,-0.49112670243499823,0.7690875232774673,-0.5591014929461718,-1.0812995491994404,0.6356756756756757,0.06440889258258888,Other_Faults
0.265661252900232,0.27017543859649124,-0.536437260803642,-0.5364494322456492,0.0,0.3333333333333333,-0.10526315789473684,-0.061745735989680375,0.038461538461538464,-1.0,-0.04892966360856269,-0.6,0.2214745746419301,0.2535344015080113,-0.011178388448998407,0.6753246753246752,-0.12403878301571387,-1.3294829482948298,0.0,0.0,0.511483550589696,-0.3421449116559377,-0.775376962536919,-0.42666666666666647,0.05776023270309576,Other_Faults
-0.4791183294663573,-0.4842105263157895,-0.3360942538178066,-0.3361048956436973,-0.0759493670886076,-0.08333333333333333,-0.42105263157894735,-0.1292819263293679,-0.5,-0.09090909090909091,-0.04281345565749235,-0.6,0.25108141882149365,-0.5174363807728555,-0.026548672566371605,0.38961038961038946,0.5008358408559007,0.045654565456545525,0.0,-0.08811390837804456,0.2799503414028555,-0.5591014929461718,-0.7856365614798694,-0.3906306306306306,-0.14897153542489086,Bumps
0.26218097447795824,0.2573099415204678,0.2841020311672493,0.28409780295462095,-0.44936708860759494,-0.375,-0.5789473684210527,-0.45297405761788734,0.3076923076923077,-0.09090909090909091,0.7706422018348624,0.0,0.7211381332307987,-0.5895381715362863,0.0,-0.2597402597402598,0.75025075225677,0.045654565456545525,0.0,-0.7249277754849361,-0.22501551831160702,-0.9834269278181074,-0.7679154360329551,0.1484684684684685,-0.3505090380220236,Bumps
0.4733178654292343,0.5730994152046783,-0.49134094063433675,-0.49133622717431863,9.734177215189874,6.875,5.421052631578948,9.626487028808944,0.038461538461538464,0.0,-0.05504587155963303,-0.6,-0.5173507642026337,1.054665409990575,-0.4706567303213786,8.337662337662335,-0.5349381477766634,-3.5000000000000013,0.0,2.299834915394138,2.7364990689013036,1.1762772222983158,-1.0820767915436031,-0.13693693693693684,1.3486391024309161,Other_Faults
0.033642691415313224,0.044444444444444446,0.5961842182075597,0.5961824334718545,-0.379746835443038,0.20833333333333334,-0.3684210526315789,-0.4824996416798051,-0.6153846153846154,-2.3636363636363638,-0.012232415902140673,0.2,0.7882341632221473,-0.1819038642789819,-1.123660922217047,1.3246753246753245,1.0287529254429955,-3.454895489548956,0.0,-0.5668592653735041,0.9345127250155186,-1.6490891658676898,-1.5179542981501633,-1.3210810810810807,-0.2917099522127571,Other_Faults
-0.022041763341067284,-0.0304093567251462,0.07929867115033562,0.07929285584869421,-0.3860759493670886,-0.375,-0.42105263157894735,-0.4048731546509961,-0.3076923076923077,0.6363636363636364,0.9663608562691132,-0.2,0.9520330673844081,-0.6088595664467481,0.6138798323241734,-0.37662337662337664,0.47141424272818455,-0.5044004400440045,0.0,-0.5800660338423443,-0.35350713842333914,-0.6845637583892618,-0.35815327219026893,-0.10882882882882863,-0.32308331601911483,Bumps
-0.5406032482598608,-0.519298245614035,-0.0765160125148639,-0.07650437613025597,6.962025316455696,2.0,2.4210526315789473,6.322889494051885,-1.5384615384615385,-0.09090909090909091,0.8929663608562691,-0.6,-0.055176391425550315,-0.32657869934024486,0.4923148579413136,1.8961038961038958,-0.42494149114008684,-1.5011001100110015,1.0,2.0264135369376794,1.4810676598386097,1.2565401999726071,0.0338877662055029,-0.5816216216216216,1.3484313318096819,Other_Faults
-0.2877030162412993,-0.2994152046783626,-0.5440357964236183,-0.5440401768281122,0.20253164556962025,0.041666666666666664,0.5789473684210527,-0.12933925756055611,-0.9615384615384616,-3.727272727272727,0.06116207951070336,3.0,0.6817264250696914,-0.20358152686145123,-0.7058686539357243,-0.29870129870129875,-0.946840521564694,-0.3338833883388338,1.0,0.19995872884853433,-0.49565487274984427,0.6226544308998772,0.8336701383491373,-2.0158558558558557,0.10720964055682532,Other_Faults
-0.2517401392111369,-0.26432748538011697,0.7244784027087139,0.7244856340964487,-0.12025316455696203,-0.25,0.0,-0.10560412784864555,0.3076923076923077,0.7272727272727273,1.0214067278287462,0.6,0.4883206767278669,-0.6677662582469365,-0.44713553795994404,-0.5324675324675324,-0.5315947843530592,0.045654565456545525,1.0,-0.1440363186132899,-0.6542520173805085,0.14025475962197,0.6609668894761387,0.2025225225225226,-0.19239559526282984,Other_Faults
-0.016241299303944315,0.042105263157894736,-0.4774160771508016,-0.4773806803375102,13.386075949367088,9.166666666666666,9.31578947368421,16.205073813960155,1.0384615384615385,1.3636363636363635,0.7737003058103975,-0.6,1.0297029702970295,1.336946277097078,0.0628784350256172,4.207792207792207,-1.3851554663991974,-2.6061606160616066,1.0,2.566240198101526,2.210428305400373,2.1920284892480497,0.32053474273278415,1.1581981981981981,1.3486391024309161,Other_Faults
-0.8445475638051044,-0.8631578947368421,0.04543974789354687,0.04543560002934688,-0.4810126582278481,-0.3333333333333333,-0.2631578947368421,-0.5148917873011323,-0.3076923076923077,-0.09090909090909091,0.9602446483180428,-0.2,-0.6609631836970103,0.20640904806786048,-0.227992547741034,-0.6103896103896104,-0.5142092945503177,0.045654565456545525,1.0,-0.8072637226578624,-0.8342644320297948,-0.24708943980276699,0.5146898803046791,-0.40072072072072057,-0.3207978391855391,Other_Faults
0.03596287703016241,0.047953216374269005,0.2475335525731046,0.24752780130583107,-0.3987341772151899,0.2916666666666667,-0.5263157894736842,-0.3488605417801347,0.8846153846153846,1.4545454545454546,0.8379204892966361,-0.02,1.1121791790829567,0.630065975494816,-1.0507685142058687,0.987012987012987,0.9093948512203276,-2.0170517051705175,0.0,-0.6073049938093276,0.985412787088765,-1.3836460758800169,-1.469298927405565,0.9282882882882884,-0.21608144608352373,Other_Faults
-0.5893271461716937,-0.6011695906432749,-0.5050901458331909,-0.505088765114236,0.4810126582278481,0.2916666666666667,1.0,0.11127991973627634,-0.9230769230769231,-3.090909090909091,0.9724770642201835,4.6,-0.16129962510814191,0.5372290292177192,-0.7897065673032138,-0.29870129870129875,-1.0010030090270812,0.045654565456545525,1.0,0.4176640528270736,-0.22501551831160702,0.9973976167648273,0.8896315871288668,-1.7816216216216212,0.6584250986910449,Other_Faults
0.46403712296983757,0.47719298245614034,-0.39701875283669724,-0.3970217648152448,2.0443037974683542,0.5,0.47368421052631576,1.6300988963737997,-2.6923076923076925,0.45454545454545453,-0.06116207951070336,-0.6,-0.2897241180428722,-0.37087653157398665,0.7571029343269681,1.2597402597402594,0.2183216315613508,-0.1578657865786582,1.0,1.1287659925711917,0.8814400993171942,0.5777290782084651,-0.14285714285714282,-0.9484684684684683,1.162476625805111,Other_Faults
0.9814385150812065,0.9801169590643275,0.3700273322187272,0.3700305223350546,-0.0759493670886076,-0.16666666666666666,0.05263157894736842,-0.30523147484592233,-1.1538461538461537,-3.0,0.8685015290519877,0.2,-0.6663462462751129,-0.2978322337417529,-0.37890079180251507,-0.44155844155844154,-0.5446339017051154,0.045654565456545525,1.0,-0.08811390837804456,-0.49565487274984427,0.20435556773044794,0.6154204881081922,-1.88036036036036,-0.11780594223976723,Other_Faults
0.2668213457076566,0.2631578947368421,-0.06752167723158337,-0.06751202867158815,0.8607594936708861,0.7083333333333334,1.263157894736842,0.9480865701590941,0.4230769230769231,0.45454545454545453,0.0,-0.6,0.27165240795924245,0.4307257304429784,-0.8167210060549605,-0.012987012987013132,-1.2587763289869607,0.045654565456545525,1.0,0.6487825010317786,-0.1076970825574176,1.1483358444048766,0.9076636095134465,0.30486486486486497,0.9191772283399127,Other_Faults
-0.8271461716937355,-0.8444444444444444,1.5368890286675372,1.536963002680401,2.8797468354430378,2.25,5.631578947368421,2.641135158377526,-0.23076923076923078,-0.09090909090909091,-0.024464831804281346,-0.6,-0.5977121984043063,0.15174363807728558,-1.3330228225430836,-0.37662337662337664,-1.9578736208625875,0.045654565456545525,1.0,1.3588526619892685,-0.6542520173805085,2.4456923709080964,1.2522928649152807,-0.45693693693693677,1.3289008934136712,Other_Faults
0.024361948955916472,0.01871345029239766,4.9228560354135515,4.922914208492767,-0.11392405063291139,-0.3333333333333333,-0.3157894736842105,-0.12182886627490325,0.19230769230769232,-0.2727272727272727,-0.04281345565749235,-0.6,0.8334134384312216,-0.7007540056550421,0.8467629250116443,0.0,0.7716482781678368,0.045654565456545525,0.5,-0.13578208832026473,-0.1076970825574176,-0.3421449116559377,-0.20270480335768692,-0.0014414414414412825,-0.19239559526282984,Other_Faults
0.009280742459396751,-0.0011695906432748538,0.1692551720583417,0.16925787888836324,-0.10759493670886076,-0.20833333333333334,0.2631578947368421,-0.060484448903540204,0.5769230769230769,0.6363636363636364,-0.04892966360856269,-0.6,0.8782082091704314,0.056079170593779544,-0.672100605496041,-0.37662337662337664,-0.6429287863590772,0.045654565456545525,1.0,-0.12773421378456468,-0.6542520173805085,0.4317216819613752,0.811130110368413,0.4843243243243244,-0.07978391855391645,Other_Faults
-0.7958236658932715,-0.7894736842105263,-0.3550074970324794,-0.355015752911876,0.15822784810126583,1.5416666666666667,0.5789473684210527,0.29737709617314034,0.8846153846153846,1.4545454545454546,-0.03669724770642202,0.6,-0.5211958089012784,1.1823751178133837,-0.23451327433628325,1.5324675324675323,-0.7004346372450685,-2.6100110011001108,0.0,0.15992571192736207,1.034450651769088,-0.07670182166826471,-0.9244520441473651,0.9189189189189189,0.6979015167255349,Bumps
0.3654292343387471,0.36374269005847953,-0.11753117014187825,-0.1175279511958197,0.4050632911392405,0.5416666666666666,0.7368421052631579,0.5791027662319048,0.9615384615384616,1.1818181818181819,0.0,-0.6,0.030952609824089206,0.6540999057492929,-0.5055891942244992,0.0909090909090908,-1.0364426613172852,-0.12596259625962616,1.0,0.3633924886504331,0.0,0.7870154773318729,0.6998290066842843,0.8936936936936937,0.6461666320382298,Other_Faults
0.314385150812065,0.30760233918128654,-0.23422927823904147,-0.23423755564665827,-0.3037974683544304,-0.375,-0.3157894736842105,-0.30345420667908846,0.19230769230769232,0.5454545454545454,-0.04892966360856269,-0.6,0.1307315197539171,-0.5914231856738924,0.26455519329296706,-0.28571428571428575,0.1929120695419591,0.045654565456545525,1.0,-0.4211721007016098,-0.49565487274984427,-0.3421449116559377,0.1859163687237681,0.13045045045045048,-0.28236027425722,Bumps
0.17981438515081208,0.18362573099415205,0.6333675007980881,0.6333661951793802,-0.4810126582278481,-0.08333333333333333,-0.5789473684210527,-0.5342124122115522,-0.23076923076923078,-1.5454545454545454,-0.04281345565749235,0.2,0.43487455541670655,-0.3251649387370402,-0.9918490917559385,0.6753246753246752,1.0287529254429955,-2.3118811881188126,0.0,-0.8072637226578624,0.511483550589696,-1.6490891658676898,-1.4299704647909217,-0.7654054054054052,-0.3525867442343652,Other_Faults
-0.6508120649651972,-0.6374269005847953,0.38747587985604437,0.3875055912910235,5.386075949367089,4.375,4.7368421052631575,5.948573885624194,0.4230769230769231,1.2727272727272727,0.8746177370030581,0.6,-0.2726136691339036,0.8732327992459945,-0.36818816953889144,1.4415584415584415,-1.438983617519224,-1.940594059405941,1.0,1.8233594717292605,1.2557417752948479,1.7389398712505144,0.6082698585418935,0.49729729729729727,1.3486391024309161,Bumps
-0.29466357308584684,-0.29239766081871343,-0.225274913104371,-0.22525677864325366,3.348101265822785,1.3333333333333333,2.3157894736842106,3.3714777124838755,-0.9230769230769231,0.45454545454545453,0.0,-0.6,0.6857637220032682,0.5212064090480679,-0.6932929669306008,0.8441558441558439,-0.9899699097291875,0.045654565456545525,1.0,1.4659513000412705,0.6464928615766609,1.6115600602657176,0.825275921032178,-0.02306306306306292,1.345938084354872,Other_Faults
-0.691415313225058,-0.704093567251462,0.39711131528611,0.3971095950892884,-0.37341772151898733,-0.375,-0.47368421052631576,-0.3565429267593522,0.15384615384615385,1.4545454545454546,0.9602446483180428,0.6,-0.360280688263001,-0.3854853911404334,0.4233814625058223,-0.29870129870129875,0.75025075225677,0.045654565456545525,0.0,-0.5536524969046639,-0.22501551831160702,-0.6845637583892618,-0.48531011969532095,0.4,-0.30292956575940155,Other_Faults
-0.5754060324825986,-0.5766081871345029,0.231354583077165,0.23135598635632953,0.4810126582278481,0.7083333333333334,0.21052631578947367,0.5002723233481439,0.38461538461538464,-0.09090909090909091,-0.03669724770642202,-0.6,0.015187926559646181,0.3694627709707823,0.7303213786679088,0.766233766233766,-0.5549983283182882,-0.7046204620462048,0.0,0.4176640528270736,0.5806952203600249,0.20435556773044794,-0.28042903777397793,0.09153153153153165,0.5732391439850405,Other_Faults
-0.7146171693735499,-0.7286549707602339,0.6938880909468139,0.6938901948017626,-0.43670886075949367,-0.4166666666666667,-0.47368421052631576,-0.5040561846065644,-0.34615384615384615,-2.1818181818181817,-0.05504587155963303,0.0,-0.32163798904162255,-0.19038642789820914,0.6138798323241734,-0.18181818181818182,0.7248411902373787,0.045654565456545525,0.0,-0.6941807676434175,-0.35350713842333914,-0.6845637583892618,-0.35815327219026893,-0.9203603603603602,-0.32308331601911483,Other_Faults
0.39675174013921116,0.4093567251461988,-0.4363814603724902,-0.43639339442709024,-0.0759493670886076,0.5,0.7368421052631579,0.22777698151067793,2.1153846153846154,4.090909090909091,-0.06422018348623854,0.6,-0.12746323176006924,0.7125353440150802,-0.5505356311131812,1.2597402597402594,0.2183216315613508,-3.7359735973597368,0.0,-0.08811390837804456,0.8814400993171942,-0.5591014929461718,-1.1353956163531789,2.6327927927927925,0.13068772075628507,Other_Faults
0.49303944315545245,0.49239766081871345,-0.27718877322673224,-0.2771970782496741,-0.17088607594936708,0.041666666666666664,-0.2631578947368421,-0.16213272180020066,0.5,-0.18181818181818182,-0.05504587155963303,-0.6,-0.32163798904162255,0.08294062205466542,0.8467629250116443,0.10389610389610371,-0.3390170511534605,0.045654565456545525,0.5,-0.21234007428807256,0.0,-0.24708943980276699,-0.20270480335768692,0.16720720720720728,-0.12362351963432369,Bumps
0.37122969837587005,0.3730994152046784,1.4542260280348518,1.4542431883546523,0.4177215189873418,0.2916666666666667,0.2631578947368421,0.44861688404758493,0.23076923076923078,0.45454545454545453,-0.03058103975535168,0.2,-0.014034413150052922,-0.10838831291234664,0.47904052165812766,0.3766233766233765,-0.4042126379137412,-0.9108910891089115,1.0,0.3726784977300858,0.2799503414028555,0.20435556773044794,0.04274832892896009,0.15927927927927932,0.3158113442759194,Bumps
0.15081206496519722,0.1649122807017544,0.19033416622007038,0.1903392483779668,1.4746835443037976,1.25,0.8947368421052632,1.835344704027519,1.0,1.4545454545454546,-0.03669724770642202,-0.4,0.4838988753244256,0.6489161168708764,0.7636236609222173,1.5324675324675323,-0.479103978602474,-1.2117711771177122,0.0,0.9292199752373087,1.034450651769088,0.6226544308998772,-0.2581999067309187,0.944144144144144,1.252441304799501,Other_Faults
0.6032482598607889,0.6058479532163743,1.1338190057004796,1.1338304596968172,0.3987341772151899,-0.16666666666666666,-0.10526315789473684,0.35321771535043717,-1.0769230769230769,0.5454545454545454,0.7737003058103975,-0.6,0.018263962318561967,-0.8510838831291232,0.701210992081975,0.051948051948051854,0.6355733868271478,0.045654565456545525,1.0,0.35864630623194366,0.19304779639975178,0.0,-0.10554951033732317,-0.22990990990990978,0.09723665073758571,Other_Faults
0.24013921113689096,0.23508771929824562,1.1047817445812838,1.1047907207052508,-0.17088607594936708,-0.25,-0.3157894736842105,-0.24474702594238212,-1.1153846153846154,0.5454545454545454,0.9724770642201835,0.0,-0.14851485148514856,-0.7064090480678602,0.652771308802981,-0.29870129870129875,0.1370779003677697,0.045654565456545525,1.0,-0.21234007428807256,-0.22501551831160702,-0.3421449116559377,-0.07321622882014611,-0.6356756756756756,-0.22376895906918756,Other_Faults
0.23897911832946636,0.23625730994152047,0.7966329357180085,0.7966374153285918,-0.22151898734177214,-0.2916666666666667,-0.3684210526315789,-0.29044001719936935,-0.7692307692307693,-0.7272727272727273,0.9663608562691132,-0.2,0.8518696529847156,-0.16588124410933056,0.4883558453656265,-0.14285714285714288,0.7900367769976594,0.045654565456545525,0.0,-0.2862154354106484,0.0,-0.4456923709080945,-0.44193999689103064,-0.6313513513513512,-0.19509661333887382,Bumps
0.4222737819025522,0.43859649122807015,-0.40012853558316186,-0.40014052843846976,-0.10126582278481013,0.9583333333333334,-0.10526315789473684,-0.001490612010892934,0.9615384615384616,1.2727272727272727,-0.03058103975535168,0.6,-0.17187349802941462,0.8049010367577755,-0.7335817419655333,1.5194805194805192,-0.18689401537947192,-2.3608360836083615,0.0,-0.11968633924886557,1.034450651769088,-0.6845637583892618,-1.2575781128555883,0.9412612612612613,0.13733638063577808,Bumps
0.46751740139211134,0.4584795321637427,-0.1596691733910306,-0.15967543821127073,-0.379746835443038,-0.25,-0.21052631578947367,-0.37666618890640674,0.4230769230769231,0.0,-0.03058103975535168,1.2,-0.2197443045275401,-0.9156456173421297,-0.48393106660456453,-0.5714285714285714,-0.9772651287194917,0.045654565456545525,1.0,-0.5668592653735041,-1.0418994413407816,-0.15888234488426262,0.6855277475516868,0.20756756756756758,-0.33596509453563256,Other_Faults
-0.4872389791183295,-0.49122807017543857,0.039976459686160704,0.039990648968428175,1.6582278481012658,1.25,1.6842105263157894,1.82296115809087,0.5769230769230769,0.0,-0.0061162079510703364,-0.6,0.22262808805152356,0.6470311027332705,-0.6571960875640428,0.46753246753246736,-1.2002674690738884,-0.17436743674367475,1.0,0.9985555096987199,0.361887026691496,1.3069442542117524,0.8011814083631278,0.3740540540540541,1.2831913567421567,Other_Faults
-0.8051044083526682,-0.7883040935672515,-0.057679554059363036,-0.057662941593656654,4.905063291139241,2.2916666666666665,3.4210526315789473,4.912311881897664,-0.15384615384615385,0.6363636363636364,0.9785932721712538,0.2,-0.584062289724118,0.8081998114985862,0.08453656264555194,1.688311688311688,-0.6870611835506519,-1.8102310231023109,1.0,1.750928600907965,1.4099937926753572,1.4691138200246547,0.30607803513135395,-0.057657657657657506,1.3486391024309161,Bumps
0.21577726218097448,0.20818713450292398,1.3843729341086841,1.384387090632691,-0.310126582278481,-0.375,-0.15789473684210525,-0.361014762792031,-0.34615384615384615,-0.2727272727272727,0.8318042813455657,0.2,0.8480246082860711,0.1413760603204525,-0.08476944573823939,-0.4285714285714286,0.1929120695419591,0.045654565456545525,1.0,-0.4325216673545195,-0.49565487274984427,-0.07670182166826471,0.41908907197264117,-0.5037837837837836,-0.21608144608352373,Bumps
-0.7088167053364269,-0.7263157894736842,-0.5263064059000147,-0.5263200245924767,-0.5822784810126582,-0.5416666666666666,-0.47368421052631576,-0.45859251827432995,2.9615384615384617,5.636363636363637,-0.06422018348623854,2.6,-0.3064500624819763,0.20640904806786048,0.3292966930600841,-0.4675324675324676,0.6108324974924773,0.045654565456545525,1.0,-1.1368138671068924,-0.8342644320297948,-0.6845637583892618,0.14270169438831032,3.7571171171171165,-0.3785580718886349,Other_Faults
0.45243619489559167,0.4444444444444444,0.14859586445701867,0.14859409764780535,-0.4177215189873418,-0.3333333333333333,-0.15789473684210525,-0.4080263723663466,0.5384615384615384,0.0,-0.15902140672782875,-0.6,-0.2903008747476689,0.11639962299717245,-0.3952026082906381,-0.45454545454545453,-0.5142092945503177,0.045654565456545525,1.0,-0.6496079240610815,-0.8342644320297948,-0.07670182166826471,0.626301880926473,0.3409009009009009,-0.2894244753791813,Bumps
-0.45243619489559167,-0.4093567251461988,0.0644071611780465,0.06440273178448765,0.33544303797468356,2.5833333333333335,0.8421052631578947,0.4956858248530887,0.6923076923076923,2.1818181818181817,-0.012232415902140673,0.2,0.3083725848312986,1.652214891611687,-0.9918490917559385,4.2597402597402585,-0.01872283517218338,-3.513751375137515,0.0,0.3105654147750714,1.9925512104283056,-0.3421449116559377,-1.4299704647909217,0.8785585585585586,1.1973820901724495,Bumps
0.3480278422273782,0.3730994152046784,1.8322936712002984,1.8323193845359287,1.4936708860759493,3.25,2.210526315789474,1.5781568009172997,0.15384615384615385,0.5454545454545454,-0.04892966360856269,0.6,-0.027684321830241318,1.0664467483506124,0.19981369352585002,2.2987012987012982,-1.0989635573386827,-3.0715071507150724,0.0,0.9366487825010315,1.373060211049038,0.5777290782084651,-0.6345406497745998,0.1902702702702703,1.3187201329731975,Bumps
0.09280742459396751,0.07953216374269007,0.33675218350084857,0.33677913762767275,0.7721518987341772,-0.20833333333333334,2.473684210526316,0.8249390855668626,0.4230769230769231,-0.18181818181818182,-0.06422018348623854,0.0,0.6740363356724021,-0.725730442978322,-1.3029809035863997,-0.6623376623376623,-1.2698094282848544,0.045654565456545525,1.0,0.5998761865456039,-1.2877094972067036,1.6677167511299829,1.2322400124358777,0.19099099099099104,0.3883232910866402,Other_Faults
-0.07888631090487239,-0.05146198830409357,0.23907092545093953,0.2390666429297024,0.3037974683544304,0.9583333333333334,-0.15789473684210525,0.2314461803067221,-0.19230769230769232,-0.7272727272727273,-0.06422018348623854,-0.4,0.9922137844852444,0.37040527803958523,-1.027713088029809,2.7922077922077917,0.8007355399531926,-2.521452145214522,0.0,0.28539001238134465,1.5484171322160152,-0.8245445829338448,-1.4539095289911392,-0.39207207207207184,0.3987118221483481,Bumps
0.537122969837587,0.5380116959064327,-0.5060383850166639,-0.5060343868671126,0.9556962025316456,1.5416666666666667,1.736842105263158,1.2028665615594094,0.8846153846153846,1.2727272727272727,0.0672782874617737,1.0,-0.3310583485533019,0.6630537229029215,-0.7058686539357243,0.15584415584415579,-1.5075225677031092,-0.9251925192519255,1.0,0.6983078827899297,0.09993792675356922,1.1483358444048766,0.8336701383491373,0.846126126126126,1.0795761479326824,Other_Faults
0.35498839907192575,0.34385964912280703,-0.3556501749482886,-0.35565580945984643,-0.34810126582278483,-0.25,0.10526315789473684,-0.32065357603554534,0.5769230769230769,0.6363636363636364,-0.05504587155963303,2.1,0.03845044698644614,-0.5409990574929309,-0.8998602701443875,-0.6623376623376623,-1.2002674690738884,0.045654565456545525,1.0,-0.5033016921172104,-1.2877094972067036,0.26544308998767296,0.9631587128866782,0.5153153153153154,-0.30085185954705995,Other_Faults
-0.43155452436194897,-0.4269005847953216,1.9098283965817109,1.909854057114397,0.189873417721519,1.8333333333333333,1.105263157894737,0.23224881754335674,0.6153846153846154,-0.09090909090909091,-0.03058103975535168,-0.6,0.3637412284917812,1.6065032987747405,0.8467629250116443,1.1428571428571428,-1.0802407221664996,-2.069856985698571,0.5,0.18881551795295065,0.8265052762259472,0.4823996712779077,-0.20270480335768692,0.2861261261261262,1.0602534801579055,Bumps
0.8677494199535963,0.8701754385964913,0.0826035713327783,0.08259937640505428,-0.0949367088607595,-0.2916666666666667,-0.3157894736842105,-0.21476279203095885,-0.7692307692307693,-1.5454545454545454,0.764525993883792,0.0,-0.5225415745458041,-0.5146088595664464,0.6676758267349793,-0.10389610389610393,0.7900367769976594,0.045654565456545525,0.0,-0.11163846471316555,0.0,-0.3421449116559377,-0.3222446758899425,-0.9765765765765766,-0.15998337835030127,Bumps
0.6102088167053364,0.6081871345029239,1.3557411596286773,1.3557575768731844,0.22151898734177214,-0.125,0.10526315789473684,0.14258277196502794,-0.46153846153846156,-0.09090909090909091,-0.03669724770642202,-0.4,-0.5859848120734402,-0.5923656927426953,-0.20121099208197468,-0.09090909090909102,-0.27148110999665676,0.045654565456545525,1.0,0.21667354519191076,-0.22501551831160702,0.26544308998767296,0.49681330638893206,-0.45621621621621616,0.0319966756700603,Bumps
0.054524361948955914,0.0456140350877193,-0.4886035113775554,-0.48861717018745976,-0.4810126582278481,-0.4583333333333333,-0.5263157894736842,-0.5580622043858392,-0.8076923076923077,-2.1818181818181817,0.8807339449541285,0.6,1.133326924925502,-0.5042412818096134,0.5880298090358642,-0.44155844155844154,0.694416583082581,0.045654565456545525,0.0,-0.8072637226578624,-0.49565487274984427,-0.8245445829338448,-0.3754080522306855,-1.2158558558558554,-0.3606897984624973,Bumps
0.4605568445475638,0.45497076023391814,-0.3065794546073222,-0.30657972346085993,0.46835443037974683,-0.25,0.5789473684210527,0.40011466246237637,-0.38461538461538464,-0.45454545454545453,-0.06422018348623854,0.0,-0.2382005190810343,-0.7478793590951929,-0.7594317652538425,-0.28571428571428575,-0.30859244399866276,0.045654565456545525,1.0,0.4089971110193972,-0.49565487274984427,0.7075743048897413,0.8694232861806311,-0.332252252252252,0.1678786619571992,Bumps
0.5266821345707656,0.5239766081871345,-0.5054372550184888,-0.5054495529465348,-0.24050632911392406,-0.16666666666666666,-0.3684210526315789,-0.29886770818403324,-0.38461538461538464,-0.2727272727272727,-0.03669724770642202,2.1,-0.38277419975007204,-0.6060320452403392,0.8467629250116443,-0.09090909090909102,-0.15112002674690744,0.045654565456545525,0.5,-0.3157243087082134,-0.22501551831160702,-0.4456923709080945,-0.20270480335768692,-0.534054054054054,-0.2511946810720963,Bumps
-0.3863109048723898,-0.3953216374269006,0.8625095257804829,0.8625159060889258,-0.056962025316455694,-0.20833333333333334,-0.2631578947368421,-0.07573455639959868,-0.5384615384615384,0.45454545454545453,0.8685015290519877,0.6,0.25665673363452834,-0.6955702167766256,0.6676758267349793,-0.20779220779220786,0.1929120695419591,0.045654565456545525,1.0,-0.06520841931489901,-0.1076970825574176,-0.24708943980276699,-0.08316493082543136,-0.09729729729729718,-0.15998337835030127,Other_Faults
-0.29118329466357307,-0.2994152046783626,0.15668718993551659,0.15668605331508006,0.0949367088607595,-0.25,-0.10526315789473684,0.017944675361903396,-0.7307692307692307,-0.18181818181818182,-0.06422018348623854,0.0,0.7167163318273574,-0.6107445805843542,0.26455519329296706,0.012987012987012906,0.36008024072216654,0.045654565456545525,1.0,0.0992571192736273,-0.1076970825574176,0.0,0.1859163687237681,-0.49513513513513496,-0.05568252649075418,Bumps
-0.4756380510440835,-0.47485380116959064,0.022099284797301385,0.022103251061260563,0.6392405063291139,1.3333333333333333,1.0,0.7549376522860829,0.6153846153846154,0.6363636363636364,-0.0061162079510703364,-0.6,0.2506969143516292,1.127238454288407,0.204238472286912,0.8441558441558439,-0.9899699097291875,-1.1435643564356437,1.0,0.521254643004539,0.6464928615766609,0.7075743048897413,0.2261775221514068,0.48576576576576586,1.1105339704965715,Other_Faults
-0.7053364269141531,-0.7204678362573099,-0.05000265591119054,-0.05001066322638464,-0.46835443037974683,-0.5,-0.5263157894736842,-0.4292389279059768,0.8076923076923077,1.4545454545454546,0.9571865443425076,0.6,-0.38738825338844557,-0.6352497643732326,0.5880298090358642,-0.45454545454545453,1.0287529254429955,0.045654565456545525,0.0,-0.7734213784564592,-0.49565487274984427,-0.8245445829338448,-0.3754080522306855,0.9383783783783783,-0.3606897984624973,Other_Faults
0.7041763341067285,0.6994152046783626,-0.006514608300432466,-0.006515218172767409,-0.11392405063291139,-0.5,0.15789473684210525,-0.16390998996703454,-0.07692307692307693,-0.8181818181818182,0.039755351681957186,-0.6,-0.7359415553205805,-0.18661639962299698,-0.5947834187238006,-0.3896103896103897,0.657305249080575,0.045654565456545525,1.0,-0.13578208832026473,-0.6542520173805085,0.32351732639364505,0.7596766671848283,-0.37765765765765746,-0.12632453771036767,Other_Faults
0.3294663573085847,0.32748538011695905,0.13947162619075543,0.139481312268443,1.5632911392405062,0.16666666666666666,1.0,1.3743442740432852,-1.8076923076923077,0.6363636363636364,-0.06422018348623854,0.0,0.07151783139478997,-0.7747408105560788,-0.6637168141592921,0.10389610389610371,-0.5760615178869943,0.045654565456545525,1.0,0.963268675196037,0.0,0.9973976167648273,0.80553396549044,-0.534054054054054,0.8645335549553292,Other_Faults
-0.345707656612529,-0.34152046783625734,1.489581728172486,1.489598292200803,0.17088607594936708,0.2916666666666667,-0.05263157894736842,0.15393435574028952,-0.11538461538461539,0.18181818181818182,0.8440366972477065,0.0,0.3431702393540324,1.0311027332704994,0.23917093619003266,0.6623376623376621,0.43162821798729517,0.045654565456545525,0.0,0.17148163433759786,0.7690875232774673,0.07231886043007804,-0.6082698585418933,-0.08288288288288274,0.6085601495948473,Other_Faults
-0.22157772621809746,-0.23157894736842105,0.28030697074132527,0.28030269362828175,-0.46835443037974683,-0.375,-0.5789473684210527,-0.39409488318761643,1.0769230769230769,2.909090909090909,0.8501529051987767,-0.02,0.590791117946746,-0.7360980207351552,0.1481136469492315,-0.36363636363636365,0.47141424272818455,0.045654565456545525,0.0,-0.7734213784564592,-0.35350713842333914,-0.9834269278181074,-0.669050209855433,1.5776576576576575,-0.36484521088718047,Bumps
-0.8190255220417634,-0.808187134502924,0.6636559327533805,0.663654491479806,-0.379746835443038,0.4583333333333333,-0.3684210526315789,-0.3222588505088147,0.0,3.5454545454545454,0.9724770642201835,0.0,-0.6111698548495625,-0.43873704052780366,-1.2636236609222171,1.3116883116883113,1.0287529254429955,-3.954895489548956,0.0,-0.5668592653735041,1.2141527001862202,-1.9915080126010138,-1.6115342763873775,0.9938738738738739,-0.30978599626012876,Other_Faults
0.42691415313225056,0.4421052631578947,5.978424534518694,5.978499990401781,1.120253164556962,0.5,0.47368421052631576,1.1552243084420237,-0.5769230769230769,0.0,-0.04281345565749235,-0.6,-0.18994520811304427,0.09754948162111238,0.156730321378668,1.4415584415584415,0.42092945503176193,-1.5841584158415847,0.0,0.7781675608749482,0.985412787088765,0.20435556773044794,-0.6632986165086273,0.0836036036036037,0.939330978599626,Other_Faults
0.6682134570765661,0.6631578947368421,-0.527106334795224,-0.5271189119354243,-0.45569620253164556,-0.4166666666666667,-0.3684210526315789,-0.49878171133725097,-0.19230769230769232,-0.9090909090909091,-0.03669724770642202,0.0,-0.7188311064116119,-0.09990574929311966,0.21169073125291102,-0.37662337662337664,0.11701771982614483,0.045654565456545525,1.0,-0.7408171687990097,-0.6542520173805085,-0.4456923709080945,0.2212031711487642,-0.5390990990990989,-0.32723872844379803,Other_Faults
-0.7795823665893271,-0.7192982456140351,-0.3735494386034851,-0.3735521481733538,2.7531645569620253,3.6666666666666665,2.1578947368421053,3.013214848788878,0.46153846153846156,0.7272727272727273,-0.04892966360856269,2.1,-0.4808228395655098,1.5202639019792648,-0.6637168141592921,5.935064935064934,-0.04480106987629581,-3.0308030803080315,0.0,1.3274865868757735,2.3441961514587213,0.5777290782084651,-1.2109435722058137,0.39927927927927936,1.3486391024309161,Other_Faults
-0.839907192575406,-0.8526315789473684,0.09551603302586122,0.09551042668946397,-0.2848101265822785,-0.2916666666666667,-0.42105263157894735,-0.28533753762362046,0.23076923076923078,0.0,0.8440366972477065,0.0,-0.6496203018360087,-0.7224316682375114,0.26455519329296706,-0.19480519480519484,0.550986292209963,-0.5044004400440045,0.0,-0.38815517952950906,-0.1076970825574176,-0.6845637583892618,-0.5913259754391419,0.11243243243243255,-0.28236027425722,Other_Faults
0.32018561484918795,0.3146198830409357,0.01750061401511187,0.017493476498433122,-0.4050632911392405,-0.375,-0.5263157894736842,-0.4089436720653576,0.07692307692307693,0.45454545454545453,0.9571865443425076,0.2,0.6951840815149475,-0.8708765315739864,0.3809967396367026,-0.37662337662337664,-0.1651621531260448,0.045654565456545525,0.0,-0.6211308295501445,-0.35350713842333914,-0.8245445829338448,-0.5136017410228509,0.11891891891891901,-0.3442759193849989,Other_Faults
0.07540603248259861,0.08421052631578947,-0.388339971358233,-0.3883407677891148,1.3101265822784811,0.75,0.6842105263157895,1.1831446180306722,-0.5,0.0,0.9663608562691132,0.0,1.1431317889070458,0.7064090480678602,0.3809967396367026,0.7012987012987012,-0.257104647275159,-0.13201320132013217,1.0,0.8621543541064788,0.8265052762259472,0.7478427612655807,0.10819213430747711,-0.4057657657657657,1.2279243714938706,Bumps
0.3062645011600928,0.31812865497076026,1.7353008463678967,1.7353211024855704,0.11392405063291139,0.9583333333333334,0.5263157894736842,0.1394295542496775,0.2692307692307692,0.6363636363636364,-0.03669724770642202,0.2,0.11400557531481294,1.370405278039585,0.19469026548672572,1.2467532467532465,-0.4149114008692744,-1.918591859185919,0.0,0.1180354931902598,0.8814400993171942,0.14025475962197,-0.6379605160889166,0.2025225225225226,0.7837107832952419,Bumps
-0.8677494199535963,-0.8842105263157894,-0.09022261795006782,-0.09022746200223047,-0.08860759493670886,-0.2916666666666667,-0.15789473684210525,-0.17124838755912283,-0.5384615384615384,-0.18181818181818182,-0.20795107033639143,-0.6,-0.6938383158704219,-1.080113100848256,-0.08476944573823939,-0.2467532467532468,-0.1651621531260448,0.045654565456545525,1.0,-0.10379694593479158,-0.49565487274984427,-0.07670182166826471,0.41908907197264117,-0.6486486486486486,-0.21608144608352373,Bumps
0.4605568445475638,0.4830409356725146,-0.5099370522751693,-0.5099409933078064,1.9367088607594938,2.2916666666666665,1.736842105263158,1.8925612727533323,0.07692307692307693,0.0,-0.04892966360856269,-0.6,-0.2939536672113813,0.6036757775683318,0.4233814625058223,2.0129870129870127,-0.8629220996322301,-2.5429042904290435,0.0,1.0943045810978123,1.2557417752948479,0.6226544308998772,-0.48531011969532095,-0.1448648648648647,1.3083316019114897,Other_Faults
-0.8491879350348028,-0.856140350877193,1.4363257125336393,1.4363447459220062,0.7848101265822784,0.0,0.2631578947368421,0.7466819549949835,-0.3076923076923077,0.0,0.012232415902140673,-0.6,-0.6521195808901277,-0.13807728557964177,0.23917093619003266,0.4545454545454544,0.39184219324640573,0.045654565456545525,1.0,0.6070986380520015,0.361887026691496,0.4317216819613752,0.20286025182651957,-0.1657657657657657,0.6085601495948473,Other_Faults
-0.8236658932714617,-0.8421052631578947,-0.14831081418666794,-0.14831745858105722,-0.5822784810126582,-0.5,-0.2631578947368421,-0.6687114805790454,-1.1923076923076923,-3.090909090909091,0.9785932721712538,2.82,-0.6203979621263096,1.0348727615457116,-0.227992547741034,-0.6103896103896104,0.2858575727181545,0.045654565456545525,1.0,-1.1368138671068924,-0.8342644320297948,-0.24708943980276699,0.5146898803046791,-1.9754954954954953,-0.3207978391855391,Other_Faults
0.04524361948955916,0.03625730994152047,0.0816043176175267,0.08159800609500027,-0.4810126582278481,-0.4583333333333333,-0.5263157894736842,-0.5217715350437151,-0.46153846153846156,-0.2727272727272727,-0.0672782874617737,0.2,0.7774680380659423,-0.5042412818096134,0.5880298090358642,-0.2727272727272727,0.694416583082581,0.045654565456545525,0.0,-0.8072637226578624,-0.49565487274984427,-0.8245445829338448,-0.3754080522306855,-0.5304504504504504,-0.3606897984624973,Bumps
-0.24361948955916474,-0.25380116959064325,0.04307782766449688,0.04308153831306444,0.2721518987341772,0.08333333333333333,0.5263157894736842,0.19532750465816254,-0.11538461538461539,-0.2727272727272727,-0.04281345565749235,0.6,0.8249543400942035,0.021206409048067875,-0.6504424778761062,-0.18181818181818182,-0.8609160815780674,0.045654565456545525,1.0,0.2595955427156415,-0.35350713842333914,0.6659361731269694,0.7966734027669828,-0.42666666666666647,0.2329108664034906,Bumps
-0.7320185614849188,-0.7403508771929824,0.12913513539098956,0.1291436364205324,1.139240506329114,0.375,0.8947368421052632,0.9895370503081554,-0.6153846153846154,-0.2727272727272727,0.9908256880733946,-0.2,-0.44179563587426696,0.13430725730442986,-0.48393106660456453,0.0,-0.6429287863590772,0.045654565456545525,1.0,0.7868345026826246,0.19304779639975178,0.9313792631146424,0.6855277475516868,-0.5066666666666666,0.9648867650114273,Other_Faults
0.5916473317865429,0.591812865497076,-0.3431968440412134,-0.3432038958774731,0.2088607594936709,-0.16666666666666666,-0.05263157894736842,-0.15055181310018634,-2.076923076923077,-2.909090909090909,-0.03058103975535168,2.6,-0.5411900413342304,-0.5339302544769082,0.2987890079180254,0.0909090909090908,0.2420595118689402,0.045654565456545525,1.0,0.20553033429632617,0.0,0.07231886043007804,0.16306544380537855,-2.1722522522522523,0.03511323498857267,Other_Faults
0.6937354988399071,0.6947368421052632,1.5471229644807378,1.5471507885396745,1.4240506329113924,-0.3333333333333333,1.0526315789473684,0.7430127561989394,-1.9230769230769231,-1.7272727272727273,0.039755351681957186,-0.4,-0.7247909256945111,-0.5593779453345897,-0.6637168141592921,0.07792207792207789,1.0287529254429955,-0.09900990099009913,1.0,0.9092034667767226,0.0,0.9973976167648273,0.80553396549044,-1.9308108108108104,0.8645335549553292,Other_Faults
-0.7691415313225058,-0.776608187134503,-0.0012616892962571636,-0.001263809272615441,0.35443037974683544,-0.041666666666666664,0.0,0.30379819406621755,-0.6923076923076923,0.5454545454545454,0.9602446483180428,-0.2,-0.5129289627991925,-0.11168708765315737,0.5880298090358642,0.0909090909090908,0.36008024072216654,0.045654565456545525,1.0,0.32521667354519174,0.2799503414028555,0.14025475962197,-0.030001554484688303,-0.2630630630630629,0.2605443590276335,Bumps
0.5696055684454756,0.5684210526315789,-0.32928039532580666,-0.3292846381958084,0.35443037974683544,0.0,0.3157894736842105,0.14665328937938943,-0.38461538461538464,-2.1818181818181817,-0.06422018348623854,0.0,-0.5138902239738535,-0.3854853911404334,-0.21192361434559848,0.012987012987012906,-0.4042126379137412,-0.412541254125413,1.0,0.32521667354519174,-0.1076970825574176,0.37885221202575026,0.5038084874863984,-1.1012612612612611,0.17805942239767295,Other_Faults
0.3062645011600928,0.32046783625730996,-0.5158852414959565,-0.5158813702259053,3.3987341772151898,0.8333333333333334,1.263157894736842,2.784635230041565,-2.3076923076923075,-1.0,0.7737003058103975,-0.6,0.595020667115255,0.1357210179076345,0.015137401024685752,1.0129870129870129,-0.11300568371782028,0.045654565456545525,1.0,1.476681799422203,0.985412787088765,1.1483358444048766,0.35240167884346335,-0.9657657657657658,1.340536048202784,Other_Faults
0.9559164733178654,0.9637426900584796,1.7336068483590412,1.7336207714916605,-0.3227848101265823,-0.125,-0.3684210526315789,-0.2923892790597678,0.6538461538461539,0.6363636363636364,0.8440366972477065,-0.02,-0.6519273286551955,-0.6583411875589064,-0.66022356776898,0.19480519480519473,0.842861919090605,-2.4548954895489556,0.0,-0.4554271564176642,0.361887026691496,-1.1666894945897825,-1.208611845173325,0.5218018018018019,-0.2962809058799085,Other_Faults
-0.722737819025522,-0.712280701754386,-0.37255491819530573,-0.37256234831856305,1.0063291139240507,0.9583333333333334,0.3157894736842105,1.1563709330657876,0.6538461538461539,0.5454545454545454,-0.04281345565749235,-0.6,-0.3425934826492358,0.33270499528746483,-0.20493712156497432,1.818181818181818,0.04112337011033091,-1.558855885588559,0.0,0.7236896409409816,1.17163252638113,0.07231886043007804,-0.9047100886056272,0.48792792792792794,0.9690421774361105,Other_Faults
-0.5823665893271461,-0.5695906432748538,-0.29264985781671476,-0.2925915689774005,13.70253164556962,3.5833333333333335,6.421052631578948,11.657159237494625,-0.5,-1.0,-0.06422018348623854,4.6,0.003268287993847888,0.48727615457115936,-0.9496972519795063,1.9220779220779216,-1.3146104981611502,0.045654565456545525,1.0,2.586050350804786,1.2141527001862202,2.5804684289823325,0.9964246852168507,-0.9527927927927926,1.3486391024309161,Other_Faults
0.9234338747099768,0.9298245614035088,-0.4605849631249083,-0.46059194975056467,0.2911392405063291,0.375,0.47368421052631576,0.3462806363766662,0.4230769230769231,0.0,0.9724770642201835,4.6,-0.4929347303662404,0.3369462770970782,0.3809967396367026,0.0909090909090908,-0.5315947843530592,-1.3806380638063809,1.0,0.27527858027238944,0.2799503414028555,0.26544308998767296,0.10819213430747711,0.3243243243243244,0.37128610014543934,Other_Faults
0.191415313225058,0.18596491228070175,1.0367940995645883,1.0368043033678702,0.0,-0.375,-0.10526315789473684,-0.024824423104486168,-0.2692307692307692,-0.09090909090909091,0.9571865443425076,-0.4,0.9458809958665767,-0.5282752120640902,0.11900326036329772,-0.29870129870129875,0.75025075225677,0.045654565456545525,1.0,0.0,-0.22501551831160702,0.0,0.28307166174413184,-0.14342342342342343,-0.10326199875337619,Bumps
-0.32830626450116007,-0.26783625730994154,0.21937458287731426,0.21939423933328933,7.044303797468355,6.75,4.421052631578948,0.44500501648272894,-3.6538461538461537,-8.181818181818182,0.8440366972477065,-0.02,0.37816014611169846,1.3737040527803956,0.28924080111783906,4.44155844155844,-1.0173854898027415,-2.5429042904290435,0.0,2.035905901774658,2.2886405959031655,1.4471990138337218,-0.5748484377428883,-5.292972972972972,1.3486391024309161,Other_Faults
-0.8897911832946636,-0.9029239766081871,-0.09679350001235919,-0.0967411023856438,3.9050632911392404,0.875,5.631578947368421,2.3396875447900243,-1.5,-3.0,0.9571865443425076,0.2,-0.7497837162357011,0.5395852968897268,-1.256637168141593,-0.22077922077922077,-1.3594115680374457,0.0016501650165014687,1.0,1.5786215435410638,-0.1076970825574176,2.4361046431995623,1.2013057671381937,-2.1246846846846847,1.3478080199459797,Other_Faults
-0.7099767981438515,-0.7204678362573099,0.6444660540364854,0.6444727803725108,0.22151898734177214,-0.125,0.05263157894736842,0.21596674788591086,-0.07692307692307693,0.5454545454545454,0.9602446483180428,-0.2,-0.3966163606651927,-0.21065032987747384,0.11131811830461125,-0.14285714285714288,0.0999665663657637,0.045654565456545525,1.0,0.21667354519191076,0.0,0.20435556773044794,0.2882014612156071,-0.014414414414414427,0.12050696031581132,Bumps
0.03248259860788863,0.021052631578947368,-0.5008669840787328,-0.5008776453282051,-0.4620253164556962,-0.4583333333333333,-0.21052631578947367,-0.16448330227891644,4.153846153846154,8.454545454545455,0.039755351681957186,-0.6,0.8720561376526,0.2544769085768145,-0.31765253842571023,-0.4935064935064935,0.025743898361751682,0.045654565456545525,1.0,-0.7569129178704088,-0.8342644320297948,-0.15888234488426262,0.5745375408052231,5.5351351351351346,-0.3052150425929773,Other_Faults
0.11716937354988399,0.1111111111111111,1.5775733807225025,1.5775873970393834,-0.26582278481012656,-0.4166666666666667,-0.42105263157894735,-0.3197936075677225,-0.19230769230769232,-0.9090909090909091,0.9602446483180428,0.0,1.0929539555897334,-0.785108388312912,0.6350721937587334,-0.29870129870129875,1.0287529254429955,0.045654565456545525,0.0,-0.356376392901362,-0.22501551831160702,-0.5591014929461718,-0.34400746152650397,-0.5052252252252252,-0.2775815499688344,Bumps
-0.888631090487239,-0.9076023391812865,-0.4932174339269777,-0.49320275198019137,1.2025316455696202,-0.375,2.3157894736842106,0.4100902966891214,-2.923076923076923,-2.5454545454545454,0.9571865443425076,0.2,-0.7474766894165144,-0.5537229029217717,-1.2191429902189101,-0.6103896103896104,-0.3644266131728518,0.045654565456545525,1.0,0.8155179529508871,-0.8342644320297948,1.6115600602657176,1.1762785636561481,-2.478558558558558,0.738832329108664,Other_Faults
0.3990719257540603,0.4,-0.4262995163086095,-0.4263081648758319,0.24050632911392406,-0.16666666666666666,-0.10526315789473684,0.12251684104916154,-1.3076923076923077,0.6363636363636364,0.9541284403669725,0.0,0.5273478804191097,-0.3605089538171533,0.701210992081975,0.012987012987012906,0.6355733868271478,0.045654565456545525,1.0,0.23297565002063506,0.19304779639975178,0.0,-0.10554951033732317,-0.6803603603603602,0.09723665073758571,Bumps
0.015081206496519721,0.023391812865497075,1.4187704025256926,1.418781320762209,-0.18354430379746836,0.375,0.0,-0.07441593808227032,1.1538461538461537,1.4545454545454546,0.012232415902140673,-0.6,0.8518696529847156,0.46936852026390197,-0.7058686539357243,1.1168831168831166,0.36008024072216654,-3.010451045104511,0.0,-0.23029302517540262,0.8265052762259472,-0.8245445829338448,-1.239079745064511,1.1682882882882883,-0.05568252649075418,Other_Faults
0.894431554524362,0.9099415204678363,-0.11488577741150162,-0.11489567262343506,-0.4873417721518987,0.16666666666666666,-0.3684210526315789,-0.5657445893650566,-0.6923076923076923,-2.1818181818181817,0.9541284403669725,2.82,-0.4669806786503892,1.2299717247879358,-0.8998602701443875,0.7012987012987012,0.8950183884988295,-2.4548954895489556,0.0,-0.8245976062732151,0.8265052762259472,-1.1666894945897825,-1.368568319602052,-1.264144144144144,-0.19239559526282984,Bumps
0.6902552204176334,0.6947368421052632,-0.11966168424739629,-0.1196679594897324,0.0759493670886076,-0.125,0.10526315789473684,0.09408055037981941,0.3076923076923077,-0.09090909090909091,0.039755351681957186,-0.6,-0.7247909256945111,-0.27285579641847285,0.41010712622263634,0.3506493506493505,0.657305249080575,-1.87953795379538,0.0,0.08027238959966967,0.2799503414028555,-0.24708943980276699,-0.49417068241877815,0.16360360360360368,-0.006233118637024729,Other_Faults
0.4709976798143852,0.47251461988304094,0.012318694617020235,0.012320957065984992,0.8227848101265823,-0.041666666666666664,0.42105263157894735,0.7051741436147341,-0.6923076923076923,-0.45454545454545453,-0.06422018348623854,-0.4,-0.28088051523598956,-0.21819038642789793,-0.13856544014904518,0.29870129870129863,0.1929120695419591,0.045654565456545525,1.0,0.6281469252992152,0.19304779639975178,0.5777290782084651,0.45499766827296745,-0.4663063063063061,0.6052358196551006,Other_Faults
0.154292343387471,0.1543859649122807,-0.18687727428830783,-0.18688809713081636,-0.47468354430379744,-0.16666666666666666,-0.5263157894736842,-0.4432850795470833,0.5769230769230769,1.4545454545454546,0.9724770642201835,1.46,1.0137460347976543,0.2973609802073517,-0.6087564042850488,0.0909090909090908,0.8321631561350719,-1.3294829482948298,0.0,-0.7901361947998352,0.2799503414028555,-1.1666894945897825,-1.1742577335613245,0.8151351351351351,-0.30978599626012876,Other_Faults
0.3491879350348028,0.352046783625731,0.9121477170471106,0.912154736957533,-0.14556962025316456,0.125,-0.15789473684210525,-0.21923462806363767,-0.19230769230769232,-0.2727272727272727,-0.03058103975535168,0.2,0.03672017687205614,0.6602262016965128,0.2987890079180254,0.48051948051948046,0.053493814777666376,-0.6875687568756877,0.0,-0.17746595130004184,0.361887026691496,-0.24708943980276699,-0.5684750505207524,-0.6126126126126125,0.03511323498857267,Bumps
-0.4547563805104408,-0.4631578947368421,-0.32646249984879716,-0.3264714397774896,-0.43670886075949367,-0.041666666666666664,-0.15789473684210525,-0.4952271750035832,-0.3076923076923077,-0.09090909090909091,-0.04281345565749235,4.6,0.3104873594155531,1.2540056550424128,0.8467629250116443,0.10389610389610371,-0.14142427281845538,-0.6875687568756877,0.5,-0.6941807676434175,0.0,-0.24708943980276699,-0.20270480335768692,-0.7733333333333331,-0.12362351963432369,Other_Faults
-0.26102088167053367,-0.2573099415204678,-0.52435628338625,-0.5243698769508379,0.02531645569620253,0.4583333333333333,0.10526315789473684,0.01897663752329081,0.34615384615384615,-0.7272727272727273,-0.44954128440366975,-0.6,0.9487647793905601,-0.2426955702167765,-0.5293432696786212,1.1818181818181814,-0.016048144433299986,-2.979647964796481,0.0,0.027651671481634034,0.7091868404717571,-0.6845637583892618,-1.1212498056894138,-0.0036036036036036067,-0.03739871182214838,Bumps
0.605568445475638,0.6046783625730994,0.04392508963042864,0.043918292600509785,-0.4240506329113924,-0.20833333333333334,-0.2631578947368421,-0.41760068797477423,0.38461538461538464,0.0,0.9571865443425076,0.2,0.12996251081418816,-0.09519321394910457,0.07056357708430368,-0.22077922077922077,0.1929120695419591,-2.069856985698571,0.0,-0.664259182831201,-0.1076970825574176,-0.8245445829338448,-0.7208145499766827,0.29549549549549553,-0.30978599626012876,Other_Faults
0.4802784222737819,0.4760233918128655,-0.44079500625585416,-0.440804367531304,-0.18354430379746836,-0.25,-0.15789473684210525,-0.20415651426114376,-0.11538461538461539,1.1818181818181819,-0.04281345565749235,2.1,-0.27203691242910694,-0.2111215834118753,0.07056357708430368,-0.18181818181818182,-0.1651621531260448,0.045654565456545525,1.0,-0.23029302517540262,-0.35350713842333914,-0.07670182166826471,0.31540494326130886,-0.11891891891891881,-0.17639725742779963,Other_Faults
0.5092807424593968,0.5029239766081871,-0.3892003813993654,-0.3892038185657947,0.0379746835443038,-0.375,0.3684210526315789,0.023448473555969615,0.19230769230769232,-0.7272727272727273,-0.06422018348623854,2.3,-0.35470537344996633,-0.25824693685202615,-0.7368421052631579,-0.37662337662337664,-0.08559010364426635,0.045654565456545525,1.0,0.041064795707799834,-0.6542520173805085,0.5308861799753459,0.8543447847038709,-0.06486486486486472,-0.031165593185123647,Other_Faults
-0.7238979118329466,-0.7403508771929824,1.5447915477861534,1.5448040898403776,-0.4873417721518987,-0.4583333333333333,-0.5263157894736842,-0.49952701734269744,0.2692307692307692,-0.18181818181818182,0.9785932721712538,0.0,-0.42526194367009507,-0.8562676720075397,0.8467629250116443,-0.5324675324675324,0.36008024072216654,0.045654565456545525,0.5,-0.8245976062732151,-0.6542520173805085,-0.8245445829338448,-0.20270480335768692,0.010810810810810919,-0.37668813629752745,Bumps
0.3039443155452436,0.3017543859649123,-0.21541964185695,-0.21542609910778643,0.0,-0.125,-0.15789473684210525,0.19337824279776408,1.4230769230769231,2.090909090909091,-0.03058103975535168,0.0,0.1578390848793617,-0.19415645617342106,0.5363297624592457,0.0909090909090908,0.0999665663657637,-0.2981298129812983,1.0,0.0,0.0,-0.07670182166826471,0.0045080055961449,1.5308108108108107,-0.04654061915645122,Other_Faults
0.4037122969837587,0.4046783625730994,-0.12195523448540274,-0.12196101335099055,0.0759493670886076,0.0,-0.21052631578947367,-0.03399742009459653,-1.4230769230769231,0.7272727272727273,0.9663608562691132,1.6,0.5242718446601939,-0.2426955702167765,0.6914299021891013,0.012987012987012906,0.07355399531929127,0.045654565456545525,0.0,0.08027238959966967,0.19304779639975178,-0.15888234488426262,-0.3063889320690191,-0.735135135135135,0.0,Other_Faults
-0.6531322505800464,-0.6526315789473685,-0.06725345649748951,-0.06725695272601241,-0.14556962025316456,0.6666666666666666,0.10526315789473684,-0.05297405761788734,0.19230769230769232,1.9090909090909092,-0.01834862385321101,-0.02,-0.1764875516677881,1.5763430725730443,0.3174196553330231,0.9480519480519478,-0.32664660648612504,-0.7794279427942798,0.0,-0.17746595130004184,0.7091868404717571,0.07231886043007804,-0.5560391730141458,0.941981981981982,0.5535009349677954,Bumps
0.37122969837587005,0.391812865497076,-0.5090782200030609,-0.5090947722842366,-0.4050632911392405,0.4583333333333333,-0.5789473684210527,-0.29709044001719936,-0.11538461538461539,5.7272727272727275,0.9724770642201835,0.0,0.5523406709602998,-0.2426955702167765,-1.2636236609222171,1.3116883116883113,1.0287529254429955,-3.0973597359735985,0.0,-0.6211308295501445,1.2141527001862202,-1.9915080126010138,-1.6115342763873775,1.8356756756756758,-0.30978599626012876,Other_Faults
-0.777262180974478,-0.791812865497076,0.9052197332623688,0.9052256120442128,-0.3670886075949367,-0.08333333333333333,-0.21052631578947367,-0.3613014189479719,0.34615384615384615,0.0,-0.05504587155963303,0.0,-0.4746707680476785,-0.09990574929311966,0.6350721937587334,-0.18181818181818182,-0.5549983283182882,-1.1331133113311338,1.0,-0.5408584399504749,-0.35350713842333914,-0.4456923709080945,-0.06140214518886988,0.2371171171171172,-0.2775815499688344,Other_Faults
-0.28306264501160094,-0.25380116959064325,-0.4116078570793707,-0.4116184200595931,0.5126582278481012,1.9166666666666667,0.631578947368421,0.7111365916583059,0.9230769230769231,1.2727272727272727,-0.04281345565749235,-0.6,0.7288282226280879,1.0339302544769082,-0.8469958081043316,3.0519480519480515,-0.11902373788030783,-3.2546754675467553,0.0,0.4393314073462646,1.643699565487275,-0.3421449116559377,-1.3332815171770558,0.9290090090090091,0.971119883648452,Other_Faults
0.265661252900232,0.2631578947368421,0.30415652730934106,0.3041557130832134,-0.08860759493670886,-0.20833333333333334,-0.21052631578947367,-0.12297549089866705,-0.6153846153846154,-0.09090909090909091,0.7706422018348624,0.0,0.7092184946650003,-0.2799245994344955,0.8467629250116443,-0.10389610389610393,0.4018722835172182,-0.3470847084708474,0.5,-0.10379694593479158,0.0,-0.24708943980276699,-0.20270480335768692,-0.23279279279279275,-0.12362351963432369,Bumps
0.5730858468677494,0.5719298245614035,0.28571766664790876,0.2857171407616883,-0.16455696202531644,0.125,-0.15789473684210525,-0.055324638096603124,0.8846153846153846,2.0,0.8440366972477065,0.6,0.1288089974045948,0.03817153628652238,0.5139729855612484,-0.19480519480519484,-0.6429287863590772,-0.32123212321232136,1.0,-0.203466776723071,-0.1076970825574176,-0.15888234488426262,0.01943105860407277,1.132972972972973,-0.12632453771036767,Bumps
0.6264501160092807,0.6198830409356725,-0.042498786432658975,-0.042506697058395826,-0.5886075949367089,-0.5,-0.47368421052631576,-0.5917156370933065,0.2692307692307692,0.45454545454545453,0.9724770642201835,-0.2,0.10919926944150717,-0.04618284637134766,0.5556590591523057,-0.6103896103896104,0.2858575727181545,-0.5654565456545656,1.0,-1.161989269500619,-0.8342644320297948,-0.8245445829338448,-0.008394217316959409,0.3091891891891892,-0.39206316226885507,Bumps
-0.6705336426914154,-0.6456140350877193,-0.17695889227992356,-0.17695328349798004,2.740506329113924,3.5416666666666665,2.3157894736842106,3.4729539916869716,0.9615384615384616,2.090909090909091,0.9785932721712538,0.2,-0.32086898010189363,1.2375117813383598,0.5218910107126226,2.155844155844155,-0.9582079572049481,-2.1721672167216726,0.0,1.3243912505158888,1.6126629422718808,0.9973976167648273,-0.4195554173791389,1.228108108108108,1.3482235611884479,Bumps
-0.7215777262180975,-0.7134502923976608,-0.34825832707046683,-0.34826649598492054,1.0379746835443038,0.7916666666666666,0.21052631578947367,1.3268166833882757,0.9615384615384616,1.1818181818181819,-0.04281345565749235,-0.6,-0.33990195136018453,-0.26437323279924585,-0.27759664648346527,1.623376623376623,0.10932798395185539,-1.7046204620462053,0.0,0.7391663227404035,1.0816263190564865,-0.07670182166826471,-0.9532100108813928,0.944864864864865,0.7417411178059421,Other_Faults
-0.7946635730858469,-0.808187134502924,0.051491543946915436,0.05148484441287697,-0.4873417721518987,-0.375,-0.47368421052631576,-0.4721800200659309,0.46153846153846156,1.4545454545454546,-0.03058103975535168,-0.02,-0.5186965298471594,0.16823751178133836,0.21169073125291102,-0.09090909090909102,0.75025075225677,-0.5654565456545656,0.0,-0.8245976062732151,-0.22501551831160702,-0.8245445829338448,-0.626612777864138,0.5376576576576577,-0.32723872844379803,Other_Faults
0.8561484918793504,0.8631578947368421,-0.08858804924111939,-0.08859339816119169,0.17088607594936708,-0.08333333333333333,-0.21052631578947367,0.01719936935645693,-0.9230769230769231,-1.1818181818181819,0.8562691131498471,0.2,-0.44294914928386037,-0.1701225259189442,0.4357242664182582,0.19480519480519473,0.6766967569374791,0.045654565456545525,0.0,0.17148163433759786,0.361887026691496,-0.15888234488426262,-0.4770713508471941,-0.949189189189189,0.09058799085809272,Other_Faults
-0.27958236658932717,-0.12631578947368421,0.22194424269453497,0.22196971748892722,11.462025316455696,7.125,5.157894736842105,12.924236777984808,0.5384615384615384,10.909090909090908,0.9724770642201835,0.2,0.4454484283379794,1.9618284637134775,-0.4729855612482533,10.376623376623375,0.29755934470076884,-2.3729372937293736,0.0,2.435823359471728,3.296710117939168,1.6677167511299829,-1.0836312762319291,0.6652252252252253,1.3486391024309161,Other_Faults
-0.4593967517401392,-0.4666666666666667,0.9182205500208003,0.9182339593387906,0.27848101265822783,0.125,0.3684210526315789,0.2935359036835316,0.38461538461538464,-0.18181818181818182,-0.03669724770642202,-0.6,0.2976064596750935,0.5834118755890672,-0.17792268281322757,0.19480519480519473,-0.3644266131728518,0.045654565456545525,1.0,0.2647544366487821,0.09993792675356922,0.5308861799753459,0.4812684595056739,0.10018018018018024,0.473717016413879,Bumps
0.6624129930394431,0.6619883040935672,0.13922654606901477,0.13922834004200602,-0.012658227848101266,0.4583333333333333,0.3157894736842105,0.13214848788877742,1.1538461538461537,1.4545454545454546,0.7828746177370031,0.6,-0.0892050370085552,0.6498586239396797,-0.21192361434559848,-0.18181818181818182,-1.0608492143095953,-0.412541254125413,1.0,-0.014032191498143082,-0.1076970825574176,0.37885221202575026,0.5038084874863984,1.1783783783783783,0.17805942239767295,Other_Faults
0.0,0.0,-0.5278657676188152,-0.527874673036027,0.34177215189873417,0.041666666666666664,0.0,0.019148631216855384,-0.8846153846153846,-3.090909090909091,0.7828746177370031,1.4,1.0595020667115254,0.09613572101790775,0.7172799254774106,0.20779220779220764,0.2688064192577734,0.045654565456545525,1.0,0.31551795295088686,0.361887026691496,0.14025475962197,-0.11627545468677132,-1.7326126126126125,0.32287554539788066,Other_Faults
0.48259860788863107,0.49005847953216375,-0.5007586439390792,-0.5007666741436351,0.47468354430379744,0.5,0.2631578947368421,0.38234198079403753,0.038461538461538464,-0.8181818181818182,-0.06116207951070336,-0.6,-0.3210612323368259,0.38171536286522145,0.7303213786679088,0.7792207792207791,-0.2881979271146775,-0.9108910891089115,0.0,0.41333058192323535,0.5806952203600249,0.20435556773044794,-0.28042903777397793,-0.44756756756756744,0.5732391439850405,Other_Faults
-0.8236658932714617,-0.8421052631578947,0.5077229164113749,0.5077231474057593,-0.43670886075949367,-0.4166666666666667,-0.42105263157894735,-0.4229324924752759,0.46153846153846156,0.6363636363636364,-0.05504587155963303,-0.6,-0.5880995866576948,-1.0730442978322334,0.1481136469492315,-0.4675324675324676,-0.18689401537947192,0.045654565456545525,1.0,-0.6941807676434175,-0.8342644320297948,-0.5591014929461718,0.2636406031400591,0.43027027027027037,-0.36484521088718047,Bumps
-0.6032482598607889,-0.5988304093567252,-0.46463614805574155,-0.46462372748001535,3.8987341772151898,2.125,2.473684210526316,3.361100759638813,-0.6923076923076923,-1.4545454545454546,0.9724770642201835,4.6,-0.18840719023358649,0.43873704052780393,-0.46064275733581744,0.7792207792207791,-1.1537947174857905,-0.6314631463146316,1.0,1.57738340899711,0.8814400993171942,1.511573757019587,0.6699829006684285,-0.771171171171171,1.347392478703511,Other_Faults
-0.6334106728538283,-0.6304093567251462,-0.2158246025731309,-0.2158342206207076,-0.35443037974683544,0.625,-0.3157894736842105,-0.29881037695284507,0.9615384615384616,1.1818181818181819,-0.0672782874617737,-0.6,-0.12131116024223777,1.3284637134778507,-0.6087564042850488,1.1688311688311686,-0.08559010364426635,-1.3294829482948298,0.0,-0.5156830375567482,0.8265052762259472,-0.6845637583892618,-1.1742577335613245,0.908108108108108,0.01911489715354246,Other_Faults
0.28074245939675174,0.2760233918128655,0.009570220977070283,0.009564033134628296,-0.379746835443038,-0.2916666666666667,-0.42105263157894735,-0.38956571592374944,0.038461538461538464,0.45454545454545453,0.764525993883792,0.0,0.6801884071902334,-0.014137606032045249,0.6350721937587334,-0.2597402597402598,0.3122701437646269,0.045654565456545525,0.0,-0.5668592653735041,-0.22501551831160702,-0.5591014929461718,-0.34400746152650397,0.021621621621621737,-0.2775815499688344,Bumps
-0.23433874709976799,-0.247953216374269,0.013308481718127357,0.013300764254866626,-0.5632911392405063,-0.5,-0.5789473684210527,-0.5725670058764512,0.23076923076923078,0.6363636363636364,0.9663608562691132,-0.2,0.5356147265211956,-0.8515551366635247,0.8467629250116443,-0.6103896103896104,0.2858575727181545,0.045654565456545525,0.5,-1.0650020635575734,-0.8342644320297948,-0.9834269278181074,-0.20270480335768692,0.11315315315315318,-0.40494494078537285,Bumps
0.013921113689095127,0.014035087719298246,0.07847139425870889,0.07846977573565087,0.4430379746835443,0.0,0.0,0.2234771391715637,-1.5769230769230769,-0.8181818181818182,-0.06422018348623854,-0.4,0.8332211861962894,-0.32940622054665386,0.8467629250116443,0.4935064935064934,0.39184219324640573,-0.2601760176017603,0.5,0.3910441601320671,0.361887026691496,0.07231886043007804,-0.20270480335768692,-1.088288288288288,0.26386868896737997,Other_Faults
-0.5962877030162413,-0.6070175438596491,-0.4358513299803988,-0.43585536825735005,0.45569620253164556,0.375,0.3684210526315789,0.2420524580765372,-1.1153846153846154,-1.7272727272727273,0.9724770642201835,4.6,-0.1747572815533981,-0.2426955702167765,-0.36422915696320446,-0.22077922077922077,-0.9772651287194917,0.045654565456545525,1.0,0.3999174576970696,-0.1076970825574176,0.5308861799753459,0.6056272345717396,-1.0493693693693693,0.30209848327446504,Other_Faults
0.5812064965197216,0.5859649122807018,-0.2508537045227801,-0.2508590405620717,0.43037974683544306,0.08333333333333333,0.0,0.26125842052458076,-0.5,-0.8181818181818182,-0.01834862385321101,0.2,-0.5165817552629048,-0.11922714420358145,0.7172799254774106,0.46753246753246736,0.15646940822467384,0.045654565456545525,1.0,0.38196450680973953,0.361887026691496,0.14025475962197,-0.11627545468677132,-0.8454054054054052,0.32287554539788066,Bumps
-0.3839907192575406,-0.3871345029239766,0.03764188745352813,0.03764868363719365,1.5253164556962024,-0.125,0.8421052631578947,1.5502364913286513,-1.6538461538461537,1.9090909090909092,0.9571865443425076,1.6,0.24396808612900123,-0.10933081998114982,-0.31765253842571023,0.1688311688311687,-0.1651621531260448,0.045654565456545525,1.0,0.9488237721832437,0.361887026691496,0.8968634433639234,0.5745375408052231,0.02810810810810821,1.063370039476418,Other_Faults
-0.43155452436194897,-0.4444444444444444,1.9342732979948134,1.934290858630337,-0.44936708860759494,-0.4583333333333333,-0.5263157894736842,-0.4440303855525297,0.23076923076923078,0.8181818181818182,0.8318042813455657,0.2,0.1730270114390079,-0.8317624882186613,0.5880298090358642,-0.4285714285714286,0.694416583082581,0.045654565456545525,0.0,-0.7249277754849361,-0.49565487274984427,-0.8245445829338448,-0.3754080522306855,-0.11747747747747733,-0.3606897984624973,Bumps
-0.8074245939675174,-0.816374269005848,0.03689455085912153,0.03691080414927044,2.0126582278481013,0.9166666666666666,1.7894736842105263,1.9379102766231904,0.038461538461538464,0.0,-0.2018348623853211,-0.6,-0.5409977890992981,0.20452403393025465,-0.8102002794597113,0.3506493506493505,-1.148445336008024,0.045654565456545525,1.0,1.1186545604622367,0.19304779639975178,1.40227366114231,0.9033110523861341,-0.21045045045045027,1.2661541658009556,Bumps
0.314385150812065,0.312280701754386,0.7663660666060452,0.7663706821493382,-0.17088607594936708,-0.20833333333333334,-0.3157894736842105,-0.23568869141464813,-0.8076923076923077,-0.2727272727272727,-0.03058103975535168,0.2,0.13246178986830712,-0.1517436380772853,0.6676758267349793,0.0909090909090908,0.4018722835172182,0.045654565456545525,0.0,-0.21234007428807256,0.0,-0.3421449116559377,-0.3222446758899425,-0.5477477477477476,-0.15998337835030127,Bumps
-0.7795823665893271,-0.7684210526315789,-0.04622810648257959,-0.04622607249573931,2.6772151898734178,0.9583333333333334,0.47368421052631576,2.2194639529883906,-1.5,0.09090909090909091,0.9724770642201835,0.2,-0.5338844564068056,-0.1060320452403391,0.48299953423381475,1.3116883116883113,0.11701771982614483,0.045654565456545525,0.0,1.3080891456871637,1.2141527001862202,0.6226544308998772,-0.44567076014301255,-0.869189189189189,1.3006440889258257,Bumps
-0.7749419953596288,-0.7660818713450293,0.8336253082566231,0.8336265830157813,-0.33544303797468356,0.375,-0.5789473684210527,-0.27937508958004875,0.34615384615384615,2.0,0.0061162079510703364,-0.6,-0.47313275016822065,-0.04618284637134766,-1.1716348393106661,1.688311688311688,1.0287529254429955,-2.3118811881188126,0.0,-0.4789517127527861,1.1272501551831164,-1.6490891658676898,-1.549976682729675,0.8742342342342343,-0.25368792852690625,Other_Faults
0.6890951276102089,0.6970760233918128,-0.45504909754241435,-0.4550617980645258,-0.15822784810126583,0.2916666666666667,-0.2631578947368421,-0.22657302565572596,0.0,-1.4545454545454546,0.9663608562691132,0.0,-0.04441026626934539,0.06079170593779462,-0.37890079180251507,0.31168831168831157,-0.04580407890337694,-1.6468646864686471,0.0,-0.19479983491539463,0.511483550589696,-0.6845637583892618,-1.020830094823566,-0.5722522522522522,-0.11780594223976723,Other_Faults
-0.6125290023201856,-0.6023391812865497,-0.40650430020947514,-0.4065116418502315,1.0822784810126582,1.25,0.21052631578947367,1.3410348287229468,0.8076923076923077,1.1818181818181819,-0.04281345565749235,-0.6,-0.07401711044890902,0.28982092365692735,-0.08476944573823939,1.727272727272727,-0.3480441323971918,-0.9543454345434544,0.0,0.7604209657449432,1.1272501551831164,0.14025475962197,-0.824498678688015,0.8223423423423423,0.9952212757116142,Other_Faults
0.5568445475638051,0.5719298245614035,-0.4885162081582229,-0.48852355468578457,1.0949367088607596,0.7083333333333334,1.4736842105263157,2.106750752472409,2.5,5.0,-0.06422018348623854,2.6,-0.5223493223108717,0.17106503298774736,0.30926874708896146,1.3506493506493502,-0.027081243731193565,-3.0632563256325636,0.0,0.7664052827073872,0.9345127250155186,0.26544308998767296,-0.5614798694232861,3.2735135135135134,0.9542904633284853,Other_Faults
0.4385150812064965,0.43625730994152045,0.8226166878525986,0.8226262356391585,0.25316455696202533,-0.25,0.10526315789473684,0.3137164970617744,0.38461538461538464,0.7272727272727273,-0.03669724770642202,-0.6,-0.17110448908968567,-0.3996229971724786,-0.08476944573823939,0.0,0.36008024072216654,0.045654565456545525,1.0,0.2437061494015675,-0.1076970825574176,0.26544308998767296,0.41908907197264117,0.37045045045045055,0.09723665073758571,Bumps
-0.7064965197215777,-0.7099415204678362,-0.24254832838001514,-0.2425540833319966,0.11392405063291139,0.7083333333333334,0.21052631578947367,0.2687114805790454,1.1153846153846154,1.1818181818181819,0.039755351681957186,-0.6,-0.31183312506007876,0.7690857681432612,0.6015370284117376,0.6363636363636362,-0.6429287863590772,-1.2046204620462047,0.0,0.1180354931902598,0.511483550589696,0.07231886043007804,-0.3663920410383958,1.0724324324324324,0.38146686058591306,Other_Faults
0.685614849187935,0.6923976608187135,2.3367369317336157,2.3367612560149933,-0.11392405063291139,0.5416666666666666,-0.10526315789473684,-0.0196072810663609,0.6923076923076923,1.1818181818181819,0.8440366972477065,-0.02,-0.11131404402576178,0.2808671065032989,-0.05891942244993012,0.2727272727272726,-0.5446339017051154,-1.6732673267326739,0.0,-0.13578208832026473,0.43885785226567403,-0.4456923709080945,-0.8072438986475983,0.910990990990991,-0.03739871182214838,Bumps
0.35498839907192575,0.35555555555555557,-0.3238518180369503,-0.32386125025606205,0.0949367088607595,-0.25,-0.3157894736842105,0.013759495485165543,-1.3076923076923077,0.0,0.9541284403669725,0.0,0.614053638373546,-0.844486333647502,0.3809967396367026,0.012987012987012906,1.0287529254429955,0.045654565456545525,0.0,0.0992571192736273,0.19304779639975178,-0.3421449116559377,-0.5136017410228509,-0.5239639639639638,-0.09162684396426339,Bumps
0.6519721577726219,0.6409356725146199,0.2417810067113035,0.24178990735483877,-0.34177215189873417,-0.375,0.7894736842105263,-0.3115379102766232,0.6538461538461539,0.45454545454545453,-0.0672782874617737,-0.6,-0.6928770546957607,-0.6234684260131949,-1.270377270610154,-0.857142857142857,-1.4787696422601135,0.045654565456545525,1.0,-0.49112670243499823,-1.9764121663562997,0.8612518833036573,1.2104772267993162,0.5441441441441441,-0.30292956575940155,Other_Faults
0.17633410672853828,0.17192982456140352,1.1199977490495256,1.120007973095536,0.03164556962025317,-0.2916666666666667,-0.21052631578947367,-0.015250107496058478,-0.4230769230769231,-0.09090909090909091,-0.04892966360856269,0.6,0.45929058925309996,-0.8317624882186613,0.5139729855612484,0.0,0.550986292209963,0.045654565456545525,1.0,0.03446141147337951,-0.1076970825574176,-0.15888234488426262,0.01943105860407277,-0.30414414414414404,-0.12632453771036767,Bumps
-0.7877030162412993,-0.7929824561403509,-0.3081745790906686,-0.3081869648828794,-0.4050632911392405,0.0,-0.47368421052631576,-0.4481009029668912,-0.038461538461538464,-0.7272727272727273,-0.04281345565749235,2.6,-0.5010093242333942,0.10650329877474082,-0.7058686539357243,0.5714285714285713,0.550986292209963,-1.7876787678767885,0.0,-0.6211308295501445,0.43885785226567403,-1.1666894945897825,-1.239079745064511,-0.482162162162162,-0.28236027425722,Other_Faults
-0.3306264501160093,-0.34385964912280703,0.5538605641365738,0.5538634933465938,-0.379746835443038,-0.2916666666666667,-0.21052631578947367,-0.383087286799484,0.38461538461538464,0.0,-0.06116207951070336,-0.6,0.6190521964817839,0.03817153628652238,-0.15137401024685598,-0.37662337662337664,-0.4042126379137412,0.045654565456545525,1.0,-0.5668592653735041,-0.6542520173805085,-0.15888234488426262,0.4635473340587596,0.11531531531531541,-0.2730105963016829,Bumps
-0.5823665893271461,-0.5941520467836258,-0.4552762962818821,-0.45527374776775675,0.6265822784810127,0.041666666666666664,1.0526315789473684,1.060111795900817,1.5384615384615385,2.8181818181818183,-0.06422018348623854,0.6,0.003268287993847888,0.3397737983034872,-0.8078714485328365,-0.09090909090909102,-0.6429287863590772,0.045654565456545525,1.0,0.5134131242261651,-0.22501551831160702,1.02917408574168,0.9017565676978083,1.865945945945946,0.6918761687097442,Other_Faults
0.30162412993039445,0.29473684210526313,0.9397313269721193,0.9397371245157172,-0.37341772151898733,-0.4166666666666667,-0.42105263157894735,-0.4003439873871291,-0.3076923076923077,0.0,0.9571865443425076,0.0,0.7340190329712581,-0.7139491046182843,0.6138798323241734,-0.45454545454545453,0.42092945503176193,0.045654565456545525,1.0,-0.5536524969046639,-0.49565487274984427,-0.5591014929461718,-0.0472563345251049,-0.2234234234234234,-0.32308331601911483,Other_Faults
0.6774941995359629,0.6736842105263158,1.9766789960550515,1.9767034142572728,0.04430379746835443,-0.375,0.15789473684210525,-0.07642253117385696,-0.23076923076923078,-1.6363636363636365,0.039755351681957186,-0.4,-0.6749975968470633,-0.6352497643732326,-0.43409408476944567,-0.29870129870129875,0.1929120695419591,-0.21617161716171623,1.0,0.04766817994222016,-0.49565487274984427,0.26544308998767296,0.6522617752215142,-0.8374774774774774,-0.09162684396426339,Bumps
-0.43735498839907194,-0.44678362573099417,0.7700506832002836,0.7700642870272318,0.7531645569620253,-0.2916666666666667,0.5789473684210527,0.6874014619463953,-0.2692307692307692,-0.09090909090909091,0.039755351681957186,-0.4,0.33144285302316634,-0.4458058435438263,-0.5183977643223102,-0.012987012987013132,0.550986292209963,0.045654565456545525,1.0,0.5891456871646714,-0.1076970825574176,0.7075743048897413,0.7085341209389089,-0.2774774774774773,0.467068356534386,Bumps
0.004640371229698376,-0.007017543859649123,0.11329643808124354,0.1132942164290472,-0.27848101265822783,-0.5,-0.15789473684210525,-0.25575462233051455,0.46153846153846156,0.5454545454545454,-0.04892966360856269,-0.4,0.8924348745554164,-0.8708765315739864,-0.3952026082906381,-0.4675324675324676,0.2858575727181545,0.045654565456545525,1.0,-0.3774246801485766,-0.8342644320297948,-0.07670182166826471,0.626301880926473,0.38198198198198197,-0.2894244753791813,Bumps
-0.4779582366589327,-0.47485380116959064,0.9317236232518976,0.9317508807351657,3.1835443037974684,1.0416666666666667,1.736842105263158,3.091299985667192,-0.15384615384615385,0.5454545454545454,-0.03058103975535168,-0.6,0.2508891665865614,0.36427898209236576,-0.431765253842571,1.0519480519480515,-0.6429287863590772,0.045654565456545525,1.0,1.4296326867519593,0.7690875232774673,1.3792631146418306,0.6507072905331884,-0.20108108108108091,1.3424059837938913,Bumps
0.23201856148491878,0.22456140350877193,0.8631243297768666,0.8631291402178769,-0.3860759493670886,-0.3333333333333333,-0.42105263157894735,-0.4289522717500358,-0.4230769230769231,-0.7272727272727273,0.9663608562691132,-0.2,0.8747476689416512,-0.6088595664467481,0.6138798323241734,-0.45454545454545453,0.0,0.045654565456545525,1.0,-0.5800660338423443,-0.49565487274984427,-0.5591014929461718,-0.0472563345251049,-0.46198198198198187,-0.32308331601911483,Bumps
-0.7993039443155452,-0.8070175438596491,0.24950681569922253,0.24952475669830748,2.1202531645569622,2.0,1.894736842105263,2.6423391142324784,0.8846153846153846,1.2727272727272727,-0.04281345565749235,1.2,-0.5292704027684321,0.17153628652214908,-0.7368421052631579,0.38961038961038946,-1.5392845202273486,-0.36193619361936247,1.0,1.1522905489063138,0.2799503414028555,1.355704697986578,0.8543447847038709,1.0601801801801802,1.275919384998961,Other_Faults
0.43039443155452434,0.43625730994152045,-0.4252077001439451,-0.4252173865023802,0.11392405063291139,0.16666666666666666,0.0,0.123262147054608,0.38461538461538464,0.0,-0.05504587155963303,-0.6,-0.18552340670960302,0.31244109330819986,0.2338146250582209,0.6753246753246752,0.2263457037780006,-1.1765676567656767,0.0,0.1180354931902598,0.511483550589696,-0.15888234488426262,-0.6118451733250427,0.09369369369369376,0.18491585289840018,Other_Faults
0.4605568445475638,0.45497076023391814,-0.5420372889931151,-0.5420537400313297,-0.6075949367088608,-0.5,-0.7368421052631579,-0.46283502938225596,3.6923076923076925,7.2727272727272725,-0.06422018348623854,2.6,-0.2382005190810343,-1.289820923656927,-0.44713553795994404,-0.28571428571428575,1.0287529254429955,0.045654565456545525,0.0,-1.2424680148576144,-0.49565487274984427,-1.6490891658676898,-1.0663764961915125,4.884324324324323,-0.42800747974236436,Other_Faults
-0.009280742459396751,-0.01871345029239766,1.4977067127234975,1.4977186480764513,-0.46835443037974683,-0.4583333333333333,-0.5263157894736842,-0.4816396732119822,-0.19230769230769232,0.0,0.9663608562691132,0.0,0.9770258579255982,-0.6352497643732326,0.5880298090358642,-0.45454545454545453,0.694416583082581,0.045654565456545525,0.0,-0.7734213784564592,-0.49565487274984427,-0.8245445829338448,-0.3754080522306855,-0.014414414414414427,-0.3606897984624973,Bumps
0.41879350348027844,0.41754385964912283,-0.21341114188929425,-0.21341862511961615,-0.02531645569620253,-0.16666666666666666,-0.2631578947368421,-0.07418661315751755,-0.5384615384615384,0.0,0.9541284403669725,0.0,0.49312698260117255,-0.5584354382657868,0.8467629250116443,-0.14285714285714288,0.2420595118689402,0.045654565456545525,0.5,-0.028477094510937377,0.0,-0.24708943980276699,-0.20270480335768692,-0.335135135135135,-0.12362351963432369,Bumps
0.5533642691415314,0.5812865497076023,-0.5213206557839172,-0.5213136989719913,3.2974683544303796,3.7083333333333335,2.789473684210526,2.7236921312885194,-0.38461538461538464,-0.9090909090909091,-0.04281345565749235,-0.6,-0.5263866192444487,1.1771913289349671,0.31299487657196107,2.389610389610389,-1.1899030424607155,-1.7359735973597363,1.0,1.454808089145686,1.4099937926753572,1.3069442542117524,0.15358308720659103,-0.9261261261261261,1.3484313318096819,Other_Faults
-0.8074245939675174,-0.8058479532163743,0.7078276802745739,0.7078599417427578,3.1392405063291138,2.125,2.5789473684210527,2.6745019349290526,-0.38461538461538464,-0.8181818181818182,-0.05504587155963303,0.0,-0.5484956262616552,1.042884071630537,-0.6353050768514207,1.1558441558441557,-1.2002674690738884,-0.03630363036303659,1.0,1.4197276104003291,0.8265052762259472,1.6857964662375022,0.7865692522928649,-0.7884684684684684,1.3482235611884479,Other_Faults
0.6473317865429234,0.6502923976608187,4.585510610759648,4.585569170416766,0.6392405063291139,0.16666666666666666,0.2631578947368421,0.6164827289666046,0.23076923076923078,0.0,-0.03669724770642202,-0.6,-0.6876862443525905,-0.5268614514608856,0.18141592920354002,0.28571428571428553,-0.30859244399866276,-0.43289328932893295,1.0,0.521254643004539,0.19304779639975178,0.32351732639364505,0.2414114720969999,-0.10810810810810799,0.3538333679617702,Other_Faults
0.9385150812064965,0.9391812865497076,0.5335888617921668,0.5335936335147703,-0.0759493670886076,-0.16666666666666666,0.0,-0.30494481868998136,-1.1923076923076923,-3.0,0.8685015290519877,0.2,-0.5852158031337114,0.13807728557964205,-0.05891942244993012,-0.28571428571428575,-0.15112002674690744,0.045654565456545525,1.0,-0.08811390837804456,-0.22501551831160702,0.14025475962197,0.4018342919322246,-1.8774774774774774,-0.03739871182214838,Other_Faults
-0.010440835266821345,0.0011695906432748538,1.9507394214531357,1.9507750758719455,4.1265822784810124,1.0833333333333333,1.4210526315789473,4.02470976064211,-0.6923076923076923,0.0,-0.03669724770642202,-0.6,0.8791694703450926,-0.3421300659754947,0.015137401024685752,1.4285714285714286,-0.3938482113005684,-0.32123212321232136,1.0,1.6196863392488645,0.985412787088765,1.1483358444048766,0.35240167884346335,-0.1902702702702701,1.340536048202784,Bumps
-0.7215777262180975,-0.7169590643274854,-0.42888863527712723,-0.4287984424063497,11.810126582278482,8.041666666666666,10.631578947368421,12.703511537910277,0.34615384615384615,0.7272727272727273,0.06116207951070336,3.0,-0.34989906757666056,1.1277097078228084,-1.1851420586865393,1.2857142857142856,-1.9083918421932462,-0.3542354235423544,1.0,2.4607924061081294,0.9345127250155186,3.028352280509521,1.1537385356754237,0.3646846846846847,1.3486391024309161,Other_Faults
0.45011600928074247,0.45380116959064326,-0.3251913439383955,-0.32518869703262526,0.8354430379746836,0.5416666666666666,1.263157894736842,0.7765515264440304,0.038461538461538464,-0.7272727272727273,-0.06422018348623854,0.0,-0.23550898779198304,0.8397737983034869,-0.35095482068001854,0.4935064935064934,-0.6429287863590772,-0.8712871287128714,1.0,0.6351630210482867,0.361887026691496,0.9313792631146424,0.5967666718482824,-0.24144144144144122,1.0901724496156244,Other_Faults
0.9791183294663574,0.9883040935672515,0.3532125218060827,0.35321759897801325,0.8544303797468354,0.16666666666666666,0.2631578947368421,0.5585781854665329,-1.3846153846153846,-0.2727272727272727,0.9602446483180428,0.0,-0.6153994040180716,-0.09472196041470285,0.34047508150908246,0.24675324675324659,0.09261116683383465,0.045654565456545525,1.0,0.645480808914568,0.43885785226567403,0.4317216819613752,0.13524016788434637,-1.1250450450450447,0.6798254726781633,Bumps
0.568445475638051,0.5742690058479533,-0.45652431157993056,-0.45653177181274057,0.20253164556962025,1.4166666666666667,0.7368421052631579,0.2728966604557833,0.6538461538461539,0.7272727272727273,-0.05504587155963303,-0.6,-0.520042295491685,0.6946277097078227,0.7242664182580347,0.5844155844155842,-1.2203276496155133,-2.1886688668866894,1.0,0.19995872884853433,0.43885785226567403,0.20435556773044794,-0.12093890875174877,0.45333333333333337,0.4467068356534385,Other_Faults
-0.5290023201856149,-0.5391812865497077,-0.2264135364167498,-0.22640435743345214,1.5759493670886076,0.5,1.4210526315789473,1.2901820266590225,-1.3846153846153846,0.45454545454545453,-0.03058103975535168,0.6,0.1268864750552725,-0.3911404335532514,-0.8609687936655799,0.0,-1.0989635573386827,0.045654565456545525,1.0,0.9680148576145264,-0.1076970825574176,1.2302424325434878,0.9371988185916369,-0.7834234234234233,0.9952212757116142,Bumps
0.6183294663573086,0.6128654970760234,1.5394323923343567,1.5394459171939332,-0.44936708860759494,-0.4166666666666667,-0.42105263157894735,-0.4605417801347284,0.07692307692307693,-0.09090909090909091,0.8440366972477065,0.0,0.04729404979332886,-0.45852968897266716,0.3809967396367026,-0.5064935064935066,0.11701771982614483,0.045654565456545525,1.0,-0.7249277754849361,-0.6542520173805085,-0.5591014929461718,0.10819213430747711,0.018018018018018132,-0.3442759193849989,Other_Faults
0.685614849187935,0.6947368421052632,-0.04838070935443477,-0.04838291054276217,0.620253164556962,0.08333333333333333,0.47368421052631576,0.5250394152214419,-0.34615384615384615,-0.7272727272727273,0.039755351681957186,-0.6,-0.7247909256945111,0.0966069745523092,0.7303213786679088,0.7272727272727271,0.592778335005015,-1.5841584158415847,0.0,0.5094923648369781,0.5806952203600249,0.20435556773044794,-0.28042903777397793,-0.42306306306306285,0.5732391439850405,Other_Faults
-0.46635730858468677,-0.45380116959064326,1.4818269934191255,1.4818513464722864,3.2278481012658227,0.9583333333333334,0.9473684210526315,2.4094596531460515,-1.6153846153846154,-0.09090909090909091,-0.03058103975535168,0.2,0.27915024512159947,-0.13195098963242208,0.7741034000931534,1.805194805194805,0.04112337011033091,-0.5654565456545656,1.0,1.4395377631035902,1.17163252638113,0.8245445829338454,-0.15404943261308876,-1.3174774774774771,1.3278620403075003,Other_Faults
0.33642691415313225,0.3333333333333333,-0.4914929323836566,-0.4915034728458508,-0.08860759493670886,0.0,-0.21052631578947367,-0.09952701734269744,-0.19230769230769232,1.1818181818181819,-0.03669724770642202,2.3,0.0772853984427569,-0.2987747408105558,0.5139729855612484,0.0,-0.4042126379137412,0.045654565456545525,1.0,-0.10379694593479158,-0.1076970825574176,-0.15888234488426262,0.01943105860407277,-0.030270270270270135,-0.12632453771036767,Other_Faults
0.06728538283062645,0.05847953216374269,-0.21471332725716952,-0.21471714575802128,-0.012658227848101266,-0.20833333333333334,0.10526315789473684,0.0,0.3076923076923077,0.45454545454545453,-0.03058103975535168,0.6,0.7442084014226664,-0.3996229971724786,-0.43409408476944567,-0.28571428571428575,-0.43396857238381814,0.045654565456545525,1.0,-0.014032191498143082,-0.49565487274984427,0.26544308998767296,0.6522617752215142,0.1484684684684685,-0.09162684396426339,Other_Faults
-0.8155452436194895,-0.8093567251461988,-0.07698198029997597,-0.0769771870066943,3.3607594936708862,1.2083333333333333,0.8421052631578947,2.7209975634226744,-1.7692307692307692,0.45454545454545453,0.9602446483180428,-0.2,-0.6040565221570701,-0.46182846371347763,0.493945039590126,1.0129870129870129,-0.44232698094282835,-0.11606160616061613,1.0,1.468633924886504,1.034450651769088,0.8612518833036573,0.032799626923674816,-1.0118918918918915,1.3162268855183876,Bumps
-0.6125290023201856,-0.5871345029239766,-0.28602427976158856,-0.2860316467729343,0.620253164556962,1.7916666666666667,0.7894736842105263,0.8299842339114233,0.9615384615384616,1.2727272727272727,-0.04281345565749235,0.6,-0.07401711044890902,1.2478793590951929,-0.6697717745691663,2.9610389610389607,-0.06820461384152447,-2.9548954895489556,0.0,0.5094923648369781,1.6126629422718808,-0.07670182166826471,-1.2149852323954609,0.9016216216216216,1.1566590484105546,Bumps
0.697215777262181,0.6947368421052632,-0.06279152569738705,-0.06278865327526718,0.4873417721518987,-0.2916666666666667,0.8421052631578947,0.4085996846782285,-0.11538461538461539,-0.7272727272727273,0.039755351681957186,-0.6,-0.7247909256945111,-0.4321394910461825,-0.6790870982766651,-0.20779220779220786,0.07355399531929127,-0.7634763476347638,1.0,0.42199752373091176,-0.35350713842333914,0.7075743048897413,0.8157935644333905,-0.37909909909909895,0.2674007895283607,Other_Faults
0.06960556844547564,0.05847953216374269,0.4637299827129107,0.46373017277582324,-0.45569620253164556,-0.4166666666666667,-0.3684210526315789,-0.4639243227748316,0.07692307692307693,0.45454545454545453,-0.05504587155963303,-0.6,0.7303662405075457,-0.5282752120640902,0.0,-0.4675324675324676,-0.18689401537947192,0.045654565456545525,1.0,-0.7408171687990097,-0.8342644320297948,-0.4456923709080945,0.36250582931758124,0.07207207207207213,-0.3505090380220236,Other_Faults
0.7459396751740139,0.743859649122807,0.06098445424180572,0.0609789288861412,-0.43037974683544306,-0.375,-0.42105263157894735,-0.46363766661889066,-0.2692307692307692,-0.2727272727272727,0.764525993883792,0.0,-0.26684610208593673,0.07163053722902941,0.8467629250116443,-0.3376623376623377,0.47141424272818455,0.045654565456545525,0.5,-0.6791167973586465,-0.35350713842333914,-0.5591014929461718,-0.20270480335768692,-0.34810810810810794,-0.30085185954705995,Bumps
0.02320185614849188,0.016374269005847954,0.9668168878085261,0.9668277677252143,0.056962025316455694,0.0,0.05263157894736842,0.05549663179016769,0.0,0.36363636363636365,0.9663608562691132,0.0,1.0408535999230988,-0.1899151743638077,-0.13390777829529577,-0.29870129870129875,-0.5633567368772985,0.045654565456545525,1.0,0.0608749484110599,-0.22501551831160702,0.20435556773044794,0.45188869889631583,0.02810810810810821,-0.0031165593185123646,Other_Faults
-0.1716937354988399,-0.14619883040935672,0.12786976463367622,0.12786089367566805,-0.43037974683544306,0.7916666666666666,-0.7368421052631579,-0.38291529310591943,0.2692307692307692,3.3636363636363638,0.9663608562691132,0.0,0.6584639046428914,-0.6352497643732326,-1.3656264555193294,1.9350649350649345,1.0287529254429955,-2.7046204620462055,0.0,-0.6791167973586465,1.5152079453755436,-2.4739076838789216,-1.679465257267216,0.9729729729729729,-0.3442759193849989,Other_Faults
0.2296983758700696,0.22339181286549709,-0.5139251264450392,-0.5139375337416827,-0.41139240506329117,-0.20833333333333334,-0.3157894736842105,-0.30912999856671924,1.5769230769230769,2.6363636363636362,0.9847094801223242,0.3,0.8847447851581272,0.20028275212064103,0.6350721937587334,-0.37662337662337664,-0.22500835840855907,-0.412541254125413,1.0,-0.6353693768056132,-0.35350713842333914,-0.4456923709080945,-0.06140214518886988,1.7772972972972971,-0.2775815499688344,Bumps
0.548723897911833,0.5473684210526316,-0.4847001108119778,-0.4847063563084883,0.17088607594936708,0.16666666666666666,0.5263157894736842,0.5576608857675218,1.9230769230769231,3.6363636363636362,-0.06422018348623854,0.6,-0.4627511294818802,0.13242224316682377,-0.21192361434559848,0.012987012987012906,-0.7097960548311603,-1.1331133113311338,1.0,0.17148163433759786,-0.1076970825574176,0.37885221202575026,0.5038084874863984,2.474954954954955,0.17805942239767295,Other_Faults
0.6148491879350348,0.6093567251461989,-0.12187003495810235,-0.12187949423436326,-0.5189873417721519,-0.5416666666666666,-0.5263157894736842,-0.5276193206249105,0.07692307692307693,0.5454545454545454,0.9663608562691132,-0.2,0.12611746611554356,-0.9717247879359091,0.5556590591523057,-0.5324675324675324,1.0287529254429955,-0.6419141914191422,0.0,-0.917044985555097,-0.6542520173805085,-0.9834269278181074,-0.39701538939841435,0.09729729729729737,-0.39206316226885507,Bumps
-0.679814385150812,-0.6935672514619883,-0.3419356806679643,-0.3419442940431352,-0.10126582278481013,-0.25,-0.21052631578947367,-0.1393722230184893,-0.3076923076923077,-0.09090909090909091,1.2844036697247707,0.2,-0.3618187061424588,-0.8708765315739864,0.18141592920354002,-0.4155844155844156,-0.08559010364426635,0.045654565456545525,1.0,-0.11968633924886557,-0.35350713842333914,-0.15888234488426262,0.2414114720969999,-0.268108108108108,-0.20299189694577185,Bumps
-0.6148491879350348,-0.6222222222222222,-0.4938921931462765,-0.4938917199981382,1.0949367088607596,0.875,0.8947368421052632,0.8354880321054895,-0.23076923076923078,-2.1818181818181817,0.9724770642201835,4.6,-0.2112852061905219,0.19745523091423203,-0.48393106660456453,0.012987012987012906,-1.1206954195921097,0.045654565456545525,1.0,0.7664052827073872,0.19304779639975178,0.9313792631146424,0.6855277475516868,-0.8749549549549548,0.9648867650114273,Other_Faults
0.9234338747099768,0.9391812865497076,0.18388056498856906,0.18387399353474515,-0.3037974683544304,0.16666666666666666,-0.3684210526315789,-0.3344704027518991,0.07692307692307693,-0.9090909090909091,0.8501529051987767,0.0,-0.5984812073440353,-0.2426955702167765,-0.9969725197950629,0.7402597402597402,0.8950183884988295,-2.9548954895489556,0.0,-0.4211721007016098,0.8265052762259472,-1.3836460758800169,-1.4333903311052385,-0.2500900900900899,-0.25368792852690625,Other_Faults
-0.5730858468677494,-0.5684210526315789,-0.3027749275672537,-0.30278514006430546,-0.21518987341772153,0.375,0.0,-0.14630930199226028,0.8461538461538461,1.4545454545454546,-0.024464831804281346,-0.6,0.018648466788426386,1.127238454288407,-0.5505356311131812,1.2337662337662336,0.47141424272818455,-2.3987898789878996,0.0,-0.2767230705736691,0.8814400993171942,-0.5591014929461718,-1.1353956163531789,0.8144144144144144,0.13068772075628507,Other_Faults
0.3503480278422274,0.3707602339181287,-0.5256032468382824,-0.5256094934533575,2.1202531645569622,0.6666666666666666,0.3157894736842105,2.2414218145334672,0.07692307692307693,0.45454545454545453,-0.04892966360856269,-0.6,-0.02210900701720659,-0.06550424128180944,0.1918956683744761,1.9220779220779216,0.5770645269140754,-0.18371837183718367,0.0,1.1522905489063138,1.2141527001862202,0.4317216819613752,-0.63998134618374,0.2097297297297298,1.2393517556617493,Bumps
0.4095127610208817,0.41754385964912283,-0.3671316001365296,-0.3671389603788167,0.8417721518987342,0.25,-0.05263157894736842,0.8655295972481009,-0.2692307692307692,0.45454545454545453,-0.05504587155963303,-0.6,-0.14015187926559647,-0.5461828463713476,0.4031206334420122,0.87012987012987,0.2858575727181545,0.045654565456545525,0.0,0.6384647131654965,0.6464928615766609,0.07231886043007804,-0.4988341364837556,0.06990990990991,0.4974028672345731,Bumps
-0.2517401392111369,-0.26432748538011697,0.05576361654112008,0.05576906843897992,0.3924050632911392,0.041666666666666664,0.6842105263157895,0.3954135015049448,0.0,0.5454545454545454,-0.03669724770642202,2.1,0.8028453330769968,-0.7111215834118753,-0.8809967396367024,-0.37662337662337664,-1.0989635573386827,0.045654565456545525,1.0,0.35390012381345426,-0.6542520173805085,0.7870154773318729,0.950567386911239,0.020180180180180255,0.12403906087679208,Other_Faults
0.4385150812064965,0.43859649122807015,4.974426467811671,4.974485305390333,-0.13291139240506328,-0.25,-0.3157894736842105,-0.11781568009172998,0.34615384615384615,-0.09090909090909091,-0.04892966360856269,-0.6,-0.18629241564933186,-0.1022620169651272,0.5139729855612484,0.19480519480519473,0.805750585088599,0.045654565456545525,0.0,-0.16054477919934027,0.09993792675356922,-0.3421449116559377,-0.4248406653194466,0.21189189189189195,-0.12632453771036767,Bumps
0.25870069605568446,0.25029239766081873,0.486060147710736,0.48605904771471675,-0.43670886075949367,-0.5416666666666666,-0.5263157894736842,-0.4521140891500645,-0.07692307692307693,-0.45454545454545453,0.7584097859327217,0.0,0.7294049793328845,-1.4453345900094245,0.8467629250116443,-0.5064935064935066,1.0287529254429955,0.045654565456545525,0.5,-0.6941807676434175,-0.6542520173805085,-0.8245445829338448,-0.20270480335768692,-0.05549549549549538,-0.37668813629752745,Bumps
-0.8236658932714617,-0.8385964912280702,1.6157601244123467,1.615776210565456,-0.2974683544303797,-0.20833333333333334,-0.2631578947368421,-0.3033968754479002,0.11538461538461539,0.0,0.8318042813455657,-0.02,-0.6165529174276649,-0.037229029217718944,0.30926874708896146,-0.3506493506493506,-0.22500835840855907,0.045654565456545525,1.0,-0.4100288898060257,-0.35350713842333914,-0.24708943980276699,0.15607026270791236,0.05189189189189197,-0.22875545397880737,Bumps
-0.8839907192575406,-0.8970760233918129,0.13310427633257058,0.13310283583969554,0.012658227848101266,-0.3333333333333333,-0.05263157894736842,-0.11173856958578185,-1.3076923076923077,-0.7272727272727273,-0.0030581039755351682,-0.6,-0.7357493030856483,-0.2917059377945332,0.26455519329296706,-0.012987012987013132,0.7716482781678368,-0.2777777777777778,1.0,0.013825835740817017,-0.1076970825574176,0.0,0.1859163687237681,-0.8944144144144143,-0.05568252649075418,Other_Faults
0.5533642691415314,0.5461988304093567,-0.5089588354802387,-0.5089706528550493,-0.5443037974683544,-0.375,-0.15789473684210525,-0.3881897663752329,3.076923076923077,5.7272727272727275,-0.06422018348623854,2.6,-0.4598673459578967,0.5428840716305372,-0.12366092221704689,-0.4675324675324676,-0.3644266131728518,-1.0544554455445545,1.0,-0.9985555096987208,-0.8342644320297948,-0.3421449116559377,0.44504896626768226,3.9668468468468463,-0.33596509453563256,Other_Faults
0.06496519721577726,0.05380116959064327,-0.45882049143297715,-0.458831136831415,-0.34177215189873417,-0.375,-0.2631578947368421,-0.45131145191342986,-0.7307692307692307,-2.272727272727273,0.8501529051987767,0.6,1.1635105258098621,-0.9330819981149855,-0.227992547741034,-0.5974025974025974,-0.3644266131728518,0.045654565456545525,1.0,-0.49112670243499823,-0.8342644320297948,-0.24708943980276699,0.5146898803046791,-1.31027027027027,-0.3207978391855391,Other_Faults
0.29466357308584684,0.29473684210526313,-0.15489431840115198,-0.15488316601315508,1.0506329113924051,1.25,1.631578947368421,1.465271606707754,1.2307692307692308,2.727272727272727,-0.0061162079510703364,-0.6,0.19186773046236658,0.9340245051837885,-0.7387051700046577,0.2727272727272726,-1.331327315279171,-0.17876787678767866,1.0,0.7451506397028475,0.19304779639975178,1.2820161621695663,0.8557438209233639,1.3585585585585584,1.2158736754622896,Other_Faults
-0.2691415313225058,-0.2409356725146199,-0.47302882741783897,-0.4730391299648758,0.8670886075949367,2.2083333333333335,1.4736842105263157,1.0161387415794754,0.7307692307692307,0.6363636363636364,0.9724770642201835,0.0,0.46601941747572795,0.8246936852026387,-0.7238006520726595,2.155844155844155,-0.37178201270478123,-3.781078107810782,0.0,0.6520841931489884,1.6126629422718808,-0.15888234488426262,-1.25104927716462,0.5318918918918919,1.1005609806773322,Other_Faults
-0.8167053364269141,-0.8315789473684211,1.5242631950138292,1.5242775762736245,-0.2721518987341772,-0.4166666666666667,-0.3157894736842105,-0.27152071090726676,0.0,0.5454545454545454,0.8379204892966361,0.2,-0.6027107565125444,-0.43873704052780366,0.4585468095016304,-0.3506493506493506,0.7248411902373787,0.045654565456545525,1.0,-0.3669005365249693,-0.35350713842333914,-0.3421449116559377,0.056427794186227266,0.12108108108108113,-0.25368792852690625,Bumps
-0.6519721577726219,-0.6666666666666666,0.5207463478591515,0.5207488503832319,-0.27848101265822783,-0.2916666666666667,-0.21052631578947367,-0.2672781997993407,0.38461538461538464,0.45454545454545453,-0.05504587155963303,-0.6,-0.16841295780063442,-0.2426955702167765,0.015137401024685752,-0.28571428571428575,-0.1651621531260448,0.045654565456545525,1.0,-0.3774246801485766,-0.49565487274984427,-0.15888234488426262,0.35240167884346335,0.24720720720720726,-0.23893621441928106,Bumps
-0.7308584686774942,-0.7181286549707603,-0.32947340906975264,-0.3294729210587282,1.8417721518987342,3.1666666666666665,1.5263157894736843,2.1949835172710332,0.8461538461538461,1.1818181818181819,-0.04281345565749235,-0.6,-0.36239546284725555,0.9688972667295005,0.705635770843037,2.0129870129870127,-1.1771982614510197,-1.8267326732673275,0.0,1.0627321502269904,1.2557417752948479,0.7870154773318729,-0.29690657547023164,0.7841441441441441,1.3318096821109493,Other_Faults
0.08932714617169374,0.09824561403508772,-0.5139298597521115,-0.5139322744438358,1.4683544303797469,1.2916666666666667,1.5789473684210527,1.7886197506091444,0.6923076923076923,1.2727272727272727,0.9571865443425076,2.6,1.1169854849562624,0.5428840716305372,0.3809967396367026,0.7012987012987012,-0.7716482781678368,-2.0170517051705175,1.0,0.9267437061494005,0.8265052762259472,0.7478427612655807,0.10819213430747711,0.8367567567567568,1.2279243714938706,Other_Faults
-0.4431554524361949,-0.4502923976608187,1.6245987864852514,1.624614460597209,-0.0189873417721519,-0.16666666666666666,-0.2631578947368421,-0.01502078257130572,-0.46153846153846156,1.2727272727272727,-0.05504587155963303,2.6,0.3418244737095067,-0.606974552309142,0.5139729855612484,0.19480519480519473,0.4386492811768638,-0.37733773377337737,0.0,-0.02125464300453977,0.09993792675356922,-0.3421449116559377,-0.4248406653194466,0.08144144144144157,-0.12632453771036767,Other_Faults
0.44547563805104406,0.4421052631578947,-0.09607193364534593,-0.09607895678671628,-0.2721518987341772,-0.2916666666666667,-0.3684210526315789,-0.24182313315178444,0.6153846153846154,0.6363636363636364,0.0672782874617737,1.0,-0.10535422474286264,-0.4114043355325163,0.8467629250116443,-0.11688311688311684,0.3122701437646269,0.045654565456545525,0.5,-0.3669005365249693,-0.22501551831160702,-0.4456923709080945,-0.20270480335768692,0.4641441441441442,-0.2511946810720963,Other_Faults
0.45707656612529,0.45146198830409356,0.5913310006894851,0.5913312571378533,-0.45569620253164556,-0.4583333333333333,-0.47368421052631576,-0.48519420954565,-0.19230769230769232,-0.2727272727272727,1.0275229357798166,0.6,0.4644813995962703,-0.7662582469368516,0.5880298090358642,-0.45454545454545453,0.694416583082581,-0.5654565456545656,0.0,-0.7408171687990097,-0.49565487274984427,-0.8245445829338448,-0.3754080522306855,-0.30126126126126107,-0.3606897984624973,Bumps
-0.3642691415313225,-0.36608187134502923,0.182369062263499,0.1823750936483723,1.5063291139240507,0.5416666666666666,0.5789473684210527,1.3173570302422244,-0.5769230769230769,0.45454545454545453,-0.04281345565749235,1.2,0.5310006728828222,-0.4052780395852966,-0.03656264555193279,0.5714285714285713,-0.5446339017051154,0.045654565456545525,1.0,0.941601320676846,0.43885785226567403,0.7075743048897413,0.3869112389242967,-0.5448648648648649,0.9586536463744026,Other_Faults
-0.2552204176334107,-0.22923976608187135,0.5446542818810584,0.5446702407101736,4.632911392405063,1.5,1.368421052631579,4.629152931059195,-0.15384615384615385,0.45454545454545453,1.0214067278287462,0.6,0.4815918485052387,0.3647502356267672,0.7331159757801586,1.9740259740259738,0.09027081243731201,-0.5792079207920796,0.0,1.7071811803549308,1.5484171322160152,1.060128749486372,-0.27856365614798695,-0.06846846846846832,1.3482235611884479,Other_Faults
0.23201856148491878,0.23157894736842105,0.32121957338177437,0.3212242383156152,0.6012658227848101,0.125,0.2631578947368421,0.3967321198222732,-1.2307692307692308,-0.2727272727272727,0.8501529051987767,-0.02,0.809574161299625,-0.14703110273327022,0.03679552864462049,0.038961038961038946,-0.22500835840855907,0.045654565456545525,1.0,0.497523730912092,0.19304779639975178,0.4317216819613752,0.33794497124203327,-0.9095495495495494,0.4568875960939122,Bumps
0.419953596287703,0.41637426900584795,-0.3753970061306845,-0.37540762845374803,-0.25949367088607594,-0.125,-0.3684210526315789,-0.2963451340117529,-0.5384615384615384,0.0,0.9571865443425076,0.6,0.49697202729981715,-0.4891611687087649,0.8467629250116443,-0.29870129870129875,-0.27148110999665676,0.045654565456545525,0.5,-0.34605860503508074,-0.22501551831160702,-0.4456923709080945,-0.20270480335768692,-0.307027027027027,-0.2511946810720963,Other_Faults
0.6392111368909513,0.6374269005847953,0.6512404683028833,0.6512535930865478,0.6075949367088608,0.16666666666666666,0.6842105263157895,0.4350293822559839,-0.6923076923076923,-0.09090909090909091,-0.03058103975535168,0.6,-0.6511583197154666,-0.1965127238454286,-0.655798789007918,-0.09090909090909102,-0.843530591775326,0.045654565456545525,1.0,0.5016508460586042,-0.22501551831160702,0.7870154773318729,0.8002487175501322,-0.7654054054054052,0.44317473509245797,Bumps
-0.6612529002320185,-0.6093567251461989,1.7933595909160474,1.7933779654879616,1.6265822784810127,2.125,1.0,1.7649992833596102,0.3076923076923077,0.7272727272727273,-0.03058103975535168,0.2,-0.19436700951648564,0.7846371347785108,-1.023288309268747,5.1428571428571415,0.75025075225677,-3.5220022002200233,0.0,0.9869995872884849,2.189944134078212,-0.24708943980276699,-1.4509560080833204,0.3127927927927928,1.2987741533347184,Bumps
0.6148491879350348,0.6128654970760234,0.20547654146718844,0.20547445572183995,-0.1518987341772152,-0.20833333333333334,-0.2631578947368421,-0.1182169987100473,0.5769230769230769,0.45454545454545453,0.7706422018348624,0.0,0.002114774584254522,-0.5282752120640902,0.4883558453656265,-0.2597402597402598,-0.016048144433299986,0.045654565456545525,1.0,-0.18613289310771822,-0.22501551831160702,-0.24708943980276699,0.036530390175656804,0.3956756756756758,-0.19509661333887382,Bumps
-0.7111368909512761,-0.7192982456140351,-0.4148691056521472,-0.41487971065446966,-0.33544303797468356,0.25,-0.05263157894736842,-0.25690124695427835,1.1538461538461537,1.4545454545454546,-0.03058103975535168,-0.6,-0.3156781697587234,0.9354382657869935,0.3809967396367026,0.28571428571428553,-0.4570377800066868,-1.5720572057205726,0.0,-0.4789517127527861,0.19304779639975178,-0.3421449116559377,-0.5136017410228509,1.1682882882882883,-0.09162684396426339,Other_Faults
0.042923433874709975,0.03859649122807018,-0.47213370645817676,-0.472138212243698,0.03164556962025317,0.4583333333333333,0.3684210526315789,0.13358176866848215,0.7307692307692307,0.6363636363636364,-0.0061162079510703364,-0.6,0.8055368643660482,0.9707822808671063,-0.271075919888216,0.0909090909090908,-0.9562019391507857,0.045654565456545525,1.0,0.03446141147337951,0.0,0.5308861799753459,0.5434478470387067,0.7949549549549549,0.3883232910866402,Other_Faults
0.037122969837587005,0.025730994152046785,-0.010189232357518254,-0.010197778525182439,-0.6012658227848101,-0.5,-0.631578947368421,-0.6121828866274903,0.38461538461538464,-0.09090909090909091,0.9908256880733946,-0.2,1.0595020667115254,-0.8034872761545708,0.5139729855612484,-0.6103896103896104,0.2858575727181545,0.045654565456545525,0.0,-1.2148163433759802,-0.8342644320297948,-1.1666894945897825,-0.4248406653194466,0.10018018018018024,-0.41761894868065647,Other_Faults
1.0104408352668213,1.0093567251461988,1.0308727324172104,1.0308802302730968,-0.3924050632911392,-0.20833333333333334,-0.3684210526315789,-0.4611724236777985,-0.2692307692307692,-1.6363636363636365,0.9724770642201835,0.0,-0.6475055272517541,-0.2426955702167765,0.4233814625058223,-0.45454545454545453,-0.43396857238381814,0.045654565456545525,1.0,-0.5936855138258361,-0.49565487274984427,-0.4456923709080945,0.07990051297994716,-0.8526126126126125,-0.30292956575940155,Bumps
0.2505800464037123,0.2584795321637427,-0.08064450812787713,-0.0806481769038461,-0.16455696202531644,0.875,0.21052631578947367,-0.08525154077683818,0.7307692307692307,1.2727272727272727,0.9785932721712538,1.46,0.8141882149379984,1.6140433553251643,0.3174196553330231,0.5454545454545452,-0.5633567368772985,-1.2046204620462047,0.0,-0.203466776723071,0.7091868404717571,0.07231886043007804,-0.5560391730141458,0.8446846846846847,0.5535009349677954,Other_Faults
0.6937354988399071,0.6900584795321637,1.6440053454814536,1.6440249511608453,-0.08227848101265822,-0.5,0.05263157894736842,-0.28596818116669054,-1.9615384615384615,-1.6363636363636365,0.039755351681957186,-0.4,-0.7136402960684417,-0.27002827521206385,-0.37890079180251507,-0.29870129870129875,1.0287529254429955,0.045654565456545525,1.0,-0.09595542715641761,-0.49565487274984427,0.20435556773044794,0.6154204881081922,-1.6771171171171166,-0.11780594223976723,Other_Faults
0.345707656612529,0.34035087719298246,0.17367660678682606,0.17367253350106987,-0.3924050632911392,-0.3333333333333333,-0.42105263157894735,-0.3971334384405905,0.11538461538461539,0.7272727272727273,0.764525993883792,0.0,0.5500336441411131,-0.2111215834118753,0.8467629250116443,-0.3376623376623377,0.2571046472751587,0.045654565456545525,0.5,-0.5936855138258361,-0.35350713842333914,-0.5591014929461718,-0.20270480335768692,0.10018018018018024,-0.30085185954705995,Bumps
0.7320185614849188,0.7730994152046784,-0.19178729149124943,-0.19179134051350205,1.6012658227848102,2.9166666666666665,1.5263157894736843,1.9549376522860828,0.6153846153846154,1.4545454545454546,0.9785932721712538,1.46,-0.18456214553494185,0.8887841658812441,-0.54052165812762,2.454545454545454,-0.587763289869609,-3.231023102310232,0.0,0.9775072224515061,1.7324643078833022,0.20435556773044794,-1.128711332193378,0.872072072072072,1.3089549137751921,Other_Faults
0.14849187935034802,0.14035087719298245,4.888430693077118,4.888486844786813,-0.4936708860759494,-0.4166666666666667,-0.47368421052631576,-0.4829582915293106,0.6538461538461539,0.0,-0.04281345565749235,-0.6,0.5394597712198402,-0.009896324222431621,0.8467629250116443,-0.28571428571428575,0.42092945503176193,0.045654565456545525,0.5,-0.8423442014032192,-0.49565487274984427,-0.6845637583892618,-0.20270480335768692,0.4627027027027027,-0.3421982131726573,Bumps
0.3689095127610209,0.3730994152046784,-0.03886465844719128,-0.038871470386603095,-0.20253164556962025,0.16666666666666666,-0.10526315789473684,-0.29605847785581196,-0.34615384615384615,-0.09090909090909091,-0.04892966360856269,4.6,-0.14851485148514856,0.3859566446748351,-0.18816953889147647,0.5714285714285713,0.09261116683383465,-2.0170517051705175,0.0,-0.2577383408997115,0.43885785226567403,-0.5591014929461718,-0.8935177988496813,-0.8655855855855854,-0.09162684396426339,Other_Faults
-0.18097447795823665,-0.18596491228070175,-0.30502114473453773,-0.30501981571946274,0.6012658227848101,0.4166666666666667,0.7368421052631579,0.6519134298409058,0.4230769230769231,0.2727272727272727,0.7706422018348624,0.0,0.6949918292800151,0.5532516493873703,-0.46320447135537957,-0.025974025974026038,-0.8047475760615179,0.045654565456545525,1.0,0.497523730912092,0.09993792675356922,0.8245445829338454,0.6716928338255869,0.2147747747747748,0.7781009765219198,Bumps
-0.2517401392111369,-0.25380116959064325,1.8807785133103225,1.8808037995271365,0.4177215189873418,0.20833333333333334,0.3157894736842105,0.4139314891787301,0.15384615384615385,-0.09090909090909091,-0.04281345565749235,-0.6,0.8051523598961835,0.6583411875589065,0.16744294364229176,0.48051948051948046,-0.12838515546639914,0.045654565456545525,1.0,0.3726784977300858,0.361887026691496,0.4823996712779077,0.2507383802269548,-0.01657657657657655,0.6615416580095574,Bumps
0.7018561484918794,0.6947368421052632,1.7147598714433798,1.7147856481124775,-0.17088607594936708,-0.5833333333333334,0.5789473684210527,-0.3964454636663322,-1.9615384615384615,-2.909090909090909,0.039755351681957186,-0.4,-0.7247909256945111,0.16352497643732328,-1.0002328830926877,-0.5844155844155844,0.550986292209963,0.045654565456545525,1.0,-0.21234007428807256,-1.0418994413407816,0.7075743048897413,1.030157002953521,-2.1109909909909907,-0.10907957614793265,Other_Faults
-0.2482598607888631,-0.25380116959064325,-0.15939358973482437,-0.1593993250743073,0.23417721518987342,-0.20833333333333334,-0.15789473684210525,0.12452343414074818,-0.9615384615384616,-0.2727272727272727,0.7889908256880734,0.6,0.5531096799000287,-0.8034872761545708,0.6914299021891013,-0.025974025974026038,0.6108324974924773,0.045654565456545525,1.0,0.22761040033016836,0.09993792675356922,-0.07670182166826471,-0.09902067464635472,-0.6349549549549548,0.0,Bumps
0.27610208816705334,0.26666666666666666,-0.5235016584982058,-0.523506826174158,-0.2848101265822785,-0.20833333333333334,0.47368421052631576,-0.013874157947541923,2.5384615384615383,4.909090909090909,-0.06422018348623854,2.6,0.21935980005767558,0.6639962299717245,-0.8299953423381462,-0.4675324675324676,-0.8518890003343363,-0.36193619361936247,1.0,-0.38815517952950906,-0.8342644320297948,0.5308861799753459,0.9165241722369035,3.3246846846846845,-0.10617078745065442,Other_Faults
-0.10440835266821345,-0.11461988304093568,1.2255952002162596,1.2256046811958277,-0.37341772151898733,-0.375,-0.42105263157894735,-0.3815393435574029,0.0,0.45454545454545453,0.9418960244648318,0.0,0.7978467749687589,-0.7139491046182843,0.6138798323241734,-0.44155844155844154,0.1929120695419591,0.045654565456545525,1.0,-0.5536524969046639,-0.49565487274984427,-0.5591014929461718,-0.0472563345251049,0.04396396396396402,-0.32308331601911483,Bumps
0.9408352668213457,0.9450292397660819,-0.45781913402569346,-0.45782292943416003,0.25316455696202533,0.625,0.5789473684210527,0.243199082700301,0.15384615384615385,-0.2727272727272727,0.9724770642201835,4.6,-0.5225415745458041,0.7243166823751176,-0.227992547741034,-0.06493506493506498,-1.0143764627214977,-0.5236523652365241,1.0,0.2437061494015675,0.09993792675356922,0.5777290782084651,0.5146898803046791,-0.0418018018018018,0.5206731768127987,Other_Faults
-0.8619489559164734,-0.8783625730994152,0.5474953179704211,0.5474981651624636,-0.21518987341772153,-0.3333333333333333,-0.21052631578947367,-0.31451913429840905,-0.6538461538461539,-1.6363636363636365,0.9663608562691132,-0.2,-0.6951840815149475,-0.6163996229971722,0.015137401024685752,-0.45454545454545453,0.0,0.045654565456545525,1.0,-0.2767230705736691,-0.49565487274984427,-0.15888234488426262,0.35240167884346335,-0.9427027027027024,-0.23893621441928106,Bumps
0.26450116009280744,0.2549707602339181,-0.5167961401458595,-0.5168091103661023,-0.5253164556962026,-0.5416666666666666,-0.42105263157894735,-0.5662605704457503,-0.07692307692307693,-0.8181818181818182,-0.04892966360856269,1.2,0.25819475151398624,-0.1305372290292177,0.1481136469492315,-0.4675324675324676,0.6108324974924773,0.045654565456545525,1.0,-0.9368551382583575,-0.8342644320297948,-0.5591014929461718,0.2636406031400591,-0.6039639639639638,-0.36484521088718047,Other_Faults
0.21577726218097448,0.22339181286549709,0.6384684280529436,0.6384666622313255,-0.4810126582278481,0.041666666666666664,-0.5263157894736842,-0.4772251684104916,-0.5769230769230769,2.909090909090909,0.9724770642201835,0.0,0.8795539748149571,-0.813854853911404,-1.1644154634373547,0.5454545454545452,1.0287529254429955,-3.392189218921893,0.0,-0.8072637226578624,0.7091868404717571,-1.9915080126010138,-1.5451577801958651,0.3106306306306307,-0.3727404944940784,Other_Faults
-0.7470997679814385,-0.7625730994152047,-0.45221963175922825,-0.45221809571869487,0.10759493670886076,-0.125,1.105263157894737,0.3513257847212269,1.4230769230769231,2.1818181818181817,-0.06422018348623854,0.6,-0.4002691531289051,0.7902921771913288,-0.8998602701443875,-0.28571428571428575,-0.6429287863590772,-0.37733773377337737,1.0,0.11184482047049069,-0.49565487274984427,0.9647993425558148,0.9631587128866782,1.6828828828828828,0.3849989611468938,Other_Faults
-0.5440835266821346,-0.552046783625731,-0.48426569840734734,-0.4842771976041795,0.0189873417721519,-0.20833333333333334,-0.2631578947368421,-0.4190912999856672,-2.3846153846153846,-4.454545454545454,-0.06116207951070336,4.6,0.09651062193597992,-0.7756833176248819,0.5139729855612484,0.19480519480519473,0.6108324974924773,-0.37733773377337737,0.0,0.020841931489888558,0.09993792675356922,-0.3421449116559377,-0.4248406653194466,-3.2396396396396394,-0.12632453771036767,Other_Faults
0.7819025522041764,0.7789473684210526,-0.29268246504321244,-0.29269307342584616,-0.4177215189873418,-0.375,-0.47368421052631576,-0.4498781711337251,-0.15384615384615385,-0.2727272727272727,0.7706422018348624,0.0,-0.3335576276074209,-0.7078228086710647,0.8467629250116443,-0.4285714285714286,0.1929120695419591,0.045654565456545525,0.5,-0.6496079240610815,-0.49565487274984427,-0.6845637583892618,-0.20270480335768692,-0.32216216216216204,-0.3421982131726573,Bumps
-0.5464037122969838,-0.5543859649122806,0.3588656682193667,0.35887397381237823,0.6075949367088608,0.5416666666666666,0.631578947368421,0.6779991400315322,0.5,0.0,0.9663608562691132,0.0,-0.07632413726809575,0.2992459943449575,-0.35770843036795524,-0.06493506493506498,-0.9378134403209629,-0.13751375137513766,1.0,0.5016508460586042,0.09993792675356922,0.7075743048897413,0.6012746774444272,0.29981981981981987,0.6553085393725326,Other_Faults
0.4385150812064965,0.4327485380116959,-0.23864440189142952,-0.23863590643603944,0.620253164556962,0.08333333333333333,1.368421052631579,0.5965314605131146,-0.07692307692307693,-0.09090909090909091,-0.04892966360856269,0.6,-0.17225800249927903,0.2097078228086712,-1.0058220773171869,-0.28571428571428575,-1.006352390504848,0.045654565456545525,1.0,0.5094923648369781,-0.49565487274984427,1.2036707300369818,1.0337323177366704,-0.11243243243243224,0.6243507168086432,Bumps
-0.8897911832946636,-0.9005847953216374,-0.04063701898424282,-0.04058757927405386,5.19620253164557,0.9166666666666666,5.2631578947368425,3.5506378099469686,-1.3846153846153846,-1.9090909090909092,0.9571865443425076,0.2,-0.7497837162357011,0.1687087653157398,-1.203306939916162,-0.06493506493506498,-1.22601136743564,-0.0011001100110009793,1.0,1.7955014444903006,0.09993792675356922,2.3670730036981245,1.1657080677755325,-1.7693693693693693,1.3484313318096819,Other_Faults
0.3491879350348028,0.3497076023391813,0.257763806925249,0.25776397270529605,-0.17088607594936708,0.25,-0.05263157894736842,-0.03227748315895084,1.2692307692307692,2.0,-0.024464831804281346,0.0,0.04690954532346433,0.9161168708765317,0.701210992081975,0.28571428571428553,-0.4570377800066868,-0.2777777777777778,1.0,-0.21234007428807256,0.19304779639975178,0.0,-0.10554951033732317,1.4306306306306307,0.09723665073758571,Other_Faults
0.4396751740139211,0.4421052631578947,-0.2458295620270966,-0.24584061855653838,-0.34177215189873417,-0.08333333333333333,-0.3157894736842105,-0.45566862548373227,-0.6153846153846154,-2.1818181818181817,-0.04892966360856269,4.6,-0.19475151398635004,-0.214420358152686,-0.46320447135537957,0.38961038961038946,0.5008358408559007,-2.246424642464247,0.0,-0.49112670243499823,0.2799503414028555,-0.9834269278181074,-1.0771024405409606,-1.3686486486486487,-0.2730105963016829,Other_Faults
-0.7076566125290024,-0.7076023391812866,-0.34372013743420043,-0.3437298256621653,0.0759493670886076,0.9166666666666666,-0.2631578947368421,0.1988820409918303,0.8846153846153846,1.2727272727272727,-0.04281345565749235,0.6,-0.30587330577717964,0.4000942507068803,-0.21192361434559848,0.9610389610389607,-0.604145770645269,-0.37733773377337737,0.0,0.08027238959966967,0.7091868404717571,-0.3421449116559377,-0.9092180942017721,0.8987387387387387,0.17805942239767295,Bumps
0.39211136890951276,0.4046783625730994,0.6267540189721466,0.6267526281368754,-0.44936708860759494,0.16666666666666666,-0.5263157894736842,-0.4880034398738713,-0.11538461538461539,-0.9090909090909091,-0.03058103975535168,0.2,-0.09016629818321635,0.21300659754948165,-1.1094550535631114,1.2337662337662336,1.0287529254429955,-2.7046204620462055,0.0,-0.7249277754849361,0.8814400993171942,-1.6490891658676898,-1.5084719415513757,-0.4547747747747747,-0.30085185954705995,Other_Faults
0.29698375870069604,0.3111111111111111,-0.05212317747955606,-0.05212595282041681,0.5126582278481012,1.7083333333333333,1.0,0.8119822273183317,1.0,2.1818181818181817,-0.012232415902140673,-0.02,0.14841872536768236,0.8727615457115925,0.07056357708430368,1.415584415584415,-0.8585757271815446,-2.77887788778878,0.0,0.4393314073462646,0.985412787088765,0.14025475962197,-0.7208145499766827,1.4032432432432431,0.8767920216081446,Other_Faults
-0.24477958236658934,-0.2573099415204678,0.05137899642319762,0.051375976947445674,-0.12658227848101267,-0.375,-0.15789473684210525,-0.16843915723090153,-0.3076923076923077,-0.09090909090909091,0.7706422018348624,1.0,0.5650293184658269,-1.3421300659754942,-0.24010246856078243,-0.5064935064935066,-0.08559010364426635,0.045654565456545525,1.0,-0.15229054890631508,-0.6542520173805085,-0.07670182166826471,0.5227732006839734,-0.30918918918918914,-0.25368792852690625,Other_Faults
-0.339907192575406,-0.3485380116959064,0.15939884896490464,0.15939564356581445,-0.34810126582278483,-0.2916666666666667,-0.3157894736842105,-0.412096889780708,-0.34615384615384615,-0.8181818181818182,0.8501529051987767,0.0,0.35335960780544057,0.5103675777568331,0.8467629250116443,-0.19480519480519484,0.550986292209963,0.045654565456545525,0.5,-0.5033016921172104,-0.1076970825574176,-0.3421449116559377,-0.20270480335768692,-0.7149549549549548,-0.19239559526282984,Other_Faults
0.01740139211136891,0.023391812865497075,-0.13152598138548105,-0.131521364977126,2.8354430379746836,0.5416666666666666,0.8421052631578947,2.6895800487315467,-0.4230769230769231,0.5454545454545454,-0.03669724770642202,-0.6,0.8255310967990002,-0.7299717247879356,0.024918490917559488,0.9480519480519478,-0.15112002674690744,0.045654565456545525,1.0,1.3479158068510106,0.7091868404717571,0.8968634433639234,0.34587284315249495,-0.3034234234234234,1.2474548098898814,Other_Faults
0.9640371229698376,0.9660818713450292,0.27377342921260384,0.273772749421543,-0.0189873417721519,-0.2916666666666667,-0.21052631578947367,-0.13656299269026803,-0.8461538461538461,-0.18181818181818182,0.9602446483180428,0.0,-0.5721426511583196,-0.606974552309142,0.5139729855612484,-0.22077922077922077,0.550986292209963,0.045654565456545525,1.0,-0.02125464300453977,-0.1076970825574176,-0.15888234488426262,0.01943105860407277,-0.8735135135135133,-0.12632453771036767,Bumps
0.4466357308584687,0.447953216374269,2.9043556417601804,2.9043888577567674,0.03164556962025317,-0.08333333333333333,-0.21052631578947367,0.06277769815106779,0.46153846153846156,0.0,-0.03669724770642202,-0.6,-0.19936556762472363,-0.0852968897266727,0.6914299021891013,0.28571428571428553,0.32497492477432277,0.045654565456545525,0.0,0.03446141147337951,0.19304779639975178,-0.15888234488426262,-0.3063889320690191,0.27243243243243254,0.0,Bumps
0.6380510440835266,0.631578947368421,0.5875075404211276,0.5875119550414183,-0.31645569620253167,-0.375,-0.10526315789473684,-0.28940805503798195,0.5769230769230769,0.45454545454545453,-0.0672782874617737,-0.6,-0.6701912909737575,-0.3826578699340244,-0.46320447135537957,-0.4675324675324676,-0.3644266131728518,0.045654565456545525,1.0,-0.4438712340074293,-0.8342644320297948,0.0,0.6716928338255869,0.472072072072072,-0.2730105963016829,Bumps
-0.08816705336426914,-0.08304093567251462,0.20884192279555427,0.20883988041408555,0.0949367088607595,0.75,0.3157894736842105,0.032736133008456354,-0.07692307692307693,-0.7272727272727273,-0.024464831804281346,0.2,1.0883399019513598,0.5428840716305372,-0.10596180717279924,0.9480519480519478,-0.4286191909060514,-2.475247524752476,0.0,0.0992571192736273,0.7091868404717571,-0.24708943980276699,-0.8386444893517798,-0.3935135135135133,0.2534801579056721,Bumps
-0.8781902552204176,-0.8970760233918129,-0.13979980214776438,-0.13980791466473685,-0.4873417721518987,-0.4583333333333333,-0.42105263157894735,-0.5324924752759066,-0.07692307692307693,-1.0,-0.03058103975535168,2.3,-0.7215226377006632,-0.5344015080113099,0.1481136469492315,-0.48051948051948046,0.025743898361751682,0.045654565456545525,1.0,-0.8245976062732151,-0.8342644320297948,-0.5591014929461718,0.2636406031400591,-0.624144144144144,-0.36484521088718047,Bumps
-0.00580046403712297,-0.011695906432748537,0.24737524974768843,0.2473752816682703,0.13291139240506328,-0.20833333333333334,-0.10526315789473684,0.1025082413644833,0.0,-0.18181818181818182,0.8623853211009175,0.2,1.0195136018456212,-0.7577756833176246,0.26455519329296706,-0.20779220779220786,0.1929120695419591,0.045654565456545525,1.0,0.136194799834915,-0.1076970825574176,0.0,0.1859163687237681,-0.17153153153153142,-0.05568252649075418,Other_Faults
-0.8375870069605569,-0.8444444444444444,-0.38135729158065634,-0.38136956849301923,-0.4177215189873418,0.125,-0.21052631578947367,-0.3848645549663179,0.8461538461538461,0.6363636363636364,-0.04281345565749235,2.6,-0.6225127367105642,0.7507068803016023,-0.3861201676758267,0.48051948051948046,0.053493814777666376,-2.3118811881188126,0.0,-0.6496079240610815,0.361887026691496,-0.8245445829338448,-1.025648997357376,0.7077477477477477,-0.2133804280074797,Other_Faults
-0.7587006960556845,-0.7380116959064328,-0.38831157151579954,-0.3882355818321763,13.626582278481013,14.333333333333334,13.157894736842104,15.642482442310449,0.6923076923076923,1.4545454545454546,0.06116207951070336,3.0,-0.4381428434105546,1.3722902921771913,-0.9527247321844434,2.5844155844155843,-1.9481778669341354,-1.8426842684268434,1.0,2.5813041683862967,1.5152079453755436,2.852759895904671,0.9984455153116744,0.7913513513513514,1.3486391024309161,Other_Faults
0.44895591647331784,0.4456140350877193,-0.5395717619314838,-0.5395866034113384,-0.5443037974683544,-0.375,-0.42105263157894735,-0.3478859108499355,3.6538461538461537,7.2727272727272725,-0.06422018348623854,2.6,-0.21551475535903106,0.3284637134778512,0.0,-0.09090909090909102,0.75025075225677,-1.6045104510451051,0.0,-0.9985555096987208,-0.22501551831160702,-0.9834269278181074,-0.7679154360329551,4.908828828828828,-0.3505090380220236,Other_Faults
-0.7053364269141531,-0.7157894736842105,-0.5479912633669907,-0.5480009540366294,-0.012658227848101266,0.0,0.5789473684210527,0.49270460083130285,3.0,6.2727272727272725,-0.06422018348623854,0.6,-0.2979909641449582,0.2125353440150802,0.2987890079180254,0.10389610389610371,-0.24473420260782358,-2.2304730473047307,1.0,-0.014032191498143082,0.0,0.07231886043007804,0.16306544380537855,3.988468468468468,0.03511323498857267,Other_Faults
0.2273781902552204,0.2222222222222222,-0.20589675395060217,-0.20589309583045495,0.4620253164556962,0.7083333333333334,0.8947368421052632,0.6746739286226172,1.0769230769230769,1.2727272727272727,-0.0061162079510703364,-0.6,0.36566375084110353,0.3666352497643733,-0.7286911970190963,-0.10389610389610393,-1.3467067870277498,-0.1116611661166116,1.0,0.4044572843582329,-0.22501551831160702,0.8968634433639234,0.8489040882947304,1.0385585585585586,0.5535009349677954,Other_Faults
0.33642691415313225,0.3508771929824561,1.2227141939782868,1.222727845273561,0.25316455696202533,0.9583333333333334,0.42105263157894735,0.13793894223878458,-0.34615384615384615,-0.18181818181818182,-0.03058103975535168,0.2,0.03960396039603961,1.2700282752120637,0.07056357708430368,1.4285714285714286,-0.2631227014376462,-1.6468646864686471,0.0,0.2437061494015675,0.985412787088765,0.14025475962197,-0.7208145499766827,-0.657297297297297,0.8767920216081446,Bumps
-0.20185614849187936,-0.21169590643274855,1.228333681319057,1.2283458272336436,-0.17088607594936708,-0.25,-0.15789473684210525,-0.1718790311021929,0.15384615384615385,-0.18181818181818182,0.0061162079510703364,-0.6,0.9072382966451983,-0.273798303487276,0.07056357708430368,-0.19480519480519484,-0.08559010364426635,0.045654565456545525,1.0,-0.21234007428807256,-0.35350713842333914,-0.07670182166826471,0.31540494326130886,0.07279279279279287,-0.17639725742779963,Bumps
-0.27494199535962877,-0.28771929824561404,-0.2844002295128007,-0.28440284222974244,0.25949367088607594,-0.5,0.3157894736842105,0.20857101906263437,-0.3076923076923077,0.0,0.9571865443425076,0.2,0.4581370758435065,-1.2488218661639956,-0.7058686539357243,-0.5324675324675324,0.657305249080575,0.045654565456545525,1.0,0.24907139909203418,-0.6542520173805085,0.4823996712779077,0.8336701383491373,-0.2803603603603603,-0.05568252649075418,Other_Faults
-0.8654292343387471,-0.8643274853801169,1.059616528497927,1.0596338634617908,0.9430379746835443,1.2916666666666667,1.263157894736842,1.0919879604414504,0.6923076923076923,0.09090909090909091,-0.03669724770642202,-0.6,-0.690570027876574,1.0235626767200752,0.4452724732184445,1.1428571428571428,-0.7716482781678368,-1.6567656765676573,1.0,0.6919108543128345,0.8265052762259472,0.7075743048897413,0.06528835690968446,0.5052252252252253,1.2081861624766257,Other_Faults
-0.882830626450116,-0.8970760233918129,-0.34004603930012267,-0.34004936902888905,0.10759493670886076,-0.3333333333333333,0.3157894736842105,0.1714203812526874,0.6153846153846154,0.7272727272727273,0.9571865443425076,2.6,-0.7361338075555127,0.3110273327049952,-0.41476478807638567,-0.29870129870129875,0.5142092945503174,0.045654565456545525,1.0,0.11184482047049069,-0.22501551831160702,0.4823996712779077,0.6393595523084098,0.4641441441441442,0.17805942239767295,Other_Faults
0.16473317865429235,0.1567251461988304,-0.37274267270917144,-0.3727485274623441,-0.04430379746835443,-0.375,0.10526315789473684,-0.02190053031388849,0.07692307692307693,0.6363636363636364,-0.05504587155963303,-0.6,0.4921657214265115,-0.2686145146088595,-0.43409408476944567,-0.28571428571428575,0.1929120695419591,0.045654565456545525,1.0,-0.05035080478745351,-0.49565487274984427,0.26544308998767296,0.6522617752215142,0.2371171171171172,-0.09162684396426339,Bumps
0.2877030162412993,0.29239766081871343,1.542694692753149,1.5427056299994557,-0.4620253164556962,0.041666666666666664,-0.3684210526315789,-0.39420954564999283,1.4230769230769231,1.4545454545454546,0.0,-0.6,0.20167259444391036,0.17106503298774736,-0.8691197019096414,0.6493506493506491,0.5727181544633901,-2.9548954895489556,0.0,-0.7569129178704088,0.511483550589696,-1.3836460758800169,-1.348049121716151,1.4327927927927928,-0.31207147309370453,Other_Faults
0.3433874709976798,0.33567251461988307,0.2866348763739081,0.28663488823597627,-0.24050632911392406,-0.375,-0.15789473684210525,-0.25185609860971764,-0.07692307692307693,0.7272727272727273,0.9724770642201835,-0.2,0.6613476881668747,-0.6352497643732326,-0.24010246856078243,-0.5324675324675324,-0.08559010364426635,0.045654565456545525,1.0,-0.3157243087082134,-0.6542520173805085,-0.07670182166826471,0.5227732006839734,-0.0209009009009008,-0.25368792852690625,Bumps
0.7807424593967517,0.7789473684210526,-0.43590760374225773,-0.43591164274431216,0.06329113924050633,-0.16666666666666666,0.3684210526315789,0.12148487888777411,0.23076923076923078,0.5454545454545454,0.7920489296636085,3.6,-0.31894645775257136,0.29783223374175316,-0.5505356311131812,-0.3506493506493506,-0.3480441323971918,0.045654565456545525,1.0,0.06747833264548023,-0.35350713842333914,0.5308861799753459,0.7299860096378051,0.4518918918918919,0.13068772075628507,Other_Faults
0.9501160092807425,0.952046783625731,-0.43884646151111356,-0.4388547458194499,-0.03164556962025317,-0.08333333333333333,-0.05263157894736842,-0.21688404758492189,-0.6923076923076923,-2.1818181818181817,0.9724770642201835,4.6,-0.5361914832259924,0.05796418473138563,0.1618537494177923,-0.22077922077922077,-0.20294215981277156,0.045654565456545525,1.0,-0.03569954601733406,-0.1076970825574176,0.07231886043007804,0.25446914347893673,-1.426306306306306,-0.01869935591107419,Other_Faults
-0.7737819025522041,-0.791812865497076,-0.4945611672124871,-0.4945749027884534,-0.5632911392405063,-0.4166666666666667,-0.5263157894736842,-0.42597104772824995,2.9615384615384617,5.636363636363637,-0.06422018348623854,2.6,-0.4656349130058636,-0.3826578699340244,0.5556590591523057,-0.4675324675324676,-0.18689401537947192,0.045654565456545525,1.0,-1.0650020635575734,-0.8342644320297948,-0.8245445829338448,-0.008394217316959409,3.8046846846846845,-0.39206316226885507,Other_Faults
0.580046403712297,0.5777777777777777,0.15351745196613686,0.1535131189240318,-0.3670886075949367,-0.375,-0.42105263157894735,-0.37488892073957286,-0.15384615384615385,0.36363636363636365,0.764525993883792,0.0,0.06940305681053534,-0.09990574929311966,0.6350721937587334,-0.2597402597402598,0.75025075225677,0.045654565456545525,0.0,-0.5408584399504749,-0.22501551831160702,-0.5591014929461718,-0.34400746152650397,0.04684684684684688,-0.2775815499688344,Bumps
-0.29582366589327147,-0.30409356725146197,0.1115551070016656,0.11155075919279245,-0.34177215189873417,-0.25,-0.3684210526315789,-0.3518417658019206,-0.07692307692307693,0.45454545454545453,-0.03058103975535168,0.0,0.6934538114005574,0.2573044297832235,0.652771308802981,0.0,0.36008024072216654,0.045654565456545525,0.0,-0.49112670243499823,-0.1076970825574176,-0.4456923709080945,-0.33219337789522774,0.009369369369369437,-0.22376895906918756,Other_Faults
-0.4582366589327146,-0.47134502923976607,0.04341599615865835,0.0434091925689277,-0.569620253164557,-0.4166666666666667,-0.5263157894736842,-0.5804787157804214,0.038461538461538464,-0.18181818181818182,0.9663608562691132,-0.2,0.09651062193597992,0.41187558906691807,0.5880298090358642,-0.45454545454545453,0.42092945503176193,0.045654565456545525,0.0,-1.0883202641353693,-0.49565487274984427,-0.8245445829338448,-0.3754080522306855,0.07783783783783796,-0.3606897984624973,Bumps
0.16705336426914152,0.15906432748538013,-0.3703260564872866,-0.37033713939953017,-0.46835443037974683,-0.375,-0.3684210526315789,-0.5542783431274186,-0.6153846153846154,-2.272727272727273,-0.04892966360856269,4.6,0.4904354513121214,0.07163053722902941,0.6138798323241734,-0.28571428571428575,0.1929120695419591,-0.4543454345434545,1.0,-0.7734213784564592,-0.49565487274984427,-0.5591014929461718,-0.0472563345251049,-1.3354954954954952,-0.32308331601911483,Other_Faults
